episode,season,measure,region,tier,beta
s01e02a,1,rms,rTPJ,some,-0.17160690899462253
s01e02a,1,rms,rTPJ,full,-0.13499318526034104
s01e02a,1,rms,visual_cortex,some,0.2549343206891481
s01e02a,1,rms,visual_cortex,full,-0.01419326134015772
s01e02a,1,rms,auditory_cortex,some,-0.08009496938830506
s01e02a,1,rms,auditory_cortex,full,0.275035938879945
s01e02a,1,rms,dorsal_str,some,-0.18404332518082703
s01e02a,1,rms,dorsal_str,full,0.18280658695480265
s01e02a,1,rms,ventral_str,some,-0.11804203698163587
s01e02a,1,rms,ventral_str,full,-0.009625600168014847
s01e02a,1,prob,rTPJ,some,-0.286283036210692
s01e02a,1,prob,rTPJ,full,0.0703746990359726
s01e02a,1,prob,visual_cortex,some,0.017367672856419554
s01e02a,1,prob,visual_cortex,full,0.28351351888324006
s01e02a,1,prob,auditory_cortex,some,0.18958678970526074
s01e02a,1,prob,auditory_cortex,full,-0.04454178937114525
s01e02a,1,prob,dorsal_str,some,-0.1785565961135848
s01e02a,1,prob,dorsal_str,full,0.3094680050913866
s01e02a,1,prob,ventral_str,some,-0.18101426818259267
s01e02a,1,prob,ventral_str,full,0.1358483419170493
s01e02a,1,humor,rTPJ,some,-0.5186177438629462
s01e02a,1,humor,rTPJ,full,0.03450974504613605
s01e02a,1,humor,visual_cortex,some,-0.30722959822816376
s01e02a,1,humor,visual_cortex,full,0.33420323417176745
s01e02a,1,humor,auditory_cortex,some,-0.28897733244872015
s01e02a,1,humor,auditory_cortex,full,0.3022246252539417
s01e02a,1,humor,dorsal_str,some,-0.15904054142085142
s01e02a,1,humor,dorsal_str,full,0.08757231469255372
s01e02a,1,humor,ventral_str,some,0.03073829377166408
s01e02a,1,humor,ventral_str,full,-0.11018733398274673
s01e02b,1,rms,rTPJ,some,-0.18522283593361377
s01e02b,1,rms,rTPJ,full,-0.3643072280662235
s01e02b,1,rms,visual_cortex,some,0.12588725093947875
s01e02b,1,rms,visual_cortex,full,0.3087531671327962
s01e02b,1,rms,auditory_cortex,some,-0.1622624695646388
s01e02b,1,rms,auditory_cortex,full,0.36134491239315436
s01e02b,1,rms,dorsal_str,some,-0.012004938248099721
s01e02b,1,rms,dorsal_str,full,0.17439279842085462
s01e02b,1,rms,ventral_str,some,0.07450370400067494
s01e02b,1,rms,ventral_str,full,-0.058628496119309745
s01e02b,1,prob,rTPJ,some,-0.5491401387052197
s01e02b,1,prob,rTPJ,full,-0.07387789960198829
s01e02b,1,prob,visual_cortex,some,0.2866108400411162
s01e02b,1,prob,visual_cortex,full,0.1479973921548563
s01e02b,1,prob,auditory_cortex,some,0.06856259072379706
s01e02b,1,prob,auditory_cortex,full,0.048768708374220156
s01e02b,1,prob,dorsal_str,some,-0.1271532069074061
s01e02b,1,prob,dorsal_str,full,0.19019371585968559
s01e02b,1,prob,ventral_str,some,0.01172394558229066
s01e02b,1,prob,ventral_str,full,0.023481151419797335
s01e02b,1,humor,rTPJ,some,-0.2501871228531295
s01e02b,1,humor,rTPJ,full,-0.2829991457639857
s01e02b,1,humor,visual_cortex,some,0.367764058975781
s01e02b,1,humor,visual_cortex,full,-0.18261903481107727
s01e02b,1,humor,auditory_cortex,some,0.1917118346508523
s01e02b,1,humor,auditory_cortex,full,-0.25795814660198163
s01e02b,1,humor,dorsal_str,some,0.15118652350313022
s01e02b,1,humor,dorsal_str,full,-0.1325627715629554
s01e02b,1,humor,ventral_str,some,0.08804114126771823
s01e02b,1,humor,ventral_str,full,-0.14201927510367046
s01e03a,1,rms,rTPJ,some,-0.141135055305662
s01e03a,1,rms,rTPJ,full,-0.8827573286124877
s01e03a,1,rms,visual_cortex,some,-0.06822237101039932
s01e03a,1,rms,visual_cortex,full,-1.5209190834732853
s01e03a,1,rms,auditory_cortex,some,-0.17980105541805502
s01e03a,1,rms,auditory_cortex,full,-0.845339845383946
s01e03a,1,rms,dorsal_str,some,0.06479971119129489
s01e03a,1,rms,dorsal_str,full,-0.4138860642040281
s01e03a,1,rms,ventral_str,some,-0.03125729355739399
s01e03a,1,rms,ventral_str,full,0.21247897952579234
s01e03a,1,prob,rTPJ,some,-0.13476293687799362
s01e03a,1,prob,rTPJ,full,-0.2778035790845859
s01e03a,1,prob,visual_cortex,some,-0.2514339290857327
s01e03a,1,prob,visual_cortex,full,-0.15037472752891742
s01e03a,1,prob,auditory_cortex,some,-0.9047159267024703
s01e03a,1,prob,auditory_cortex,full,0.39033342255270187
s01e03a,1,prob,dorsal_str,some,-0.2348651517007548
s01e03a,1,prob,dorsal_str,full,0.2646262536603693
s01e03a,1,prob,ventral_str,some,-0.19825686499325287
s01e03a,1,prob,ventral_str,full,0.1700214783485195
s01e03a,1,humor,rTPJ,some,-0.08903126656063669
s01e03a,1,humor,rTPJ,full,-0.2851513045160877
s01e03a,1,humor,visual_cortex,some,-0.3502749822808509
s01e03a,1,humor,visual_cortex,full,-0.10220829660425877
s01e03a,1,humor,auditory_cortex,some,-0.3355112561790157
s01e03a,1,humor,auditory_cortex,full,-0.17826007471965744
s01e03a,1,humor,dorsal_str,some,0.0543565978722055
s01e03a,1,humor,dorsal_str,full,0.0003124013591873833
s01e03a,1,humor,ventral_str,some,-0.07947040134285183
s01e03a,1,humor,ventral_str,full,0.03615570640694039
s01e03b,1,rms,rTPJ,some,-0.41981581017899994
s01e03b,1,rms,rTPJ,full,0.25150264344700796
s01e03b,1,rms,visual_cortex,some,-0.4896424643362133
s01e03b,1,rms,visual_cortex,full,0.34927790954420795
s01e03b,1,rms,auditory_cortex,some,0.0766373251331336
s01e03b,1,rms,auditory_cortex,full,0.11602257442724301
s01e03b,1,rms,dorsal_str,some,-0.26259547574145636
s01e03b,1,rms,dorsal_str,full,-0.19461568277189442
s01e03b,1,rms,ventral_str,some,-0.17539632771149333
s01e03b,1,rms,ventral_str,full,-0.05549059268915997
s01e03b,1,prob,rTPJ,some,0.05078471571147663
s01e03b,1,prob,rTPJ,full,-0.3579838567395003
s01e03b,1,prob,visual_cortex,some,-0.2015941993192877
s01e03b,1,prob,visual_cortex,full,-0.17797489085080012
s01e03b,1,prob,auditory_cortex,some,0.4194526037951729
s01e03b,1,prob,auditory_cortex,full,-0.16597934445385365
s01e03b,1,prob,dorsal_str,some,-0.060637987821101455
s01e03b,1,prob,dorsal_str,full,-0.37687836305331857
s01e03b,1,prob,ventral_str,some,-0.11551267183377778
s01e03b,1,prob,ventral_str,full,-0.14546927417553446
s01e03b,1,humor,rTPJ,some,-0.13466553764795602
s01e03b,1,humor,rTPJ,full,-0.2537122204657203
s01e03b,1,humor,visual_cortex,some,-0.333444268558525
s01e03b,1,humor,visual_cortex,full,0.05882759842364728
s01e03b,1,humor,auditory_cortex,some,0.11311537910786615
s01e03b,1,humor,auditory_cortex,full,0.052745034661753586
s01e03b,1,humor,dorsal_str,some,-0.11760816892380553
s01e03b,1,humor,dorsal_str,full,-0.44354526352211515
s01e03b,1,humor,ventral_str,some,-0.046148706461963576
s01e03b,1,humor,ventral_str,full,-0.27912173465975937
s01e04a,1,rms,rTPJ,some,-0.545256834780492
s01e04a,1,rms,rTPJ,full,0.16673675460525397
s01e04a,1,rms,visual_cortex,some,0.37299251255813015
s01e04a,1,rms,visual_cortex,full,-0.7114822008032489
s01e04a,1,rms,auditory_cortex,some,0.39846911906574295
s01e04a,1,rms,auditory_cortex,full,-0.048205612797929245
s01e04a,1,rms,dorsal_str,some,-0.13346568807747058
s01e04a,1,rms,dorsal_str,full,0.030447396042021915
s01e04a,1,rms,ventral_str,some,-0.2572831169702837
s01e04a,1,rms,ventral_str,full,0.031855562909650983
s01e04a,1,prob,rTPJ,some,0.18036201550001346
s01e04a,1,prob,rTPJ,full,-0.6158539817576967
s01e04a,1,prob,visual_cortex,some,0.18880499436133275
s01e04a,1,prob,visual_cortex,full,-0.3364344165090962
s01e04a,1,prob,auditory_cortex,some,0.10982599385925063
s01e04a,1,prob,auditory_cortex,full,0.295003808321469
s01e04a,1,prob,dorsal_str,some,0.058573305063699774
s01e04a,1,prob,dorsal_str,full,-0.1718835673481881
s01e04a,1,prob,ventral_str,some,0.04917850630893553
s01e04a,1,prob,ventral_str,full,-0.2964098723419556
s01e04a,1,humor,rTPJ,some,-0.37708828269608763
s01e04a,1,humor,rTPJ,full,-0.1554826304349065
s01e04a,1,humor,visual_cortex,some,-0.40795464466458864
s01e04a,1,humor,visual_cortex,full,0.11279493855115455
s01e04a,1,humor,auditory_cortex,some,0.31655726910225584
s01e04a,1,humor,auditory_cortex,full,0.1389508189274215
s01e04a,1,humor,dorsal_str,some,0.13202139319221337
s01e04a,1,humor,dorsal_str,full,-0.18783655338244415
s01e04a,1,humor,ventral_str,some,0.010267570930545505
s01e04a,1,humor,ventral_str,full,-0.22561651772003571
s01e04b,1,rms,rTPJ,some,0.0274910140804019
s01e04b,1,rms,rTPJ,full,-0.05236853154967863
s01e04b,1,rms,visual_cortex,some,-0.603832801714941
s01e04b,1,rms,visual_cortex,full,0.34201100734800277
s01e04b,1,rms,auditory_cortex,some,-0.04139850377011969
s01e04b,1,rms,auditory_cortex,full,0.5072737977579155
s01e04b,1,rms,dorsal_str,some,0.03874069643327886
s01e04b,1,rms,dorsal_str,full,0.10906821993281143
s01e04b,1,rms,ventral_str,some,0.07327222370390196
s01e04b,1,rms,ventral_str,full,-0.02046921165608526
s01e04b,1,prob,rTPJ,some,0.051839154374051066
s01e04b,1,prob,rTPJ,full,-0.06898099671624289
s01e04b,1,prob,visual_cortex,some,-0.08166777398012684
s01e04b,1,prob,visual_cortex,full,-0.22828453592670844
s01e04b,1,prob,auditory_cortex,some,-0.02269848960163695
s01e04b,1,prob,auditory_cortex,full,0.4454050220797631
s01e04b,1,prob,dorsal_str,some,0.08350599260178546
s01e04b,1,prob,dorsal_str,full,0.06104293081455822
s01e04b,1,prob,ventral_str,some,-0.15490240606238995
s01e04b,1,prob,ventral_str,full,0.2030095638979648
s01e04b,1,humor,rTPJ,some,-0.35759193057786387
s01e04b,1,humor,rTPJ,full,0.15461142405306016
s01e04b,1,humor,visual_cortex,some,-0.562803572092486
s01e04b,1,humor,visual_cortex,full,0.035590156249187245
s01e04b,1,humor,auditory_cortex,some,-0.16388328799103413
s01e04b,1,humor,auditory_cortex,full,0.3989467816596056
s01e04b,1,humor,dorsal_str,some,-0.10893519122043659
s01e04b,1,humor,dorsal_str,full,0.15781617867452594
s01e04b,1,humor,ventral_str,some,0.024534832809401743
s01e04b,1,humor,ventral_str,full,0.031099717870048477
s01e05a,1,rms,rTPJ,some,0.21406857834863086
s01e05a,1,rms,rTPJ,full,-0.2650085480155681
s01e05a,1,rms,visual_cortex,some,-0.09950085744922507
s01e05a,1,rms,visual_cortex,full,1.0207828751748256
s01e05a,1,rms,auditory_cortex,some,0.20226269335662722
s01e05a,1,rms,auditory_cortex,full,1.1819606922528187
s01e05a,1,rms,dorsal_str,some,0.1767535212903835
s01e05a,1,rms,dorsal_str,full,0.13927462735827756
s01e05a,1,rms,ventral_str,some,-0.005597324402490618
s01e05a,1,rms,ventral_str,full,0.14159429003397633
s01e05a,1,prob,rTPJ,some,-0.29771884583873737
s01e05a,1,prob,rTPJ,full,0.6503545715614942
s01e05a,1,prob,visual_cortex,some,-0.1842693561475851
s01e05a,1,prob,visual_cortex,full,0.26062578736157205
s01e05a,1,prob,auditory_cortex,some,0.11747595623332854
s01e05a,1,prob,auditory_cortex,full,0.5286741052486081
s01e05a,1,prob,dorsal_str,some,0.18040572049179385
s01e05a,1,prob,dorsal_str,full,0.16382633039385255
s01e05a,1,prob,ventral_str,some,-0.15641797139182095
s01e05a,1,prob,ventral_str,full,0.19217127656215013
s01e05a,1,humor,rTPJ,some,0.05190889635317217
s01e05a,1,humor,rTPJ,full,0.20526330502316223
s01e05a,1,humor,visual_cortex,some,-0.642657094639116
s01e05a,1,humor,visual_cortex,full,0.322976650572073
s01e05a,1,humor,auditory_cortex,some,0.08481180607304163
s01e05a,1,humor,auditory_cortex,full,0.41593426148182244
s01e05a,1,humor,dorsal_str,some,0.04156195525756018
s01e05a,1,humor,dorsal_str,full,0.22944268431192075
s01e05a,1,humor,ventral_str,some,0.020983644217560618
s01e05a,1,humor,ventral_str,full,0.007234534555899888
s01e05b,1,rms,rTPJ,some,0.2149363269382515
s01e05b,1,rms,rTPJ,full,0.39434690800024963
s01e05b,1,rms,visual_cortex,some,0.4268519256358638
s01e05b,1,rms,visual_cortex,full,-0.15767478103833688
s01e05b,1,rms,auditory_cortex,some,-0.11608551217871307
s01e05b,1,rms,auditory_cortex,full,0.20779402932406896
s01e05b,1,rms,dorsal_str,some,-0.11096032575915717
s01e05b,1,rms,dorsal_str,full,0.21603928877580666
s01e05b,1,rms,ventral_str,some,-0.2766006670708096
s01e05b,1,rms,ventral_str,full,0.2589967057310839
s01e05b,1,prob,rTPJ,some,0.29208165926911955
s01e05b,1,prob,rTPJ,full,0.24171372700596008
s01e05b,1,prob,visual_cortex,some,0.16568008510505663
s01e05b,1,prob,visual_cortex,full,0.34606711544857255
s01e05b,1,prob,auditory_cortex,some,-0.04257157694445627
s01e05b,1,prob,auditory_cortex,full,-0.024552440616795693
s01e05b,1,prob,dorsal_str,some,0.045225590003921914
s01e05b,1,prob,dorsal_str,full,-0.0723885434789249
s01e05b,1,prob,ventral_str,some,-0.021359738850828966
s01e05b,1,prob,ventral_str,full,-0.21304354321545244
s01e05b,1,humor,rTPJ,some,0.46656383154628367
s01e05b,1,humor,rTPJ,full,0.03394217853917626
s01e05b,1,humor,visual_cortex,some,0.4010846256686511
s01e05b,1,humor,visual_cortex,full,0.13389583342796696
s01e05b,1,humor,auditory_cortex,some,-0.07928096707001882
s01e05b,1,humor,auditory_cortex,full,0.021197402460816295
s01e05b,1,humor,dorsal_str,some,0.047310154034810814
s01e05b,1,humor,dorsal_str,full,-0.10697952863204585
s01e05b,1,humor,ventral_str,some,-0.12196214018611484
s01e05b,1,humor,ventral_str,full,-0.15381510153542824
s01e06a,1,rms,rTPJ,some,-0.2972745866017033
s01e06a,1,rms,rTPJ,full,-0.3167303435438249
s01e06a,1,rms,visual_cortex,some,-0.4676305008804813
s01e06a,1,rms,visual_cortex,full,-1.3098553961306467
s01e06a,1,rms,auditory_cortex,some,-0.07068942758699381
s01e06a,1,rms,auditory_cortex,full,0.15087185278639087
s01e06a,1,rms,dorsal_str,some,-0.3937267522781744
s01e06a,1,rms,dorsal_str,full,0.24127091372825707
s01e06a,1,rms,ventral_str,some,-0.07500674774363043
s01e06a,1,rms,ventral_str,full,0.0017047494203574348
s01e06a,1,prob,rTPJ,some,-0.6206768461434811
s01e06a,1,prob,rTPJ,full,0.07864820596488725
s01e06a,1,prob,visual_cortex,some,-0.7035298054788197
s01e06a,1,prob,visual_cortex,full,-0.519003549605923
s01e06a,1,prob,auditory_cortex,some,0.3146148697818397
s01e06a,1,prob,auditory_cortex,full,-0.44056360383020576
s01e06a,1,prob,dorsal_str,some,-0.22654982723009565
s01e06a,1,prob,dorsal_str,full,-0.3423268740866233
s01e06a,1,prob,ventral_str,some,-0.014137859782269451
s01e06a,1,prob,ventral_str,full,-0.11703764753062987
s01e06a,1,humor,rTPJ,some,-0.3351547987199874
s01e06a,1,humor,rTPJ,full,-0.2904628881161222
s01e06a,1,humor,visual_cortex,some,-0.1567379385382711
s01e06a,1,humor,visual_cortex,full,-0.7577921856803792
s01e06a,1,humor,auditory_cortex,some,0.47230620469269624
s01e06a,1,humor,auditory_cortex,full,-0.18173600384959926
s01e06a,1,humor,dorsal_str,some,-0.2494808849764711
s01e06a,1,humor,dorsal_str,full,-0.2885179564201935
s01e06a,1,humor,ventral_str,some,-0.08503283187173888
s01e06a,1,humor,ventral_str,full,-0.05406380180900398
s01e06b,1,rms,rTPJ,some,0.04144798069557616
s01e06b,1,rms,rTPJ,full,0.05013342572579699
s01e06b,1,rms,visual_cortex,some,-0.32189074577084437
s01e06b,1,rms,visual_cortex,full,0.008001772954419784
s01e06b,1,rms,auditory_cortex,some,-0.46244735176802987
s01e06b,1,rms,auditory_cortex,full,0.7067693111038589
s01e06b,1,rms,dorsal_str,some,-0.09514431813587251
s01e06b,1,rms,dorsal_str,full,0.4947133922797933
s01e06b,1,rms,ventral_str,some,-0.18083191823105849
s01e06b,1,rms,ventral_str,full,0.14754270578976178
s01e06b,1,prob,rTPJ,some,-0.08496341285637846
s01e06b,1,prob,rTPJ,full,0.13148090418631297
s01e06b,1,prob,visual_cortex,some,0.7284011574172851
s01e06b,1,prob,visual_cortex,full,-0.9190553705004343
s01e06b,1,prob,auditory_cortex,some,0.04605951914156663
s01e06b,1,prob,auditory_cortex,full,-0.37274418260381026
s01e06b,1,prob,dorsal_str,some,0.1856033435621397
s01e06b,1,prob,dorsal_str,full,-0.06650949455933126
s01e06b,1,prob,ventral_str,some,-0.23117300622772935
s01e06b,1,prob,ventral_str,full,-0.023049594899404176
s01e06b,1,humor,rTPJ,some,0.26636557056188626
s01e06b,1,humor,rTPJ,full,-0.1314253659636309
s01e06b,1,humor,visual_cortex,some,-0.09884735134423431
s01e06b,1,humor,visual_cortex,full,-0.3657896794595056
s01e06b,1,humor,auditory_cortex,some,-0.462922625928545
s01e06b,1,humor,auditory_cortex,full,0.002053122087299665
s01e06b,1,humor,dorsal_str,some,-0.008045836786818333
s01e06b,1,humor,dorsal_str,full,0.07072372932904165
s01e06b,1,humor,ventral_str,some,-0.09665890315036574
s01e06b,1,humor,ventral_str,full,-0.11646784273184813
s01e07a,1,rms,rTPJ,some,0.07783820568522905
s01e07a,1,rms,rTPJ,full,0.6067690937701438
s01e07a,1,rms,visual_cortex,some,0.28705972626553095
s01e07a,1,rms,visual_cortex,full,0.6102724516403737
s01e07a,1,rms,auditory_cortex,some,-0.7359890660375202
s01e07a,1,rms,auditory_cortex,full,-0.914534288107009
s01e07a,1,rms,dorsal_str,some,-0.1337328198114917
s01e07a,1,rms,dorsal_str,full,0.42732104798630843
s01e07a,1,rms,ventral_str,some,-0.1511333294199533
s01e07a,1,rms,ventral_str,full,0.053771159007988366
s01e07a,1,prob,rTPJ,some,0.17858428618275166
s01e07a,1,prob,rTPJ,full,0.4525571767920741
s01e07a,1,prob,visual_cortex,some,0.2434715467240961
s01e07a,1,prob,visual_cortex,full,0.6295111650879256
s01e07a,1,prob,auditory_cortex,some,-0.6823714675974828
s01e07a,1,prob,auditory_cortex,full,-0.9570388235377265
s01e07a,1,prob,dorsal_str,some,0.05607168841889612
s01e07a,1,prob,dorsal_str,full,0.1742396345107287
s01e07a,1,prob,ventral_str,some,0.021875436868666952
s01e07a,1,prob,ventral_str,full,-0.1505533368625114
s01e07a,1,humor,rTPJ,some,0.1579314903264128
s01e07a,1,humor,rTPJ,full,0.4624729176240383
s01e07a,1,humor,visual_cortex,some,0.048021560638473446
s01e07a,1,humor,visual_cortex,full,0.8094955861868729
s01e07a,1,humor,auditory_cortex,some,-0.5804713122616666
s01e07a,1,humor,auditory_cortex,full,-1.0480104175190617
s01e07a,1,humor,dorsal_str,some,0.15376230198744537
s01e07a,1,humor,dorsal_str,full,0.0721336857508057
s01e07a,1,humor,ventral_str,some,0.008575405675647685
s01e07a,1,humor,ventral_str,full,-0.13054899761699434
s01e07b,1,rms,rTPJ,some,0.7196995855318873
s01e07b,1,rms,rTPJ,full,0.3881357885005444
s01e07b,1,rms,visual_cortex,some,1.6393424195088815
s01e07b,1,rms,visual_cortex,full,0.24788477948215373
s01e07b,1,rms,auditory_cortex,some,0.06802042537302709
s01e07b,1,rms,auditory_cortex,full,-0.3550533282392718
s01e07b,1,rms,dorsal_str,some,0.44207323378097335
s01e07b,1,rms,dorsal_str,full,0.4557697087656145
s01e07b,1,rms,ventral_str,some,0.09266544479746813
s01e07b,1,rms,ventral_str,full,0.18601046482649142
s01e07b,1,prob,rTPJ,some,0.39293919361816726
s01e07b,1,prob,rTPJ,full,0.5657713928735317
s01e07b,1,prob,visual_cortex,some,0.7483980508166547
s01e07b,1,prob,visual_cortex,full,0.8074009778102871
s01e07b,1,prob,auditory_cortex,some,0.30506391033817115
s01e07b,1,prob,auditory_cortex,full,-0.38156774926556836
s01e07b,1,prob,dorsal_str,some,0.5012634884433447
s01e07b,1,prob,dorsal_str,full,0.4307431170934455
s01e07b,1,prob,ventral_str,some,0.12361508131579892
s01e07b,1,prob,ventral_str,full,0.15963222160210344
s01e07b,1,humor,rTPJ,some,0.6654425070609655
s01e07b,1,humor,rTPJ,full,0.380545967237792
s01e07b,1,humor,visual_cortex,some,0.8474227196952057
s01e07b,1,humor,visual_cortex,full,0.738614427065694
s01e07b,1,humor,auditory_cortex,some,-0.39689104434293887
s01e07b,1,humor,auditory_cortex,full,0.0017402072001238555
s01e07b,1,humor,dorsal_str,some,0.44287200837263735
s01e07b,1,humor,dorsal_str,full,0.4574192909913003
s01e07b,1,humor,ventral_str,some,0.09827445586408895
s01e07b,1,humor,ventral_str,full,0.19709982747684635
s01e08a,1,rms,rTPJ,some,0.17578949749531717
s01e08a,1,rms,rTPJ,full,0.1846428015553358
s01e08a,1,rms,visual_cortex,some,0.6200840747563401
s01e08a,1,rms,visual_cortex,full,-0.4853600969064021
s01e08a,1,rms,auditory_cortex,some,-0.17817916831438319
s01e08a,1,rms,auditory_cortex,full,-0.7604362089276961
s01e08a,1,rms,dorsal_str,some,0.19978222183197875
s01e08a,1,rms,dorsal_str,full,-0.05401763044276793
s01e08a,1,rms,ventral_str,some,-0.07354287665688286
s01e08a,1,rms,ventral_str,full,-0.2422404443676277
s01e08a,1,prob,rTPJ,some,0.05375015972791499
s01e08a,1,prob,rTPJ,full,0.27715495261633194
s01e08a,1,prob,visual_cortex,some,0.5274643363986435
s01e08a,1,prob,visual_cortex,full,0.44820803702320106
s01e08a,1,prob,auditory_cortex,some,-0.405735321643251
s01e08a,1,prob,auditory_cortex,full,-0.12312349022741687
s01e08a,1,prob,dorsal_str,some,0.2545880629978704
s01e08a,1,prob,dorsal_str,full,0.09837173884636971
s01e08a,1,prob,ventral_str,some,-0.07875025127236791
s01e08a,1,prob,ventral_str,full,-0.10704204513022392
s01e08a,1,humor,rTPJ,some,0.03665127915649266
s01e08a,1,humor,rTPJ,full,0.42768109644433305
s01e08a,1,humor,visual_cortex,some,0.6184624403124463
s01e08a,1,humor,visual_cortex,full,0.2429063200890414
s01e08a,1,humor,auditory_cortex,some,-0.1486957939735912
s01e08a,1,humor,auditory_cortex,full,-0.43110379272482713
s01e08a,1,humor,dorsal_str,some,0.17550496111355068
s01e08a,1,humor,dorsal_str,full,0.15593947982898476
s01e08a,1,humor,ventral_str,some,-0.1210116704882904
s01e08a,1,humor,ventral_str,full,-0.0466475495596023
s01e08b,1,rms,rTPJ,some,0.3059276083592188
s01e08b,1,rms,rTPJ,full,0.8822918323719068
s01e08b,1,rms,visual_cortex,some,0.2530035869901204
s01e08b,1,rms,visual_cortex,full,0.8527578968632956
s01e08b,1,rms,auditory_cortex,some,0.15472565315771877
s01e08b,1,rms,auditory_cortex,full,-0.569191578943261
s01e08b,1,rms,dorsal_str,some,0.16571407491201234
s01e08b,1,rms,dorsal_str,full,0.4020057160708498
s01e08b,1,rms,ventral_str,some,0.08217464048104141
s01e08b,1,rms,ventral_str,full,0.01566793340954356
s01e08b,1,prob,rTPJ,some,-0.026661565950380342
s01e08b,1,prob,rTPJ,full,0.8231224019979212
s01e08b,1,prob,visual_cortex,some,-0.04548281042478827
s01e08b,1,prob,visual_cortex,full,0.7650301945280094
s01e08b,1,prob,auditory_cortex,some,0.4264286528392587
s01e08b,1,prob,auditory_cortex,full,-0.41462756683400837
s01e08b,1,prob,dorsal_str,some,0.06098907261321226
s01e08b,1,prob,dorsal_str,full,0.3603688035621777
s01e08b,1,prob,ventral_str,some,0.07813105116905522
s01e08b,1,prob,ventral_str,full,0.045806660901238305
s01e08b,1,humor,rTPJ,some,0.41308517020422864
s01e08b,1,humor,rTPJ,full,0.6233789547468114
s01e08b,1,humor,visual_cortex,some,0.3303785042088299
s01e08b,1,humor,visual_cortex,full,0.6152551808362339
s01e08b,1,humor,auditory_cortex,some,-0.1274280891886791
s01e08b,1,humor,auditory_cortex,full,-0.10600385639955465
s01e08b,1,humor,dorsal_str,some,0.1818049177052518
s01e08b,1,humor,dorsal_str,full,0.32189397882019477
s01e08b,1,humor,ventral_str,some,-0.07591485582813394
s01e08b,1,humor,ventral_str,full,0.1818160564183903
s01e09a,1,rms,rTPJ,some,0.014476981326888627
s01e09a,1,rms,rTPJ,full,0.44378125592560236
s01e09a,1,rms,visual_cortex,some,0.33216972641957554
s01e09a,1,rms,visual_cortex,full,-0.34502700801926534
s01e09a,1,rms,auditory_cortex,some,-0.41596881048770235
s01e09a,1,rms,auditory_cortex,full,-0.5464432704927621
s01e09a,1,rms,dorsal_str,some,0.07370700085834687
s01e09a,1,rms,dorsal_str,full,0.424997496774675
s01e09a,1,rms,ventral_str,some,0.050539745560874524
s01e09a,1,rms,ventral_str,full,0.1352505404917199
s01e09a,1,prob,rTPJ,some,0.7774846118915395
s01e09a,1,prob,rTPJ,full,-0.052603194756516466
s01e09a,1,prob,visual_cortex,some,0.8329480049139788
s01e09a,1,prob,visual_cortex,full,-0.3526868538659207
s01e09a,1,prob,auditory_cortex,some,0.2446442695200991
s01e09a,1,prob,auditory_cortex,full,-0.8096232310713852
s01e09a,1,prob,dorsal_str,some,0.40052193863110974
s01e09a,1,prob,dorsal_str,full,0.15684705490678924
s01e09a,1,prob,ventral_str,some,0.29053104706011434
s01e09a,1,prob,ventral_str,full,-0.004185678564088226
s01e09a,1,humor,rTPJ,some,0.12548686496178374
s01e09a,1,humor,rTPJ,full,0.3219533033446229
s01e09a,1,humor,visual_cortex,some,-0.07869713379166032
s01e09a,1,humor,visual_cortex,full,0.1565531947763189
s01e09a,1,humor,auditory_cortex,some,-0.44462625521634
s01e09a,1,humor,auditory_cortex,full,-0.5160851808543951
s01e09a,1,humor,dorsal_str,some,0.19591695641878223
s01e09a,1,humor,dorsal_str,full,0.2841346768060706
s01e09a,1,humor,ventral_str,some,-0.0035930079522443342
s01e09a,1,humor,ventral_str,full,0.21100215168582437
s01e09b,1,rms,rTPJ,some,0.10162541912094217
s01e09b,1,rms,rTPJ,full,0.5486624346471457
s01e09b,1,rms,visual_cortex,some,0.12818340094048564
s01e09b,1,rms,visual_cortex,full,0.38895955217216616
s01e09b,1,rms,auditory_cortex,some,-0.14473077042910185
s01e09b,1,rms,auditory_cortex,full,-0.6437413602271811
s01e09b,1,rms,dorsal_str,some,-0.0394223673396754
s01e09b,1,rms,dorsal_str,full,0.21595781505317363
s01e09b,1,rms,ventral_str,some,0.20616353141348784
s01e09b,1,rms,ventral_str,full,-0.0671243858350258
s01e09b,1,prob,rTPJ,some,0.4728631625987605
s01e09b,1,prob,rTPJ,full,0.1798183173169613
s01e09b,1,prob,visual_cortex,some,0.1308418133797785
s01e09b,1,prob,visual_cortex,full,0.3152256656742284
s01e09b,1,prob,auditory_cortex,some,-0.1747121439361935
s01e09b,1,prob,auditory_cortex,full,-0.4861873247060191
s01e09b,1,prob,dorsal_str,some,0.09076451710986634
s01e09b,1,prob,dorsal_str,full,0.0593927513893868
s01e09b,1,prob,ventral_str,some,0.12404786059645517
s01e09b,1,prob,ventral_str,full,0.06259915820666687
s01e09b,1,humor,rTPJ,some,-0.05062293802074766
s01e09b,1,humor,rTPJ,full,0.5597700071084606
s01e09b,1,humor,visual_cortex,some,0.07293351118198814
s01e09b,1,humor,visual_cortex,full,0.36997620179243096
s01e09b,1,humor,auditory_cortex,some,-0.03204641368296912
s01e09b,1,humor,auditory_cortex,full,-0.6126961550083174
s01e09b,1,humor,dorsal_str,some,0.05605007447403053
s01e09b,1,humor,dorsal_str,full,0.0838883862632105
s01e09b,1,humor,ventral_str,some,-0.026471888787399676
s01e09b,1,humor,ventral_str,full,0.17318635842590868
s01e10a,1,rms,rTPJ,some,0.2658809449716203
s01e10a,1,rms,rTPJ,full,1.04305857720685
s01e10a,1,rms,visual_cortex,some,0.5809013994910823
s01e10a,1,rms,visual_cortex,full,0.2448010616382135
s01e10a,1,rms,auditory_cortex,some,-0.5898387920018271
s01e10a,1,rms,auditory_cortex,full,-0.7318425548311835
s01e10a,1,rms,dorsal_str,some,0.19730232766697053
s01e10a,1,rms,dorsal_str,full,0.03153534620773493
s01e10a,1,rms,ventral_str,some,0.14389166862524713
s01e10a,1,rms,ventral_str,full,-0.493607475571589
s01e10a,1,prob,rTPJ,some,0.13019438930363805
s01e10a,1,prob,rTPJ,full,0.6950240645645033
s01e10a,1,prob,visual_cortex,some,0.6040824559577258
s01e10a,1,prob,visual_cortex,full,0.42575507639047633
s01e10a,1,prob,auditory_cortex,some,-0.7315058843329355
s01e10a,1,prob,auditory_cortex,full,-0.5255011306218588
s01e10a,1,prob,dorsal_str,some,0.1297516537538585
s01e10a,1,prob,dorsal_str,full,0.18851668228362095
s01e10a,1,prob,ventral_str,some,0.02146410394263196
s01e10a,1,prob,ventral_str,full,-0.0076870804690548356
s01e10a,1,humor,rTPJ,some,0.6469640076934817
s01e10a,1,humor,rTPJ,full,0.08349947917612599
s01e10a,1,humor,visual_cortex,some,0.7288939718085445
s01e10a,1,humor,visual_cortex,full,0.14393793181503517
s01e10a,1,humor,auditory_cortex,some,-0.6554550473580965
s01e10a,1,humor,auditory_cortex,full,-0.5631344056274932
s01e10a,1,humor,dorsal_str,some,0.22738914298316315
s01e10a,1,humor,dorsal_str,full,0.052542642233639136
s01e10a,1,humor,ventral_str,some,0.04407019240199899
s01e10a,1,humor,ventral_str,full,-0.0573889714382952
s01e10b,1,rms,rTPJ,some,0.2665653522866036
s01e10b,1,rms,rTPJ,full,0.23236496680971538
s01e10b,1,rms,visual_cortex,some,0.846550145211394
s01e10b,1,rms,visual_cortex,full,0.6261418889985229
s01e10b,1,rms,auditory_cortex,some,-0.19284135993244864
s01e10b,1,rms,auditory_cortex,full,-0.7562374063101985
s01e10b,1,rms,dorsal_str,some,0.0643141442117542
s01e10b,1,rms,dorsal_str,full,0.15625370939627528
s01e10b,1,rms,ventral_str,some,0.01141710108592641
s01e10b,1,rms,ventral_str,full,0.2861475849688655
s01e10b,1,prob,rTPJ,some,0.24601950134886422
s01e10b,1,prob,rTPJ,full,0.24810239012905447
s01e10b,1,prob,visual_cortex,some,0.6102928746802811
s01e10b,1,prob,visual_cortex,full,0.8231124632933486
s01e10b,1,prob,auditory_cortex,some,-0.18712011280174592
s01e10b,1,prob,auditory_cortex,full,-0.8136668566225193
s01e10b,1,prob,dorsal_str,some,0.10397337434743116
s01e10b,1,prob,dorsal_str,full,0.12827634772581653
s01e10b,1,prob,ventral_str,some,0.22962275326951873
s01e10b,1,prob,ventral_str,full,0.11081590418176923
s01e10b,1,humor,rTPJ,some,0.23123949601412275
s01e10b,1,humor,rTPJ,full,0.25612439197010767
s01e10b,1,humor,visual_cortex,some,0.8197494066468168
s01e10b,1,humor,visual_cortex,full,0.6650605727692992
s01e10b,1,humor,auditory_cortex,some,-0.2605052131226939
s01e10b,1,humor,auditory_cortex,full,-0.65723468287963
s01e10b,1,humor,dorsal_str,some,0.18422823697744525
s01e10b,1,humor,dorsal_str,full,0.0781971564724551
s01e10b,1,humor,ventral_str,some,0.17705112500674594
s01e10b,1,humor,ventral_str,full,0.16245726390497428
s01e11a,1,rms,rTPJ,some,0.6267187581722828
s01e11a,1,rms,rTPJ,full,0.9484533793214767
s01e11a,1,rms,visual_cortex,some,0.668239109478882
s01e11a,1,rms,visual_cortex,full,-0.0043063431124448215
s01e11a,1,rms,auditory_cortex,some,-0.30557962808155886
s01e11a,1,rms,auditory_cortex,full,-0.621906678240462
s01e11a,1,rms,dorsal_str,some,0.3384042285423724
s01e11a,1,rms,dorsal_str,full,0.03926856568706218
s01e11a,1,rms,ventral_str,some,0.0388026249163866
s01e11a,1,rms,ventral_str,full,-0.09008033377904953
s01e11a,1,prob,rTPJ,some,0.4330045763532421
s01e11a,1,prob,rTPJ,full,0.8689567680334598
s01e11a,1,prob,visual_cortex,some,0.6010547960313065
s01e11a,1,prob,visual_cortex,full,0.4072758265392488
s01e11a,1,prob,auditory_cortex,some,-0.3117137229563768
s01e11a,1,prob,auditory_cortex,full,-0.441558727569314
s01e11a,1,prob,dorsal_str,some,0.02077638097625262
s01e11a,1,prob,dorsal_str,full,0.37190091564966815
s01e11a,1,prob,ventral_str,some,-0.013415064570420306
s01e11a,1,prob,ventral_str,full,0.009243201928409793
s01e11a,1,humor,rTPJ,some,0.6489175870933862
s01e11a,1,humor,rTPJ,full,0.8388453720277322
s01e11a,1,humor,visual_cortex,some,0.43545193472774696
s01e11a,1,humor,visual_cortex,full,0.5374603877158967
s01e11a,1,humor,auditory_cortex,some,-0.4190105011008929
s01e11a,1,humor,auditory_cortex,full,-0.36047964234231655
s01e11a,1,humor,dorsal_str,some,0.17975144319793618
s01e11a,1,humor,dorsal_str,full,0.3726851817285148
s01e11a,1,humor,ventral_str,some,-0.14358874198439553
s01e11a,1,humor,ventral_str,full,0.2448594423872179
s01e11b,1,rms,rTPJ,some,0.2882144717969467
s01e11b,1,rms,rTPJ,full,0.9447314985169402
s01e11b,1,rms,visual_cortex,some,0.6160967711483152
s01e11b,1,rms,visual_cortex,full,0.2938035319461737
s01e11b,1,rms,auditory_cortex,some,0.1434613658265269
s01e11b,1,rms,auditory_cortex,full,-0.5162578057376559
s01e11b,1,rms,dorsal_str,some,0.1613085542007346
s01e11b,1,rms,dorsal_str,full,0.5602747442484162
s01e11b,1,rms,ventral_str,some,-0.24873622166340295
s01e11b,1,rms,ventral_str,full,0.45931366045866856
s01e11b,1,prob,rTPJ,some,0.23340939778244105
s01e11b,1,prob,rTPJ,full,0.6602156581140248
s01e11b,1,prob,visual_cortex,some,0.28561108339431296
s01e11b,1,prob,visual_cortex,full,0.656162050436149
s01e11b,1,prob,auditory_cortex,some,0.1727315744507406
s01e11b,1,prob,auditory_cortex,full,-0.21427720608290196
s01e11b,1,prob,dorsal_str,some,0.13602034787174871
s01e11b,1,prob,dorsal_str,full,0.38237888363068656
s01e11b,1,prob,ventral_str,some,-0.2882699613909668
s01e11b,1,prob,ventral_str,full,0.14026909336068866
s01e11b,1,humor,rTPJ,some,0.3498273297869729
s01e11b,1,humor,rTPJ,full,0.6035168985250529
s01e11b,1,humor,visual_cortex,some,0.6723430902411688
s01e11b,1,humor,visual_cortex,full,0.3980685489561135
s01e11b,1,humor,auditory_cortex,some,0.20788382062458854
s01e11b,1,humor,auditory_cortex,full,-0.26575321702933097
s01e11b,1,humor,dorsal_str,some,0.33720599202322576
s01e11b,1,humor,dorsal_str,full,0.2516824744984163
s01e11b,1,humor,ventral_str,some,0.017136879043045034
s01e11b,1,humor,ventral_str,full,-0.054499247339581856
s01e12a,1,rms,rTPJ,some,0.07166889427640742
s01e12a,1,rms,rTPJ,full,-0.06964821203566944
s01e12a,1,rms,visual_cortex,some,0.27256872200542676
s01e12a,1,rms,visual_cortex,full,-0.004436837643999559
s01e12a,1,rms,auditory_cortex,some,0.19855621584610417
s01e12a,1,rms,auditory_cortex,full,-1.183656498442278
s01e12a,1,rms,dorsal_str,some,0.03324343813135068
s01e12a,1,rms,dorsal_str,full,0.1291105640280146
s01e12a,1,rms,ventral_str,some,0.2807005255347357
s01e12a,1,rms,ventral_str,full,0.0276230468531643
s01e12a,1,prob,rTPJ,some,0.12867550084043375
s01e12a,1,prob,rTPJ,full,-0.08693195168617118
s01e12a,1,prob,visual_cortex,some,0.4557247181287132
s01e12a,1,prob,visual_cortex,full,-0.09340320561555439
s01e12a,1,prob,auditory_cortex,some,-0.035716321625232916
s01e12a,1,prob,auditory_cortex,full,-0.7418849916223016
s01e12a,1,prob,dorsal_str,some,0.04625104434070017
s01e12a,1,prob,dorsal_str,full,0.10097036485730901
s01e12a,1,prob,ventral_str,some,0.29762836449569624
s01e12a,1,prob,ventral_str,full,0.062363573818927986
s01e12a,1,humor,rTPJ,some,-0.025969012736538177
s01e12a,1,humor,rTPJ,full,0.06219240597798853
s01e12a,1,humor,visual_cortex,some,0.33122299311619297
s01e12a,1,humor,visual_cortex,full,-0.16543107481596175
s01e12a,1,humor,auditory_cortex,some,-0.40178988799364773
s01e12a,1,humor,auditory_cortex,full,-0.4890189130739644
s01e12a,1,humor,dorsal_str,some,0.01250465676656094
s01e12a,1,humor,dorsal_str,full,0.1855652658427372
s01e12a,1,humor,ventral_str,some,0.1546346999413801
s01e12a,1,humor,ventral_str,full,0.18189015844165485
s01e12b,1,rms,rTPJ,some,-0.1211622980668911
s01e12b,1,rms,rTPJ,full,0.5239333601979066
s01e12b,1,rms,visual_cortex,some,0.4449517282620584
s01e12b,1,rms,visual_cortex,full,-0.9411329004074336
s01e12b,1,rms,auditory_cortex,some,-0.8697563523592096
s01e12b,1,rms,auditory_cortex,full,-0.35324971460942295
s01e12b,1,rms,dorsal_str,some,-0.22394550040070837
s01e12b,1,rms,dorsal_str,full,0.41476656435007686
s01e12b,1,rms,ventral_str,some,-0.24738150789334404
s01e12b,1,rms,ventral_str,full,0.9353428734645233
s01e12b,1,prob,rTPJ,some,-0.15275846475111726
s01e12b,1,prob,rTPJ,full,0.01639919614950372
s01e12b,1,prob,visual_cortex,some,0.12903414777066882
s01e12b,1,prob,visual_cortex,full,0.4646121443071326
s01e12b,1,prob,auditory_cortex,some,-0.5856004251230208
s01e12b,1,prob,auditory_cortex,full,-1.0137791924209574
s01e12b,1,prob,dorsal_str,some,0.03282932835639715
s01e12b,1,prob,dorsal_str,full,-0.324336169394444
s01e12b,1,prob,ventral_str,some,-0.12226400254881967
s01e12b,1,prob,ventral_str,full,-0.1455163052847134
s01e12b,1,humor,rTPJ,some,-0.18872949390942015
s01e12b,1,humor,rTPJ,full,0.16093752741158612
s01e12b,1,humor,visual_cortex,some,0.2730964163264274
s01e12b,1,humor,visual_cortex,full,0.38215554383325184
s01e12b,1,humor,auditory_cortex,some,-0.927832574776247
s01e12b,1,humor,auditory_cortex,full,-0.6370718409825882
s01e12b,1,humor,dorsal_str,some,-0.3638593133125626
s01e12b,1,humor,dorsal_str,full,0.18049754396796713
s01e12b,1,humor,ventral_str,some,-0.32601453714305995
s01e12b,1,humor,ventral_str,full,0.19228077196090726
s01e13a,1,rms,rTPJ,some,0.5157804421188026
s01e13a,1,rms,rTPJ,full,0.4428820141708132
s01e13a,1,rms,visual_cortex,some,0.6009435188328269
s01e13a,1,rms,visual_cortex,full,-0.48273086200530746
s01e13a,1,rms,auditory_cortex,some,-0.19011533836739275
s01e13a,1,rms,auditory_cortex,full,-0.6062735750531772
s01e13a,1,rms,dorsal_str,some,0.18789856604577737
s01e13a,1,rms,dorsal_str,full,0.23964876625172127
s01e13a,1,rms,ventral_str,some,-0.025732796727071572
s01e13a,1,rms,ventral_str,full,-0.027569718741158565
s01e13a,1,prob,rTPJ,some,0.4489841381205228
s01e13a,1,prob,rTPJ,full,0.5390361091048539
s01e13a,1,prob,visual_cortex,some,0.5432250762641445
s01e13a,1,prob,visual_cortex,full,-0.7095944345421198
s01e13a,1,prob,auditory_cortex,some,-0.20672991494137008
s01e13a,1,prob,auditory_cortex,full,-0.7032248608023455
s01e13a,1,prob,dorsal_str,some,0.13071435893949218
s01e13a,1,prob,dorsal_str,full,0.3566325226023941
s01e13a,1,prob,ventral_str,some,0.041510013249145584
s01e13a,1,prob,ventral_str,full,-0.14720936157791797
s01e13a,1,humor,rTPJ,some,0.5717108037542219
s01e13a,1,humor,rTPJ,full,0.4316263660047417
s01e13a,1,humor,visual_cortex,some,0.6916385814003523
s01e13a,1,humor,visual_cortex,full,-0.24074534811359194
s01e13a,1,humor,auditory_cortex,some,-0.07514095993302422
s01e13a,1,humor,auditory_cortex,full,-0.5576304594010452
s01e13a,1,humor,dorsal_str,some,0.17208048577928053
s01e13a,1,humor,dorsal_str,full,0.23444020597805762
s01e13a,1,humor,ventral_str,some,-0.16430269583768076
s01e13a,1,humor,ventral_str,full,0.049494265784129056
s01e13b,1,rms,rTPJ,some,0.20587303097999937
s01e13b,1,rms,rTPJ,full,0.362549219233169
s01e13b,1,rms,visual_cortex,some,0.9812917855321566
s01e13b,1,rms,visual_cortex,full,-0.16138144189282425
s01e13b,1,rms,auditory_cortex,some,-0.10614636662101032
s01e13b,1,rms,auditory_cortex,full,-0.7174631423733348
s01e13b,1,rms,dorsal_str,some,0.45430358388658076
s01e13b,1,rms,dorsal_str,full,0.31822082226232123
s01e13b,1,rms,ventral_str,some,-0.10246838750742483
s01e13b,1,rms,ventral_str,full,0.4775449756593263
s01e13b,1,prob,rTPJ,some,0.027230751838948075
s01e13b,1,prob,rTPJ,full,0.535740154455971
s01e13b,1,prob,visual_cortex,some,0.6883874150458952
s01e13b,1,prob,visual_cortex,full,0.2126038444250341
s01e13b,1,prob,auditory_cortex,some,-0.3419164275964461
s01e13b,1,prob,auditory_cortex,full,-0.43626821672466237
s01e13b,1,prob,dorsal_str,some,0.34188639586600145
s01e13b,1,prob,dorsal_str,full,0.4423018434249395
s01e13b,1,prob,ventral_str,some,-0.13943798235928356
s01e13b,1,prob,ventral_str,full,0.4781657749633077
s01e13b,1,humor,rTPJ,some,0.11419623016750571
s01e13b,1,humor,rTPJ,full,0.4458669943388215
s01e13b,1,humor,visual_cortex,some,0.5388636956373452
s01e13b,1,humor,visual_cortex,full,0.36634057967813577
s01e13b,1,humor,auditory_cortex,some,-0.40610041688263615
s01e13b,1,humor,auditory_cortex,full,-0.3704925638807257
s01e13b,1,humor,dorsal_str,some,0.17847287006237586
s01e13b,1,humor,dorsal_str,full,0.6090956829886174
s01e13b,1,humor,ventral_str,some,-0.14548587119367243
s01e13b,1,humor,ventral_str,full,0.4831275459684477
s01e14a,1,rms,rTPJ,some,0.3952309641360738
s01e14a,1,rms,rTPJ,full,0.9263367883888164
s01e14a,1,rms,visual_cortex,some,0.9159970355445137
s01e14a,1,rms,visual_cortex,full,0.1278314321896501
s01e14a,1,rms,auditory_cortex,some,-0.24885135238150738
s01e14a,1,rms,auditory_cortex,full,-0.43541787016567446
s01e14a,1,rms,dorsal_str,some,0.17914702122229836
s01e14a,1,rms,dorsal_str,full,0.3559799871449575
s01e14a,1,rms,ventral_str,some,-0.04647832504175092
s01e14a,1,rms,ventral_str,full,-0.006106299777592285
s01e14a,1,prob,rTPJ,some,0.2965801964313257
s01e14a,1,prob,rTPJ,full,0.7735158049563109
s01e14a,1,prob,visual_cortex,some,0.6681246920790193
s01e14a,1,prob,visual_cortex,full,0.6314205868918397
s01e14a,1,prob,auditory_cortex,some,0.06813546836904452
s01e14a,1,prob,auditory_cortex,full,-0.5799493589108139
s01e14a,1,prob,dorsal_str,some,0.10826410949354467
s01e14a,1,prob,dorsal_str,full,0.3318020249362467
s01e14a,1,prob,ventral_str,some,-0.14267069278166974
s01e14a,1,prob,ventral_str,full,0.04454503787776053
s01e14a,1,humor,rTPJ,some,0.23749696225283262
s01e14a,1,humor,rTPJ,full,0.9779311259060951
s01e14a,1,humor,visual_cortex,some,0.5592872940937562
s01e14a,1,humor,visual_cortex,full,0.7497409341070884
s01e14a,1,humor,auditory_cortex,some,-0.2725413584085057
s01e14a,1,humor,auditory_cortex,full,-0.3600252537578191
s01e14a,1,humor,dorsal_str,some,0.11063115420148295
s01e14a,1,humor,dorsal_str,full,0.392072467585008
s01e14a,1,humor,ventral_str,some,-0.10752431899275502
s01e14a,1,humor,ventral_str,full,0.055813273609695443
s01e14b,1,rms,rTPJ,some,0.1636618974686596
s01e14b,1,rms,rTPJ,full,0.10238100195679314
s01e14b,1,rms,visual_cortex,some,0.375342564484991
s01e14b,1,rms,visual_cortex,full,-0.10357648240152947
s01e14b,1,rms,auditory_cortex,some,-0.48602853124836165
s01e14b,1,rms,auditory_cortex,full,-0.504636459490171
s01e14b,1,rms,dorsal_str,some,0.168533848403469
s01e14b,1,rms,dorsal_str,full,0.11094342108113989
s01e14b,1,rms,ventral_str,some,-0.017990390861811686
s01e14b,1,rms,ventral_str,full,-0.005884915205005357
s01e14b,1,prob,rTPJ,some,0.05935072732637892
s01e14b,1,prob,rTPJ,full,0.17941335459728494
s01e14b,1,prob,visual_cortex,some,0.42150114508032066
s01e14b,1,prob,visual_cortex,full,-0.06084101770259884
s01e14b,1,prob,auditory_cortex,some,-0.47286137276524004
s01e14b,1,prob,auditory_cortex,full,-0.5103609521222674
s01e14b,1,prob,dorsal_str,some,0.14634782484438638
s01e14b,1,prob,dorsal_str,full,0.1340917580911426
s01e14b,1,prob,ventral_str,some,-0.026809597002513105
s01e14b,1,prob,ventral_str,full,-0.0019963852369880575
s01e14b,1,humor,rTPJ,some,-0.12160922125306949
s01e14b,1,humor,rTPJ,full,0.4896829512853402
s01e14b,1,humor,visual_cortex,some,-0.17645308571679494
s01e14b,1,humor,visual_cortex,full,0.5594920765851206
s01e14b,1,humor,auditory_cortex,some,-0.503701231876343
s01e14b,1,humor,auditory_cortex,full,-0.48418087733356563
s01e14b,1,humor,dorsal_str,some,0.005846223974259421
s01e14b,1,humor,dorsal_str,full,0.3264098053570542
s01e14b,1,humor,ventral_str,some,-0.1272939044513207
s01e14b,1,humor,ventral_str,full,0.1510126115224507
s01e15a,1,rms,rTPJ,some,0.6014128632878317
s01e15a,1,rms,rTPJ,full,1.0871790423225967
s01e15a,1,rms,visual_cortex,some,0.6364638215172707
s01e15a,1,rms,visual_cortex,full,1.0103361781903002
s01e15a,1,rms,auditory_cortex,some,-0.41383066693760046
s01e15a,1,rms,auditory_cortex,full,-0.8297618610145429
s01e15a,1,rms,dorsal_str,some,0.4653143760171717
s01e15a,1,rms,dorsal_str,full,0.547154466482517
s01e15a,1,rms,ventral_str,some,0.4428178992883538
s01e15a,1,rms,ventral_str,full,0.17810756298116176
s01e15a,1,prob,rTPJ,some,0.4920803891296264
s01e15a,1,prob,rTPJ,full,1.0629472038471706
s01e15a,1,prob,visual_cortex,some,1.3694863166854316
s01e15a,1,prob,visual_cortex,full,0.3515585538073533
s01e15a,1,prob,auditory_cortex,some,-0.31447612839609373
s01e15a,1,prob,auditory_cortex,full,-0.8135100436858385
s01e15a,1,prob,dorsal_str,some,0.3538614931384818
s01e15a,1,prob,dorsal_str,full,0.6159489675377942
s01e15a,1,prob,ventral_str,some,0.25285060899252926
s01e15a,1,prob,ventral_str,full,0.3867933544200355
s01e15a,1,humor,rTPJ,some,0.7685033173546735
s01e15a,1,humor,rTPJ,full,0.8414333791265474
s01e15a,1,humor,visual_cortex,some,0.7461631785691597
s01e15a,1,humor,visual_cortex,full,0.8338497742271246
s01e15a,1,humor,auditory_cortex,some,-0.491924565107307
s01e15a,1,humor,auditory_cortex,full,-0.6628380418649982
s01e15a,1,humor,dorsal_str,some,0.44600455292062724
s01e15a,1,humor,dorsal_str,full,0.5375211188315161
s01e15a,1,humor,ventral_str,some,0.23021091593944865
s01e15a,1,humor,ventral_str,full,0.39338777921230855
s01e15b,1,rms,rTPJ,some,0.3842299328473554
s01e15b,1,rms,rTPJ,full,0.06461834171561726
s01e15b,1,rms,visual_cortex,some,0.2674733687474241
s01e15b,1,rms,visual_cortex,full,-0.08050734257244718
s01e15b,1,rms,auditory_cortex,some,-0.5981878327229662
s01e15b,1,rms,auditory_cortex,full,-0.4847473826566289
s01e15b,1,rms,dorsal_str,some,0.2823415789914276
s01e15b,1,rms,dorsal_str,full,0.14760479708944474
s01e15b,1,rms,ventral_str,some,-0.047080151712660556
s01e15b,1,rms,ventral_str,full,-0.0178446215183376
s01e15b,1,prob,rTPJ,some,0.2549767035061696
s01e15b,1,prob,rTPJ,full,0.15088227165672669
s01e15b,1,prob,visual_cortex,some,0.6183132550568747
s01e15b,1,prob,visual_cortex,full,-0.20379984010311858
s01e15b,1,prob,auditory_cortex,some,-0.7074002613538706
s01e15b,1,prob,auditory_cortex,full,-0.4468346238558649
s01e15b,1,prob,dorsal_str,some,0.20032342537348458
s01e15b,1,prob,dorsal_str,full,0.19613538062866398
s01e15b,1,prob,ventral_str,some,0.016066913100945754
s01e15b,1,prob,ventral_str,full,-0.04841443631840184
s01e15b,1,humor,rTPJ,some,0.18864101091089558
s01e15b,1,humor,rTPJ,full,0.1709081840584352
s01e15b,1,humor,visual_cortex,some,-0.1112587754541044
s01e15b,1,humor,visual_cortex,full,0.37129121078942945
s01e15b,1,humor,auditory_cortex,some,-0.4742170781221459
s01e15b,1,humor,auditory_cortex,full,-0.633056718810634
s01e15b,1,humor,dorsal_str,some,0.10690091043660585
s01e15b,1,humor,dorsal_str,full,0.3809168257046919
s01e15b,1,humor,ventral_str,some,-0.15359408367822708
s01e15b,1,humor,ventral_str,full,0.2246263416691634
s01e16a,1,rms,rTPJ,some,0.12836506700146982
s01e16a,1,rms,rTPJ,full,0.786786934884711
s01e16a,1,rms,visual_cortex,some,0.5579669612522193
s01e16a,1,rms,visual_cortex,full,0.20455173887810246
s01e16a,1,rms,auditory_cortex,some,-0.08250041887616091
s01e16a,1,rms,auditory_cortex,full,-0.3132988480058272
s01e16a,1,rms,dorsal_str,some,0.14315452914013976
s01e16a,1,rms,dorsal_str,full,0.3529007244543536
s01e16a,1,rms,ventral_str,some,-0.012297803999177084
s01e16a,1,rms,ventral_str,full,-0.11343914632192874
s01e16a,1,prob,rTPJ,some,0.3419012091997393
s01e16a,1,prob,rTPJ,full,0.2479098994927522
s01e16a,1,prob,visual_cortex,some,0.19148460194291797
s01e16a,1,prob,visual_cortex,full,1.1539436757769612
s01e16a,1,prob,auditory_cortex,some,-0.1484236290807691
s01e16a,1,prob,auditory_cortex,full,-0.1478058597360137
s01e16a,1,prob,dorsal_str,some,0.08133092046023792
s01e16a,1,prob,dorsal_str,full,0.5215703894654069
s01e16a,1,prob,ventral_str,some,-0.1672787468318549
s01e16a,1,prob,ventral_str,full,0.289573965350194
s01e16a,1,humor,rTPJ,some,0.2929391768903468
s01e16a,1,humor,rTPJ,full,0.36725582845886817
s01e16a,1,humor,visual_cortex,some,0.15822555268756855
s01e16a,1,humor,visual_cortex,full,1.124315918339477
s01e16a,1,humor,auditory_cortex,some,-0.04831792576732105
s01e16a,1,humor,auditory_cortex,full,-0.3711546071901823
s01e16a,1,humor,dorsal_str,some,0.1094206891350683
s01e16a,1,humor,dorsal_str,full,0.41143294984354184
s01e16a,1,humor,ventral_str,some,-0.08105078529930856
s01e16a,1,humor,ventral_str,full,0.04796950538816948
s01e16b,1,rms,rTPJ,some,0.09382127334093016
s01e16b,1,rms,rTPJ,full,0.4577873109240059
s01e16b,1,rms,visual_cortex,some,0.43836772075061636
s01e16b,1,rms,visual_cortex,full,0.21925473022333158
s01e16b,1,rms,auditory_cortex,some,-0.3575893054144993
s01e16b,1,rms,auditory_cortex,full,0.7610099953868212
s01e16b,1,rms,dorsal_str,some,0.032435392941214176
s01e16b,1,rms,dorsal_str,full,0.7815609750027096
s01e16b,1,rms,ventral_str,some,0.019203409298354852
s01e16b,1,rms,ventral_str,full,0.3615387956437406
s01e16b,1,prob,rTPJ,some,-0.17335162903967857
s01e16b,1,prob,rTPJ,full,1.3330995272836499
s01e16b,1,prob,visual_cortex,some,0.0604110350053339
s01e16b,1,prob,visual_cortex,full,1.3219227390509525
s01e16b,1,prob,auditory_cortex,some,-0.07064252292827122
s01e16b,1,prob,auditory_cortex,full,0.09977057871125874
s01e16b,1,prob,dorsal_str,some,0.158163370893929
s01e16b,1,prob,dorsal_str,full,0.5396802377457672
s01e16b,1,prob,ventral_str,some,0.04655279551732934
s01e16b,1,prob,ventral_str,full,0.342060318546762
s01e16b,1,humor,rTPJ,some,0.5608055790123602
s01e16b,1,humor,rTPJ,full,0.031826022653067526
s01e16b,1,humor,visual_cortex,some,0.4236864296998721
s01e16b,1,humor,visual_cortex,full,0.35044829270471567
s01e16b,1,humor,auditory_cortex,some,0.5971781410776489
s01e16b,1,humor,auditory_cortex,full,-0.3222965134279215
s01e16b,1,humor,dorsal_str,some,0.5987769262708165
s01e16b,1,humor,dorsal_str,full,0.09041465223569302
s01e16b,1,humor,ventral_str,some,0.3016029364612776
s01e16b,1,humor,ventral_str,full,0.03460928299999869
s01e17a,1,rms,rTPJ,some,0.3623700291459719
s01e17a,1,rms,rTPJ,full,-0.4706372945110871
s01e17a,1,rms,visual_cortex,some,0.3487647208903237
s01e17a,1,rms,visual_cortex,full,0.3193802781109816
s01e17a,1,rms,auditory_cortex,some,-0.589884104649125
s01e17a,1,rms,auditory_cortex,full,-1.2367224548587865
s01e17a,1,rms,dorsal_str,some,0.09860215159581348
s01e17a,1,rms,dorsal_str,full,-0.1509852309232836
s01e17a,1,rms,ventral_str,some,-0.11707154585685449
s01e17a,1,rms,ventral_str,full,-0.22584454523645392
s01e17a,1,prob,rTPJ,some,0.16556029039537545
s01e17a,1,prob,rTPJ,full,0.1674328232889243
s01e17a,1,prob,visual_cortex,some,0.2913018210882129
s01e17a,1,prob,visual_cortex,full,0.43460185466037327
s01e17a,1,prob,auditory_cortex,some,-0.6538497330914065
s01e17a,1,prob,auditory_cortex,full,-0.9043262897265576
s01e17a,1,prob,dorsal_str,some,-0.03030374807407346
s01e17a,1,prob,dorsal_str,full,0.16854164019258397
s01e17a,1,prob,ventral_str,some,-0.2556483203172735
s01e17a,1,prob,ventral_str,full,0.0646234906082577
s01e17a,1,humor,rTPJ,some,0.37493750876678233
s01e17a,1,humor,rTPJ,full,0.014636743691067947
s01e17a,1,humor,visual_cortex,some,0.583659032896474
s01e17a,1,humor,visual_cortex,full,0.23588907852744306
s01e17a,1,humor,auditory_cortex,some,-0.5223320246792443
s01e17a,1,humor,auditory_cortex,full,-0.8961412325298633
s01e17a,1,humor,dorsal_str,some,-0.10626106552799712
s01e17a,1,humor,dorsal_str,full,0.14697080233947957
s01e17a,1,humor,ventral_str,some,-0.16386030600772092
s01e17a,1,humor,ventral_str,full,-0.11929511385751909
s01e17b,1,rms,rTPJ,some,0.3757204296198072
s01e17b,1,rms,rTPJ,full,0.4210278232697242
s01e17b,1,rms,visual_cortex,some,1.1253657643904762
s01e17b,1,rms,visual_cortex,full,0.5397800755676184
s01e17b,1,rms,auditory_cortex,some,0.21289057632512065
s01e17b,1,rms,auditory_cortex,full,-0.24781073840754006
s01e17b,1,rms,dorsal_str,some,0.41918741742264193
s01e17b,1,rms,dorsal_str,full,0.24487134923863269
s01e17b,1,rms,ventral_str,some,-0.024166617396401302
s01e17b,1,rms,ventral_str,full,0.15566936468890247
s01e17b,1,prob,rTPJ,some,0.24118279116888955
s01e17b,1,prob,rTPJ,full,0.6910380055042433
s01e17b,1,prob,visual_cortex,some,0.5947901439643903
s01e17b,1,prob,visual_cortex,full,1.4493026758995882
s01e17b,1,prob,auditory_cortex,some,0.017962045872420736
s01e17b,1,prob,auditory_cortex,full,0.036435555296247354
s01e17b,1,prob,dorsal_str,some,0.3740957565495399
s01e17b,1,prob,dorsal_str,full,0.2968571049333879
s01e17b,1,prob,ventral_str,some,-0.0576956520622934
s01e17b,1,prob,ventral_str,full,0.25721246987261936
s01e17b,1,humor,rTPJ,some,0.3294660011010962
s01e17b,1,humor,rTPJ,full,0.5843326321754015
s01e17b,1,humor,visual_cortex,some,1.0348805671132542
s01e17b,1,humor,visual_cortex,full,0.4477507292206414
s01e17b,1,humor,auditory_cortex,some,0.0783229779472688
s01e17b,1,humor,auditory_cortex,full,-0.13433721853359787
s01e17b,1,humor,dorsal_str,some,0.3119977783294148
s01e17b,1,humor,dorsal_str,full,0.4528412352403462
s01e17b,1,humor,ventral_str,some,0.11319585080716173
s01e17b,1,humor,ventral_str,full,-0.13742077297493674
s01e18a,1,rms,rTPJ,some,-0.19855814857656207
s01e18a,1,rms,rTPJ,full,0.6081451605853512
s01e18a,1,rms,visual_cortex,some,-0.17149747268891835
s01e18a,1,rms,visual_cortex,full,0.46421979452368545
s01e18a,1,rms,auditory_cortex,some,-0.44129180299466864
s01e18a,1,rms,auditory_cortex,full,-0.1960990959684329
s01e18a,1,rms,dorsal_str,some,-0.21766590575608258
s01e18a,1,rms,dorsal_str,full,0.40364634311833314
s01e18a,1,rms,ventral_str,some,-0.2658729557603371
s01e18a,1,rms,ventral_str,full,0.06761351463814586
s01e18a,1,prob,rTPJ,some,0.13980497341101467
s01e18a,1,prob,rTPJ,full,0.08427106320153993
s01e18a,1,prob,visual_cortex,some,0.06125540165759001
s01e18a,1,prob,visual_cortex,full,0.08458448132494871
s01e18a,1,prob,auditory_cortex,some,-0.22323606772129376
s01e18a,1,prob,auditory_cortex,full,-0.4681883391243296
s01e18a,1,prob,dorsal_str,some,-0.04161137045049981
s01e18a,1,prob,dorsal_str,full,0.08298808906669798
s01e18a,1,prob,ventral_str,some,-0.1801594393900631
s01e18a,1,prob,ventral_str,full,-0.09589463558603811
s01e18a,1,humor,rTPJ,some,0.39379534082329987
s01e18a,1,humor,rTPJ,full,-0.30884958909021526
s01e18a,1,humor,visual_cortex,some,0.5041505347272313
s01e18a,1,humor,visual_cortex,full,-0.5698588916040807
s01e18a,1,humor,auditory_cortex,some,-0.16859254122153047
s01e18a,1,humor,auditory_cortex,full,-0.6129901118762865
s01e18a,1,humor,dorsal_str,some,0.15872445035094415
s01e18a,1,humor,dorsal_str,full,-0.18355964292686228
s01e18a,1,humor,ventral_str,some,-0.049044715342100614
s01e18a,1,humor,ventral_str,full,-0.26964094685119117
s01e18b,1,rms,rTPJ,some,-0.20692260391236544
s01e18b,1,rms,rTPJ,full,1.6720802611853673
s01e18b,1,rms,visual_cortex,some,0.22626356697362338
s01e18b,1,rms,visual_cortex,full,1.6759082084056838
s01e18b,1,rms,auditory_cortex,some,-0.5190329125094855
s01e18b,1,rms,auditory_cortex,full,0.5232520351246662
s01e18b,1,rms,dorsal_str,some,0.02819631413594898
s01e18b,1,rms,dorsal_str,full,0.6637734620780894
s01e18b,1,rms,ventral_str,some,-0.1970416066966998
s01e18b,1,rms,ventral_str,full,0.2974637382916889
s01e18b,1,prob,rTPJ,some,0.15884449922950133
s01e18b,1,prob,rTPJ,full,-0.056811264578232525
s01e18b,1,prob,visual_cortex,some,0.9643304822054759
s01e18b,1,prob,visual_cortex,full,-0.09563755070054547
s01e18b,1,prob,auditory_cortex,some,-0.42529072070047563
s01e18b,1,prob,auditory_cortex,full,-0.3309664776206273
s01e18b,1,prob,dorsal_str,some,0.14365188582336527
s01e18b,1,prob,dorsal_str,full,0.0869084322903676
s01e18b,1,prob,ventral_str,some,-0.04478784015017459
s01e18b,1,prob,ventral_str,full,-0.21129801347256252
s01e18b,1,humor,rTPJ,some,-0.1796060482753739
s01e18b,1,humor,rTPJ,full,0.48809988100562657
s01e18b,1,humor,visual_cortex,some,0.1686938028997596
s01e18b,1,humor,visual_cortex,full,0.9137056217609676
s01e18b,1,humor,auditory_cortex,some,-0.38078217426443806
s01e18b,1,humor,auditory_cortex,full,-0.3702230404341913
s01e18b,1,humor,dorsal_str,some,0.01765967693553824
s01e18b,1,humor,dorsal_str,full,0.30131988876342614
s01e18b,1,humor,ventral_str,some,-0.21580070427848447
s01e18b,1,humor,ventral_str,full,0.035769123272249584
s01e19a,1,rms,rTPJ,some,0.23000809880290307
s01e19a,1,rms,rTPJ,full,0.17058778326067464
s01e19a,1,rms,visual_cortex,some,-0.29118695767147323
s01e19a,1,rms,visual_cortex,full,0.38231783321076
s01e19a,1,rms,auditory_cortex,some,-1.0668542158913088
s01e19a,1,rms,auditory_cortex,full,-1.6831443119079035
s01e19a,1,rms,dorsal_str,some,-0.08359378714357202
s01e19a,1,rms,dorsal_str,full,0.5270114156234027
s01e19a,1,rms,ventral_str,some,-0.11884942739939383
s01e19a,1,rms,ventral_str,full,0.4279830452367692
s01e19a,1,prob,rTPJ,some,-0.12016070707309495
s01e19a,1,prob,rTPJ,full,1.235429450819847
s01e19a,1,prob,visual_cortex,some,-0.20443274720301233
s01e19a,1,prob,visual_cortex,full,0.21110692577375478
s01e19a,1,prob,auditory_cortex,some,-1.103982584588232
s01e19a,1,prob,auditory_cortex,full,-1.6559837344374924
s01e19a,1,prob,dorsal_str,some,0.09125294412799687
s01e19a,1,prob,dorsal_str,full,0.0769737292848451
s01e19a,1,prob,ventral_str,some,0.01452388719555222
s01e19a,1,prob,ventral_str,full,0.09608836568595927
s01e19a,1,humor,rTPJ,some,0.3785923493476491
s01e19a,1,humor,rTPJ,full,0.11041600002870833
s01e19a,1,humor,visual_cortex,some,0.6432498575513393
s01e19a,1,humor,visual_cortex,full,-0.5664570572053758
s01e19a,1,humor,auditory_cortex,some,-1.1154663499187274
s01e19a,1,humor,auditory_cortex,full,-1.3172052218626287
s01e19a,1,humor,dorsal_str,some,0.08569659434924196
s01e19a,1,humor,dorsal_str,full,0.08901265897442043
s01e19a,1,humor,ventral_str,some,0.0739463371062136
s01e19a,1,humor,ventral_str,full,0.010079641720100577
s01e19b,1,rms,rTPJ,some,-0.16398369052002199
s01e19b,1,rms,rTPJ,full,0.7143980099647288
s01e19b,1,rms,visual_cortex,some,0.01683257428964454
s01e19b,1,rms,visual_cortex,full,0.03956511470500465
s01e19b,1,rms,auditory_cortex,some,-0.8836349490628407
s01e19b,1,rms,auditory_cortex,full,-0.8160596902284339
s01e19b,1,rms,dorsal_str,some,-0.09788748514607187
s01e19b,1,rms,dorsal_str,full,0.20775468616403509
s01e19b,1,rms,ventral_str,some,-0.09556914707920876
s01e19b,1,rms,ventral_str,full,-0.012226348795704028
s01e19b,1,prob,rTPJ,some,0.13723944843098154
s01e19b,1,prob,rTPJ,full,0.2968445220794139
s01e19b,1,prob,visual_cortex,some,-0.06775761594749018
s01e19b,1,prob,visual_cortex,full,0.24481906423923996
s01e19b,1,prob,auditory_cortex,some,-0.7459652807495953
s01e19b,1,prob,auditory_cortex,full,-1.1159516116965478
s01e19b,1,prob,dorsal_str,some,0.020783448682347244
s01e19b,1,prob,dorsal_str,full,0.030055173377789665
s01e19b,1,prob,ventral_str,some,-0.1323584765593861
s01e19b,1,prob,ventral_str,full,0.10103437811439811
s01e19b,1,humor,rTPJ,some,0.12139610962549183
s01e19b,1,humor,rTPJ,full,0.20994253619903644
s01e19b,1,humor,visual_cortex,some,0.11987897889114615
s01e19b,1,humor,visual_cortex,full,-0.010911081850532828
s01e19b,1,humor,auditory_cortex,some,-0.687186445750473
s01e19b,1,humor,auditory_cortex,full,-0.9231272522309947
s01e19b,1,humor,dorsal_str,some,0.09024600939557645
s01e19b,1,humor,dorsal_str,full,-0.002525719526127724
s01e19b,1,humor,ventral_str,some,-0.03225202862234001
s01e19b,1,humor,ventral_str,full,-0.07426653927301048
s01e20a,1,rms,rTPJ,some,0.23417784342076275
s01e20a,1,rms,rTPJ,full,0.270752435720946
s01e20a,1,rms,visual_cortex,some,1.0632833237150134
s01e20a,1,rms,visual_cortex,full,0.4197851607393205
s01e20a,1,rms,auditory_cortex,some,-1.2340806977119883
s01e20a,1,rms,auditory_cortex,full,-0.7202557409230819
s01e20a,1,rms,dorsal_str,some,0.010062974925298729
s01e20a,1,rms,dorsal_str,full,0.6019313441636752
s01e20a,1,rms,ventral_str,some,0.1617210227050377
s01e20a,1,rms,ventral_str,full,-0.07467075015210257
s01e20a,1,prob,rTPJ,some,0.025971427966497818
s01e20a,1,prob,rTPJ,full,0.6772353594884624
s01e20a,1,prob,visual_cortex,some,0.492015845792913
s01e20a,1,prob,visual_cortex,full,0.8515341542335196
s01e20a,1,prob,auditory_cortex,some,-0.4744636757122413
s01e20a,1,prob,auditory_cortex,full,-1.6084767410292018
s01e20a,1,prob,dorsal_str,some,0.5707189130778203
s01e20a,1,prob,dorsal_str,full,0.14174259412637202
s01e20a,1,prob,ventral_str,some,0.12419664588840715
s01e20a,1,prob,ventral_str,full,-0.2246947361863591
s01e20a,1,humor,rTPJ,some,0.03403478715180705
s01e20a,1,humor,rTPJ,full,0.3553691525841069
s01e20a,1,humor,visual_cortex,some,0.7127087377558998
s01e20a,1,humor,visual_cortex,full,0.5816676749932036
s01e20a,1,humor,auditory_cortex,some,-0.1819782655676208
s01e20a,1,humor,auditory_cortex,full,-1.1787025457908231
s01e20a,1,humor,dorsal_str,some,0.4016657103064479
s01e20a,1,humor,dorsal_str,full,0.42355528943421
s01e20a,1,humor,ventral_str,some,-0.10786164306335091
s01e20a,1,humor,ventral_str,full,0.04482100898762227
s01e20b,1,rms,rTPJ,some,-0.23391774541584573
s01e20b,1,rms,rTPJ,full,0.2147548757824903
s01e20b,1,rms,visual_cortex,some,0.3134152303030232
s01e20b,1,rms,visual_cortex,full,0.8235724881258114
s01e20b,1,rms,auditory_cortex,some,-1.2847381418814734
s01e20b,1,rms,auditory_cortex,full,-0.7675773043008278
s01e20b,1,rms,dorsal_str,some,-0.1585294150878188
s01e20b,1,rms,dorsal_str,full,0.3240088315513771
s01e20b,1,rms,ventral_str,some,0.018228740694241463
s01e20b,1,rms,ventral_str,full,0.2410010886909779
s01e20b,1,prob,rTPJ,some,-0.011342554485938166
s01e20b,1,prob,rTPJ,full,0.3428646678482993
s01e20b,1,prob,visual_cortex,some,0.9704338297932962
s01e20b,1,prob,visual_cortex,full,0.33577501420808775
s01e20b,1,prob,auditory_cortex,some,-0.7934297349436757
s01e20b,1,prob,auditory_cortex,full,-0.9880597118468067
s01e20b,1,prob,dorsal_str,some,0.26613119337604163
s01e20b,1,prob,dorsal_str,full,0.17122329579426282
s01e20b,1,prob,ventral_str,some,0.14831167677889606
s01e20b,1,prob,ventral_str,full,0.27391787194093725
s01e20b,1,humor,rTPJ,some,-0.2783886834130925
s01e20b,1,humor,rTPJ,full,0.4654923555011913
s01e20b,1,humor,visual_cortex,some,0.4603192223415443
s01e20b,1,humor,visual_cortex,full,0.943409264086297
s01e20b,1,humor,auditory_cortex,some,-1.133745906148372
s01e20b,1,humor,auditory_cortex,full,-0.6478290089236195
s01e20b,1,humor,dorsal_str,some,-0.08632314630925225
s01e20b,1,humor,dorsal_str,full,0.4932161012208618
s01e20b,1,humor,ventral_str,some,0.05106239494912279
s01e20b,1,humor,ventral_str,full,0.31953845852258506
s01e21a,1,rms,rTPJ,some,-0.1447982961435216
s01e21a,1,rms,rTPJ,full,0.17033566186767926
s01e21a,1,rms,visual_cortex,some,0.4994347414319571
s01e21a,1,rms,visual_cortex,full,-0.1787603390913997
s01e21a,1,rms,auditory_cortex,some,-0.15869416454754443
s01e21a,1,rms,auditory_cortex,full,-0.9914566858284048
s01e21a,1,rms,dorsal_str,some,-0.10102965457680677
s01e21a,1,rms,dorsal_str,full,0.322246365669677
s01e21a,1,rms,ventral_str,some,0.0121651774152918
s01e21a,1,rms,ventral_str,full,0.07214819522151072
s01e21a,1,prob,rTPJ,some,0.13314888618645931
s01e21a,1,prob,rTPJ,full,-0.06682103216211896
s01e21a,1,prob,visual_cortex,some,0.12631030387579043
s01e21a,1,prob,visual_cortex,full,-0.1368155186140655
s01e21a,1,prob,auditory_cortex,some,-0.6092887382103785
s01e21a,1,prob,auditory_cortex,full,-0.9557067990381808
s01e21a,1,prob,dorsal_str,some,0.04840767756299978
s01e21a,1,prob,dorsal_str,full,0.46974772200651776
s01e21a,1,prob,ventral_str,some,-0.05210786250384238
s01e21a,1,prob,ventral_str,full,0.27091978224146773
s01e21a,1,humor,rTPJ,some,-0.20763193535149482
s01e21a,1,humor,rTPJ,full,0.2467629337866814
s01e21a,1,humor,visual_cortex,some,0.1268552649241688
s01e21a,1,humor,visual_cortex,full,-0.0146773387279183
s01e21a,1,humor,auditory_cortex,some,-0.6757032939513462
s01e21a,1,humor,auditory_cortex,full,-0.7514698089190546
s01e21a,1,humor,dorsal_str,some,-0.16538234582216244
s01e21a,1,humor,dorsal_str,full,0.41193222084216385
s01e21a,1,humor,ventral_str,some,-0.18581466912645617
s01e21a,1,humor,ventral_str,full,0.207055013972499
s01e21b,1,rms,rTPJ,some,0.9835415412504422
s01e21b,1,rms,rTPJ,full,0.28870810312291667
s01e21b,1,rms,visual_cortex,some,1.898282078494495
s01e21b,1,rms,visual_cortex,full,0.01614226626348063
s01e21b,1,rms,auditory_cortex,some,-0.18817406784015211
s01e21b,1,rms,auditory_cortex,full,-0.6330317245857756
s01e21b,1,rms,dorsal_str,some,0.6461231962344993
s01e21b,1,rms,dorsal_str,full,0.1809157723333932
s01e21b,1,rms,ventral_str,some,0.25304445501139156
s01e21b,1,rms,ventral_str,full,0.18239145478021032
s01e21b,1,prob,rTPJ,some,0.53589335810811
s01e21b,1,prob,rTPJ,full,0.4141672411712012
s01e21b,1,prob,visual_cortex,some,0.4887026868651754
s01e21b,1,prob,visual_cortex,full,0.7533922358991287
s01e21b,1,prob,auditory_cortex,some,-0.49880592824033876
s01e21b,1,prob,auditory_cortex,full,-0.504231252923026
s01e21b,1,prob,dorsal_str,some,0.18760097508570622
s01e21b,1,prob,dorsal_str,full,0.585275641634089
s01e21b,1,prob,ventral_str,some,0.08978105157419417
s01e21b,1,prob,ventral_str,full,0.43266985164805083
s01e21b,1,humor,rTPJ,some,0.6420561009701399
s01e21b,1,humor,rTPJ,full,0.22991160540278907
s01e21b,1,humor,visual_cortex,some,0.8443960368410086
s01e21b,1,humor,visual_cortex,full,0.09056055275098543
s01e21b,1,humor,auditory_cortex,some,-0.3383730727294071
s01e21b,1,humor,auditory_cortex,full,-0.7947539610645169
s01e21b,1,humor,dorsal_str,some,0.19291151363679349
s01e21b,1,humor,dorsal_str,full,0.5487469304891239
s01e21b,1,humor,ventral_str,some,0.1321852627902787
s01e21b,1,humor,ventral_str,full,0.3325904253679389
s01e22a,1,rms,rTPJ,some,0.8602020518680549
s01e22a,1,rms,rTPJ,full,0.17178040583430695
s01e22a,1,rms,visual_cortex,some,1.66048324631749
s01e22a,1,rms,visual_cortex,full,0.25821349886575484
s01e22a,1,rms,auditory_cortex,some,0.5914057303679288
s01e22a,1,rms,auditory_cortex,full,-0.4785824111840902
s01e22a,1,rms,dorsal_str,some,0.7156606650175217
s01e22a,1,rms,dorsal_str,full,0.3704174364885026
s01e22a,1,rms,ventral_str,some,0.3473084737613464
s01e22a,1,rms,ventral_str,full,0.22560732405327188
s01e22a,1,prob,rTPJ,some,-0.06860741378094704
s01e22a,1,prob,rTPJ,full,0.763984639524396
s01e22a,1,prob,visual_cortex,some,0.8173171282561699
s01e22a,1,prob,visual_cortex,full,0.3358008884881887
s01e22a,1,prob,auditory_cortex,some,0.17979130374348173
s01e22a,1,prob,auditory_cortex,full,-0.6687996017506684
s01e22a,1,prob,dorsal_str,some,0.4459136173415956
s01e22a,1,prob,dorsal_str,full,0.4564141658868572
s01e22a,1,prob,ventral_str,some,0.11324883712513024
s01e22a,1,prob,ventral_str,full,0.40548578345447767
s01e22a,1,humor,rTPJ,some,0.597791180977009
s01e22a,1,humor,rTPJ,full,0.25587535478276374
s01e22a,1,humor,visual_cortex,some,0.82258829573174
s01e22a,1,humor,visual_cortex,full,0.5169972652354837
s01e22a,1,humor,auditory_cortex,some,-0.4454509530347232
s01e22a,1,humor,auditory_cortex,full,-0.16648788382649524
s01e22a,1,humor,dorsal_str,some,0.03730453306730316
s01e22a,1,humor,dorsal_str,full,0.5702626864036445
s01e22a,1,humor,ventral_str,some,0.027862038168439535
s01e22a,1,humor,ventral_str,full,0.3192168740975725
s01e22b,1,rms,rTPJ,some,0.9541199387904136
s01e22b,1,rms,rTPJ,full,0.3829455927693318
s01e22b,1,rms,visual_cortex,some,1.0900977523000805
s01e22b,1,rms,visual_cortex,full,-0.034089499051379944
s01e22b,1,rms,auditory_cortex,some,-0.40657511583539113
s01e22b,1,rms,auditory_cortex,full,-0.5019226730420698
s01e22b,1,rms,dorsal_str,some,0.4476045357280377
s01e22b,1,rms,dorsal_str,full,0.22234236227064497
s01e22b,1,rms,ventral_str,some,0.16611998665268918
s01e22b,1,rms,ventral_str,full,0.09614384663710097
s01e22b,1,prob,rTPJ,some,0.7001209223679767
s01e22b,1,prob,rTPJ,full,0.3337009254987484
s01e22b,1,prob,visual_cortex,some,0.6878933317012355
s01e22b,1,prob,visual_cortex,full,-0.24810548580242264
s01e22b,1,prob,auditory_cortex,some,-0.1314468225068303
s01e22b,1,prob,auditory_cortex,full,-0.8906311683058907
s01e22b,1,prob,dorsal_str,some,0.36776139585259815
s01e22b,1,prob,dorsal_str,full,0.1785599610026745
s01e22b,1,prob,ventral_str,some,0.1115499560690742
s01e22b,1,prob,ventral_str,full,0.11821265536148601
s01e22b,1,humor,rTPJ,some,0.5348318472267011
s01e22b,1,humor,rTPJ,full,0.531027415655237
s01e22b,1,humor,visual_cortex,some,0.15050464492798687
s01e22b,1,humor,visual_cortex,full,0.45465672836373183
s01e22b,1,humor,auditory_cortex,some,-0.5767263323239461
s01e22b,1,humor,auditory_cortex,full,-0.30439536139039136
s01e22b,1,humor,dorsal_str,some,0.1812904930305861
s01e22b,1,humor,dorsal_str,full,0.4549228074944749
s01e22b,1,humor,ventral_str,some,0.07633146354362846
s01e22b,1,humor,ventral_str,full,0.1805741139980625
s01e23a,1,rms,rTPJ,some,0.04465113014203148
s01e23a,1,rms,rTPJ,full,0.03302256901017406
s01e23a,1,rms,visual_cortex,some,0.6022590421579831
s01e23a,1,rms,visual_cortex,full,0.2993276504798859
s01e23a,1,rms,auditory_cortex,some,-0.22497291329710187
s01e23a,1,rms,auditory_cortex,full,-0.8859147950318299
s01e23a,1,rms,dorsal_str,some,0.19555719367897484
s01e23a,1,rms,dorsal_str,full,-0.020924613289652616
s01e23a,1,rms,ventral_str,some,0.21887236607269142
s01e23a,1,rms,ventral_str,full,-0.19025484787284214
s01e23a,1,prob,rTPJ,some,-0.052474750376620694
s01e23a,1,prob,rTPJ,full,0.09400682883407853
s01e23a,1,prob,visual_cortex,some,0.0422880298514511
s01e23a,1,prob,visual_cortex,full,0.7166365440640988
s01e23a,1,prob,auditory_cortex,some,-0.029515592490520867
s01e23a,1,prob,auditory_cortex,full,-0.8180084639894805
s01e23a,1,prob,dorsal_str,some,0.03757477278767654
s01e23a,1,prob,dorsal_str,full,0.13330540600083807
s01e23a,1,prob,ventral_str,some,0.08744318938604442
s01e23a,1,prob,ventral_str,full,0.0018518909431495117
s01e23a,1,humor,rTPJ,some,0.2249092547302319
s01e23a,1,humor,rTPJ,full,-0.08605293337790729
s01e23a,1,humor,visual_cortex,some,1.041990136411387
s01e23a,1,humor,visual_cortex,full,0.07519080074760234
s01e23a,1,humor,auditory_cortex,some,0.008704756103364172
s01e23a,1,humor,auditory_cortex,full,-0.8842192525792933
s01e23a,1,humor,dorsal_str,some,0.35169247507523066
s01e23a,1,humor,dorsal_str,full,-0.07419083067583176
s01e23a,1,humor,ventral_str,some,0.15403457208637703
s01e23a,1,humor,ventral_str,full,-0.04755714855261946
s01e23b,1,rms,rTPJ,some,0.31880643291435934
s01e23b,1,rms,rTPJ,full,-0.04825765175908383
s01e23b,1,rms,visual_cortex,some,0.7019861208421565
s01e23b,1,rms,visual_cortex,full,1.3719107086362394
s01e23b,1,rms,auditory_cortex,some,-0.18327951223531386
s01e23b,1,rms,auditory_cortex,full,-1.0820628498950735
s01e23b,1,rms,dorsal_str,some,0.3074141382000883
s01e23b,1,rms,dorsal_str,full,0.22265317130221085
s01e23b,1,rms,ventral_str,some,0.1726421593768917
s01e23b,1,rms,ventral_str,full,-0.002798691001651671
s01e23b,1,prob,rTPJ,some,0.19111644220258625
s01e23b,1,prob,rTPJ,full,0.12490119062258005
s01e23b,1,prob,visual_cortex,some,0.8578776221400509
s01e23b,1,prob,visual_cortex,full,1.1176731435848999
s01e23b,1,prob,auditory_cortex,some,-0.2526904611670662
s01e23b,1,prob,auditory_cortex,full,-0.852887567428574
s01e23b,1,prob,dorsal_str,some,0.22524162107386142
s01e23b,1,prob,dorsal_str,full,0.3048352277642352
s01e23b,1,prob,ventral_str,some,0.048638516103506654
s01e23b,1,prob,ventral_str,full,0.1303991297962279
s01e23b,1,humor,rTPJ,some,-0.11905035257187958
s01e23b,1,humor,rTPJ,full,0.6698134072456878
s01e23b,1,humor,visual_cortex,some,0.661531248591871
s01e23b,1,humor,visual_cortex,full,1.6443112534666429
s01e23b,1,humor,auditory_cortex,some,-0.5755823900154748
s01e23b,1,humor,auditory_cortex,full,-0.6055450287982409
s01e23b,1,humor,dorsal_str,some,0.14228183427690452
s01e23b,1,humor,dorsal_str,full,0.5091780775779768
s01e23b,1,humor,ventral_str,some,0.11493447190782338
s01e23b,1,humor,ventral_str,full,0.05464099183821515
s01e24a,1,rms,rTPJ,some,-0.17481743155563154
s01e24a,1,rms,rTPJ,full,0.3407634139954166
s01e24a,1,rms,visual_cortex,some,0.7310989883135521
s01e24a,1,rms,visual_cortex,full,0.2282472419813855
s01e24a,1,rms,auditory_cortex,some,-0.3923391929547599
s01e24a,1,rms,auditory_cortex,full,-0.5811209772058339
s01e24a,1,rms,dorsal_str,some,0.2393831100899849
s01e24a,1,rms,dorsal_str,full,0.36741668659553056
s01e24a,1,rms,ventral_str,some,0.12158326253385647
s01e24a,1,rms,ventral_str,full,0.17371230440981725
s01e24a,1,prob,rTPJ,some,0.17773933701465827
s01e24a,1,prob,rTPJ,full,-0.07340437826909717
s01e24a,1,prob,visual_cortex,some,0.2795294098321026
s01e24a,1,prob,visual_cortex,full,0.7421544443030333
s01e24a,1,prob,auditory_cortex,some,-0.31717401598061584
s01e24a,1,prob,auditory_cortex,full,-0.6379891984602467
s01e24a,1,prob,dorsal_str,some,0.472040378005356
s01e24a,1,prob,dorsal_str,full,0.11643170795329566
s01e24a,1,prob,ventral_str,some,0.29857268525263664
s01e24a,1,prob,ventral_str,full,-0.012455826470615975
s01e24a,1,humor,rTPJ,some,0.0021698261102339744
s01e24a,1,humor,rTPJ,full,0.13998091355769177
s01e24a,1,humor,visual_cortex,some,0.2901692251754366
s01e24a,1,humor,visual_cortex,full,0.876628360901552
s01e24a,1,humor,auditory_cortex,some,-0.5644438786781323
s01e24a,1,humor,auditory_cortex,full,-0.3266230910448169
s01e24a,1,humor,dorsal_str,some,0.21234449531868413
s01e24a,1,humor,dorsal_str,full,0.4372931716595357
s01e24a,1,humor,ventral_str,some,0.06596739911886744
s01e24a,1,humor,ventral_str,full,0.2774002746478708
s01e24b,1,rms,rTPJ,some,0.6045453573792138
s01e24b,1,rms,rTPJ,full,0.24975843460551322
s01e24b,1,rms,visual_cortex,some,0.5797584215647136
s01e24b,1,rms,visual_cortex,full,0.49802188592392144
s01e24b,1,rms,auditory_cortex,some,-0.24983649741994463
s01e24b,1,rms,auditory_cortex,full,-0.557532007720417
s01e24b,1,rms,dorsal_str,some,0.7947871882128913
s01e24b,1,rms,dorsal_str,full,0.40417998530669186
s01e24b,1,rms,ventral_str,some,0.5287993927745523
s01e24b,1,rms,ventral_str,full,0.02524525992215477
s01e24b,1,prob,rTPJ,some,0.49053016431779795
s01e24b,1,prob,rTPJ,full,0.3811782793064218
s01e24b,1,prob,visual_cortex,some,0.6341101996765712
s01e24b,1,prob,visual_cortex,full,0.49630211028673
s01e24b,1,prob,auditory_cortex,some,-0.14348664814076983
s01e24b,1,prob,auditory_cortex,full,-0.5250094404731483
s01e24b,1,prob,dorsal_str,some,0.6180597468569902
s01e24b,1,prob,dorsal_str,full,0.5691893271766859
s01e24b,1,prob,ventral_str,some,0.35967857489698707
s01e24b,1,prob,ventral_str,full,0.21466757097833483
s01e24b,1,humor,rTPJ,some,0.5589005086154034
s01e24b,1,humor,rTPJ,full,0.15654443484457584
s01e24b,1,humor,visual_cortex,some,0.474835022868593
s01e24b,1,humor,visual_cortex,full,0.6411556718302456
s01e24b,1,humor,auditory_cortex,some,-0.46084080987556597
s01e24b,1,humor,auditory_cortex,full,-0.33949019366052263
s01e24b,1,humor,dorsal_str,some,0.7087668852581749
s01e24b,1,humor,dorsal_str,full,0.3639180105484676
s01e24b,1,humor,ventral_str,some,0.3138528378288148
s01e24b,1,humor,ventral_str,full,0.15476718445864343
s02e01a,2,rms,rTPJ,some,-0.10021487328976983
s02e01a,2,rms,rTPJ,full,0.5038141588690052
s02e01a,2,rms,visual_cortex,some,0.47351464399360443
s02e01a,2,rms,visual_cortex,full,0.9711211047885037
s02e01a,2,rms,auditory_cortex,some,-0.4673508442214871
s02e01a,2,rms,auditory_cortex,full,-0.3826264367221207
s02e01a,2,rms,dorsal_str,some,-0.05714667931477049
s02e01a,2,rms,dorsal_str,full,0.522617392680391
s02e01a,2,rms,ventral_str,some,-0.22129656128151654
s02e01a,2,rms,ventral_str,full,0.08940661509384482
s02e01a,2,prob,rTPJ,some,-0.021990824420396515
s02e01a,2,prob,rTPJ,full,0.348414401830636
s02e01a,2,prob,visual_cortex,some,0.5607227573534487
s02e01a,2,prob,visual_cortex,full,0.8171549587576096
s02e01a,2,prob,auditory_cortex,some,-0.48331420881382225
s02e01a,2,prob,auditory_cortex,full,-0.37372608660540285
s02e01a,2,prob,dorsal_str,some,0.11829187614685262
s02e01a,2,prob,dorsal_str,full,0.2590866047946391
s02e01a,2,prob,ventral_str,some,-0.30418427112731417
s02e01a,2,prob,ventral_str,full,0.14979315497123838
s02e01a,2,humor,rTPJ,some,0.28502226448951795
s02e01a,2,humor,rTPJ,full,0.0035388293919388775
s02e01a,2,humor,visual_cortex,some,0.5108990620313869
s02e01a,2,humor,visual_cortex,full,0.8675790759265463
s02e01a,2,humor,auditory_cortex,some,-0.48956178973864445
s02e01a,2,humor,auditory_cortex,full,-0.3687594188073119
s02e01a,2,humor,dorsal_str,some,0.2772383150216389
s02e01a,2,humor,dorsal_str,full,0.08143077916596436
s02e01a,2,humor,ventral_str,some,-0.00255593950168391
s02e01a,2,humor,ventral_str,full,-0.19061109323576103
s02e01b,2,rms,rTPJ,some,-0.6044391239853268
s02e01b,2,rms,rTPJ,full,0.20226822494143798
s02e01b,2,rms,visual_cortex,some,0.08374345940372868
s02e01b,2,rms,visual_cortex,full,0.09036267724578946
s02e01b,2,rms,auditory_cortex,some,-0.2804296653585129
s02e01b,2,rms,auditory_cortex,full,-0.3398752542169254
s02e01b,2,rms,dorsal_str,some,0.12489684407487774
s02e01b,2,rms,dorsal_str,full,0.19949843012748067
s02e01b,2,rms,ventral_str,some,0.12019128034724356
s02e01b,2,rms,ventral_str,full,0.1814315388783396
s02e01b,2,prob,rTPJ,some,-0.484982025085837
s02e01b,2,prob,rTPJ,full,-0.004497575042714808
s02e01b,2,prob,visual_cortex,some,0.6318048529567661
s02e01b,2,prob,visual_cortex,full,-0.4359757053903898
s02e01b,2,prob,auditory_cortex,some,-0.11337721378544798
s02e01b,2,prob,auditory_cortex,full,-0.49328102472729984
s02e01b,2,prob,dorsal_str,some,0.14490891655964622
s02e01b,2,prob,dorsal_str,full,0.1717800591587726
s02e01b,2,prob,ventral_str,some,0.19152862101778273
s02e01b,2,prob,ventral_str,full,0.10602031560172888
s02e01b,2,humor,rTPJ,some,-0.2911873799316723
s02e01b,2,humor,rTPJ,full,-0.17346415092063205
s02e01b,2,humor,visual_cortex,some,-0.008548239838483048
s02e01b,2,humor,visual_cortex,full,0.20935556514744433
s02e01b,2,humor,auditory_cortex,some,-0.1716860817291767
s02e01b,2,humor,auditory_cortex,full,-0.48183296233169715
s02e01b,2,humor,dorsal_str,some,0.0941585428013104
s02e01b,2,humor,dorsal_str,full,0.24158731353069243
s02e01b,2,humor,ventral_str,some,0.05302641369303405
s02e01b,2,humor,ventral_str,full,0.26994341730365906
s02e02a,2,rms,rTPJ,some,-0.029125694047671548
s02e02a,2,rms,rTPJ,full,-0.041603535336942166
s02e02a,2,rms,visual_cortex,some,0.26278767467109565
s02e02a,2,rms,visual_cortex,full,0.6311844161934385
s02e02a,2,rms,auditory_cortex,some,-0.2876037702040022
s02e02a,2,rms,auditory_cortex,full,-0.5370891114121363
s02e02a,2,rms,dorsal_str,some,0.10936630345908901
s02e02a,2,rms,dorsal_str,full,0.23258238352277244
s02e02a,2,rms,ventral_str,some,0.030038539569247263
s02e02a,2,rms,ventral_str,full,0.011898407731371689
s02e02a,2,prob,rTPJ,some,0.07694620818291878
s02e02a,2,prob,rTPJ,full,-0.19815307943565105
s02e02a,2,prob,visual_cortex,some,0.8175741068041005
s02e02a,2,prob,visual_cortex,full,-0.09541820604058801
s02e02a,2,prob,auditory_cortex,some,-0.2235214354268037
s02e02a,2,prob,auditory_cortex,full,-0.6831051522032932
s02e02a,2,prob,dorsal_str,some,0.09712692826738589
s02e02a,2,prob,dorsal_str,full,0.27653598516067956
s02e02a,2,prob,ventral_str,some,-0.06743582274459614
s02e02a,2,prob,ventral_str,full,0.14946461729609997
s02e02a,2,humor,rTPJ,some,0.23324043119767818
s02e02a,2,humor,rTPJ,full,-0.27135152137210583
s02e02a,2,humor,visual_cortex,some,0.7276753452538305
s02e02a,2,humor,visual_cortex,full,0.19662885557546933
s02e02a,2,humor,auditory_cortex,some,-0.26501791031826216
s02e02a,2,humor,auditory_cortex,full,-0.5393963954217252
s02e02a,2,humor,dorsal_str,some,0.30075112577338725
s02e02a,2,humor,dorsal_str,full,0.05568522517645089
s02e02a,2,humor,ventral_str,some,-0.04931508935199384
s02e02a,2,humor,ventral_str,full,0.08292776469300375
s02e02b,2,rms,rTPJ,some,0.5203861539905933
s02e02b,2,rms,rTPJ,full,0.7222923979351024
s02e02b,2,rms,visual_cortex,some,0.9523954905556266
s02e02b,2,rms,visual_cortex,full,1.0947686358354005
s02e02b,2,rms,auditory_cortex,some,0.015907316942682596
s02e02b,2,rms,auditory_cortex,full,0.19421910022177802
s02e02b,2,rms,dorsal_str,some,0.11082335935286516
s02e02b,2,rms,dorsal_str,full,0.27093422228460107
s02e02b,2,rms,ventral_str,some,-0.14959734904304073
s02e02b,2,rms,ventral_str,full,0.06265402867619835
s02e02b,2,prob,rTPJ,some,0.7614452274319257
s02e02b,2,prob,rTPJ,full,0.4698838943022169
s02e02b,2,prob,visual_cortex,some,1.5135031913825838
s02e02b,2,prob,visual_cortex,full,0.6377633249417655
s02e02b,2,prob,auditory_cortex,some,0.6792250245317825
s02e02b,2,prob,auditory_cortex,full,-0.3500190316863154
s02e02b,2,prob,dorsal_str,some,0.18119868309787532
s02e02b,2,prob,dorsal_str,full,0.1569396055523546
s02e02b,2,prob,ventral_str,some,0.0007075678813391779
s02e02b,2,prob,ventral_str,full,-0.12913410861510125
s02e02b,2,humor,rTPJ,some,0.7536549420337909
s02e02b,2,humor,rTPJ,full,-0.009016213032941839
s02e02b,2,humor,visual_cortex,some,1.06784151117249
s02e02b,2,humor,visual_cortex,full,0.7603948894401104
s02e02b,2,humor,auditory_cortex,some,0.30550445604099685
s02e02b,2,humor,auditory_cortex,full,-0.7606462905051974
s02e02b,2,humor,dorsal_str,some,0.3013686354706354
s02e02b,2,humor,dorsal_str,full,-0.329560389596148
s02e02b,2,humor,ventral_str,some,0.018522934557000395
s02e02b,2,humor,ventral_str,full,-0.4210911261115119
s02e03a,2,rms,rTPJ,some,0.10007427924203981
s02e03a,2,rms,rTPJ,full,1.2146387774892515
s02e03a,2,rms,visual_cortex,some,0.738967956925092
s02e03a,2,rms,visual_cortex,full,1.0339438313064244
s02e03a,2,rms,auditory_cortex,some,-0.9865100311478744
s02e03a,2,rms,auditory_cortex,full,-0.7549952293327511
s02e03a,2,rms,dorsal_str,some,0.08342822091700902
s02e03a,2,rms,dorsal_str,full,0.6898730281845458
s02e03a,2,rms,ventral_str,some,0.16724250445966013
s02e03a,2,rms,ventral_str,full,-0.05302402289437642
s02e03a,2,prob,rTPJ,some,0.3854722244049385
s02e03a,2,prob,rTPJ,full,0.30075475805101476
s02e03a,2,prob,visual_cortex,some,0.5045374385511516
s02e03a,2,prob,visual_cortex,full,1.1660798306496283
s02e03a,2,prob,auditory_cortex,some,-0.8043284447113891
s02e03a,2,prob,auditory_cortex,full,-1.0931153735512593
s02e03a,2,prob,dorsal_str,some,-0.023960560497289556
s02e03a,2,prob,dorsal_str,full,0.5095653781368402
s02e03a,2,prob,ventral_str,some,0.11399385094330602
s02e03a,2,prob,ventral_str,full,0.12377812835421564
s02e03a,2,humor,rTPJ,some,0.5602253288942152
s02e03a,2,humor,rTPJ,full,0.30286470213251965
s02e03a,2,humor,visual_cortex,some,0.7921005713029181
s02e03a,2,humor,visual_cortex,full,0.8068780724576494
s02e03a,2,humor,auditory_cortex,some,-0.586746584249101
s02e03a,2,humor,auditory_cortex,full,-1.0074860164670325
s02e03a,2,humor,dorsal_str,some,0.21176081910101452
s02e03a,2,humor,dorsal_str,full,0.219084159845079
s02e03a,2,humor,ventral_str,some,0.23141503481140158
s02e03a,2,humor,ventral_str,full,0.09499003773074262
s02e03b,2,rms,rTPJ,some,-0.25797683758082873
s02e03b,2,rms,rTPJ,full,0.11411925350694857
s02e03b,2,rms,visual_cortex,some,0.16683597413481083
s02e03b,2,rms,visual_cortex,full,0.4969218953610925
s02e03b,2,rms,auditory_cortex,some,-0.572608432166391
s02e03b,2,rms,auditory_cortex,full,0.560319803953905
s02e03b,2,rms,dorsal_str,some,0.05828796492663278
s02e03b,2,rms,dorsal_str,full,0.39667870920390813
s02e03b,2,rms,ventral_str,some,-0.12428600682018931
s02e03b,2,rms,ventral_str,full,0.06016516478293388
s02e03b,2,prob,rTPJ,some,-0.03722284632047729
s02e03b,2,prob,rTPJ,full,-0.24540349184024007
s02e03b,2,prob,visual_cortex,some,-0.2472481363223702
s02e03b,2,prob,visual_cortex,full,1.1767286568032294
s02e03b,2,prob,auditory_cortex,some,-0.22078338830205566
s02e03b,2,prob,auditory_cortex,full,-0.009818323234844162
s02e03b,2,prob,dorsal_str,some,-0.08296390876322154
s02e03b,2,prob,dorsal_str,full,0.6297648816798712
s02e03b,2,prob,ventral_str,some,-0.20658001751580485
s02e03b,2,prob,ventral_str,full,0.19589528265227568
s02e03b,2,humor,rTPJ,some,-0.2884639129356025
s02e03b,2,humor,rTPJ,full,0.007221051781908849
s02e03b,2,humor,visual_cortex,some,0.6207209791986967
s02e03b,2,humor,visual_cortex,full,0.05774486030400296
s02e03b,2,humor,auditory_cortex,some,0.1919375810587149
s02e03b,2,humor,auditory_cortex,full,-0.3790359385478731
s02e03b,2,humor,dorsal_str,some,0.39131701854428036
s02e03b,2,humor,dorsal_str,full,0.041161943930629774
s02e03b,2,humor,ventral_str,some,-0.029917155401841422
s02e03b,2,humor,ventral_str,full,-0.07121439398824204
s02e04a,2,rms,rTPJ,some,0.0704543006244923
s02e04a,2,rms,rTPJ,full,0.4518580892649307
s02e04a,2,rms,visual_cortex,some,0.007846058785676643
s02e04a,2,rms,visual_cortex,full,0.5294565279938447
s02e04a,2,rms,auditory_cortex,some,-0.49897297538454116
s02e04a,2,rms,auditory_cortex,full,0.12207741379689624
s02e04a,2,rms,dorsal_str,some,0.03631456175639487
s02e04a,2,rms,dorsal_str,full,0.444639990209008
s02e04a,2,rms,ventral_str,some,-0.05667865195187427
s02e04a,2,rms,ventral_str,full,0.2582701085316373
s02e04a,2,prob,rTPJ,some,0.3623790990084166
s02e04a,2,prob,rTPJ,full,-0.06105540131595262
s02e04a,2,prob,visual_cortex,some,0.5270378620332017
s02e04a,2,prob,visual_cortex,full,-0.350397724207325
s02e04a,2,prob,auditory_cortex,some,0.13779875144857145
s02e04a,2,prob,auditory_cortex,full,-0.9531752735434219
s02e04a,2,prob,dorsal_str,some,0.16591562580340985
s02e04a,2,prob,dorsal_str,full,0.1675679182811757
s02e04a,2,prob,ventral_str,some,0.13763263645784243
s02e04a,2,prob,ventral_str,full,-0.09575084031301884
s02e04a,2,humor,rTPJ,some,0.3652776408523696
s02e04a,2,humor,rTPJ,full,0.08596103651646356
s02e04a,2,humor,visual_cortex,some,0.17649818542182444
s02e04a,2,humor,visual_cortex,full,0.1728747441646298
s02e04a,2,humor,auditory_cortex,some,-0.10517852756108316
s02e04a,2,humor,auditory_cortex,full,-0.42082107256831264
s02e04a,2,humor,dorsal_str,some,0.09395082943006676
s02e04a,2,humor,dorsal_str,full,0.2111146810136607
s02e04a,2,humor,ventral_str,some,-0.0538753292507737
s02e04a,2,humor,ventral_str,full,0.10368835208939936
s02e04b,2,rms,rTPJ,some,0.17763793061656086
s02e04b,2,rms,rTPJ,full,-0.17413103560647647
s02e04b,2,rms,visual_cortex,some,1.0994349765389928
s02e04b,2,rms,visual_cortex,full,1.2183322138431953
s02e04b,2,rms,auditory_cortex,some,0.001424612856862073
s02e04b,2,rms,auditory_cortex,full,-0.28876463352517123
s02e04b,2,rms,dorsal_str,some,0.23783064507464274
s02e04b,2,rms,dorsal_str,full,-0.08971434956070881
s02e04b,2,rms,ventral_str,some,0.008461088825718874
s02e04b,2,rms,ventral_str,full,-0.2888884885475357
s02e04b,2,prob,rTPJ,some,0.17736478655627205
s02e04b,2,prob,rTPJ,full,-0.0711264252797108
s02e04b,2,prob,visual_cortex,some,1.191830201376294
s02e04b,2,prob,visual_cortex,full,1.067903119903407
s02e04b,2,prob,auditory_cortex,some,0.21046114305448305
s02e04b,2,prob,auditory_cortex,full,-0.4659020638183395
s02e04b,2,prob,dorsal_str,some,0.08729954635216167
s02e04b,2,prob,dorsal_str,full,0.19442574831351947
s02e04b,2,prob,ventral_str,some,-0.15415837031497276
s02e04b,2,prob,ventral_str,full,0.00158042813342045
s02e04b,2,humor,rTPJ,some,-0.03092654329567531
s02e04b,2,humor,rTPJ,full,0.18046225052785844
s02e04b,2,humor,visual_cortex,some,1.4066347089072613
s02e04b,2,humor,visual_cortex,full,0.8244787626910914
s02e04b,2,humor,auditory_cortex,some,0.29904318979254424
s02e04b,2,humor,auditory_cortex,full,-0.5399212940077806
s02e04b,2,humor,dorsal_str,some,0.11209401120592627
s02e04b,2,humor,dorsal_str,full,0.1612073824073792
s02e04b,2,humor,ventral_str,some,-0.15073208933449522
s02e04b,2,humor,ventral_str,full,-0.00895273995098908
s02e05a,2,rms,rTPJ,some,-0.4078696701247274
s02e05a,2,rms,rTPJ,full,-0.3290769412152742
s02e05a,2,rms,visual_cortex,some,0.05770233872821488
s02e05a,2,rms,visual_cortex,full,-0.6332683214277509
s02e05a,2,rms,auditory_cortex,some,-0.6798206230196497
s02e05a,2,rms,auditory_cortex,full,-0.6152410846345635
s02e05a,2,rms,dorsal_str,some,-0.036845709690533156
s02e05a,2,rms,dorsal_str,full,0.11087071614772187
s02e05a,2,rms,ventral_str,some,0.12162963532554688
s02e05a,2,rms,ventral_str,full,0.08107266078218242
s02e05a,2,prob,rTPJ,some,-0.3572650764752246
s02e05a,2,prob,rTPJ,full,-0.42323685504710257
s02e05a,2,prob,visual_cortex,some,0.011193789211787125
s02e05a,2,prob,visual_cortex,full,-0.3377748307576074
s02e05a,2,prob,auditory_cortex,some,-0.18487636726354167
s02e05a,2,prob,auditory_cortex,full,-1.2976675523820578
s02e05a,2,prob,dorsal_str,some,0.10541003518078461
s02e05a,2,prob,dorsal_str,full,-0.12890080015375574
s02e05a,2,prob,ventral_str,some,0.21599006123558903
s02e05a,2,prob,ventral_str,full,-0.031171247273099473
s02e05a,2,humor,rTPJ,some,-0.4887584993127374
s02e05a,2,humor,rTPJ,full,-0.2360713247508687
s02e05a,2,humor,visual_cortex,some,0.10379367372836454
s02e05a,2,humor,visual_cortex,full,-0.4887074482446089
s02e05a,2,humor,auditory_cortex,some,-0.3741197135906884
s02e05a,2,humor,auditory_cortex,full,-1.077536717806327
s02e05a,2,humor,dorsal_str,some,-0.07734621194343799
s02e05a,2,humor,dorsal_str,full,0.12433260007725598
s02e05a,2,humor,ventral_str,some,0.14765394591552827
s02e05a,2,humor,ventral_str,full,0.05580003464428356
s02e05b,2,rms,rTPJ,some,0.07602010900749173
s02e05b,2,rms,rTPJ,full,0.4114474790691639
s02e05b,2,rms,visual_cortex,some,0.3417086715703147
s02e05b,2,rms,visual_cortex,full,0.08774500262282799
s02e05b,2,rms,auditory_cortex,some,-0.15973772896513252
s02e05b,2,rms,auditory_cortex,full,0.37483849742027997
s02e05b,2,rms,dorsal_str,some,0.4077473077080298
s02e05b,2,rms,dorsal_str,full,0.18266859608460306
s02e05b,2,rms,ventral_str,some,0.30847183151473845
s02e05b,2,rms,ventral_str,full,0.0970851864857944
s02e05b,2,prob,rTPJ,some,0.5642342726340861
s02e05b,2,prob,rTPJ,full,-0.22986055035343597
s02e05b,2,prob,visual_cortex,some,0.24694398893577155
s02e05b,2,prob,visual_cortex,full,0.22317538615756313
s02e05b,2,prob,auditory_cortex,some,0.40256255990972056
s02e05b,2,prob,auditory_cortex,full,-0.3723826450742691
s02e05b,2,prob,dorsal_str,some,0.43096243911842286
s02e05b,2,prob,dorsal_str,full,0.16614801944275295
s02e05b,2,prob,ventral_str,some,0.29309471779639407
s02e05b,2,prob,ventral_str,full,0.1289274752296806
s02e05b,2,humor,rTPJ,some,0.2734716796643588
s02e05b,2,humor,rTPJ,full,0.15269236663438585
s02e05b,2,humor,visual_cortex,some,0.2747238876700969
s02e05b,2,humor,visual_cortex,full,0.19576364314439737
s02e05b,2,humor,auditory_cortex,some,0.48262568720816246
s02e05b,2,humor,auditory_cortex,full,-0.3865956090849007
s02e05b,2,humor,dorsal_str,some,0.23123825915906576
s02e05b,2,humor,dorsal_str,full,0.4031840872872381
s02e05b,2,humor,ventral_str,some,0.10414680110813898
s02e05b,2,humor,ventral_str,full,0.34525396066386954
s02e06a,2,rms,rTPJ,some,0.19744621663720413
s02e06a,2,rms,rTPJ,full,0.5640638429151368
s02e06a,2,rms,visual_cortex,some,1.043434758323338
s02e06a,2,rms,visual_cortex,full,0.08140969913493641
s02e06a,2,rms,auditory_cortex,some,-0.05791691746385105
s02e06a,2,rms,auditory_cortex,full,-0.1655470059032509
s02e06a,2,rms,dorsal_str,some,0.04112115344637082
s02e06a,2,rms,dorsal_str,full,0.31406174357490757
s02e06a,2,rms,ventral_str,some,-0.16518681320431833
s02e06a,2,rms,ventral_str,full,0.3379931232013811
s02e06a,2,prob,rTPJ,some,0.6640554046699554
s02e06a,2,prob,rTPJ,full,-0.023929703554722792
s02e06a,2,prob,visual_cortex,some,0.5365053424423025
s02e06a,2,prob,visual_cortex,full,0.3497814677457535
s02e06a,2,prob,auditory_cortex,some,-0.23695306959737447
s02e06a,2,prob,auditory_cortex,full,0.08177456181054399
s02e06a,2,prob,dorsal_str,some,0.1955586745146423
s02e06a,2,prob,dorsal_str,full,0.2190652458514576
s02e06a,2,prob,ventral_str,some,0.07389402393331902
s02e06a,2,prob,ventral_str,full,0.2439256944125296
s02e06a,2,humor,rTPJ,some,0.5093703764899442
s02e06a,2,humor,rTPJ,full,0.3689365483037186
s02e06a,2,humor,visual_cortex,some,0.49628904097429255
s02e06a,2,humor,visual_cortex,full,0.45551031817469634
s02e06a,2,humor,auditory_cortex,some,-0.11477798061137698
s02e06a,2,humor,auditory_cortex,full,-0.125905556664125
s02e06a,2,humor,dorsal_str,some,0.11490963073502089
s02e06a,2,humor,dorsal_str,full,0.24931979333357943
s02e06a,2,humor,ventral_str,some,-0.12961514949740924
s02e06a,2,humor,ventral_str,full,0.26969934719012023
s02e06b,2,rms,rTPJ,some,0.06861989974371685
s02e06b,2,rms,rTPJ,full,0.37616591675896494
s02e06b,2,rms,visual_cortex,some,-0.10747419917932605
s02e06b,2,rms,visual_cortex,full,0.10704050777568193
s02e06b,2,rms,auditory_cortex,some,-0.40007620972076596
s02e06b,2,rms,auditory_cortex,full,-0.42932768237586016
s02e06b,2,rms,dorsal_str,some,0.17284454309704494
s02e06b,2,rms,dorsal_str,full,0.03903457858684677
s02e06b,2,rms,ventral_str,some,-0.008665192269245545
s02e06b,2,rms,ventral_str,full,0.22694578760945772
s02e06b,2,prob,rTPJ,some,0.4637345594515814
s02e06b,2,prob,rTPJ,full,-0.03919445393927494
s02e06b,2,prob,visual_cortex,some,0.5403211113213047
s02e06b,2,prob,visual_cortex,full,-0.586320203593626
s02e06b,2,prob,auditory_cortex,some,-0.09038732281649467
s02e06b,2,prob,auditory_cortex,full,-0.7664286082814427
s02e06b,2,prob,dorsal_str,some,0.27681805929317943
s02e06b,2,prob,dorsal_str,full,-0.07943717936360833
s02e06b,2,prob,ventral_str,some,0.2579542716893162
s02e06b,2,prob,ventral_str,full,-0.05213602068341761
s02e06b,2,humor,rTPJ,some,0.13042995293563714
s02e06b,2,humor,rTPJ,full,0.3408715690922644
s02e06b,2,humor,visual_cortex,some,-0.3881395408083708
s02e06b,2,humor,visual_cortex,full,0.49900312049113627
s02e06b,2,humor,auditory_cortex,some,-0.5212433240099236
s02e06b,2,humor,auditory_cortex,full,-0.2776382240309492
s02e06b,2,humor,dorsal_str,some,0.02410283625406154
s02e06b,2,humor,dorsal_str,full,0.21116433263561207
s02e06b,2,humor,ventral_str,some,0.029912485409460475
s02e06b,2,humor,ventral_str,full,0.21119691168814364
s02e07a,2,rms,rTPJ,some,0.3043625645815047
s02e07a,2,rms,rTPJ,full,0.5005768163275848
s02e07a,2,rms,visual_cortex,some,0.2920795427889974
s02e07a,2,rms,visual_cortex,full,0.285366887582551
s02e07a,2,rms,auditory_cortex,some,-0.7893994229038672
s02e07a,2,rms,auditory_cortex,full,-0.4189556390678345
s02e07a,2,rms,dorsal_str,some,-0.0976975031166856
s02e07a,2,rms,dorsal_str,full,0.17739792187210293
s02e07a,2,rms,ventral_str,some,-0.10387768307826828
s02e07a,2,rms,ventral_str,full,-0.21183982514188582
s02e07a,2,prob,rTPJ,some,0.3643168441530994
s02e07a,2,prob,rTPJ,full,0.3916342804835128
s02e07a,2,prob,visual_cortex,some,0.4164828906589747
s02e07a,2,prob,visual_cortex,full,0.12277103654181085
s02e07a,2,prob,auditory_cortex,some,-0.5153034060005596
s02e07a,2,prob,auditory_cortex,full,-0.8362692807180578
s02e07a,2,prob,dorsal_str,some,0.059921248343085
s02e07a,2,prob,dorsal_str,full,-0.07209565688824057
s02e07a,2,prob,ventral_str,some,-0.06479965510834416
s02e07a,2,prob,ventral_str,full,-0.24668428243893062
s02e07a,2,humor,rTPJ,some,0.3654669399247331
s02e07a,2,humor,rTPJ,full,0.3839701232288145
s02e07a,2,humor,visual_cortex,some,-0.41618366341040325
s02e07a,2,humor,visual_cortex,full,0.810232679454626
s02e07a,2,humor,auditory_cortex,some,-0.513238785443692
s02e07a,2,humor,auditory_cortex,full,-0.7577095188455256
s02e07a,2,humor,dorsal_str,some,0.013185641752932076
s02e07a,2,humor,dorsal_str,full,-0.004684342390462615
s02e07a,2,humor,ventral_str,some,-0.1501507714513141
s02e07a,2,humor,ventral_str,full,-0.13834772123393446
s02e07b,2,rms,rTPJ,some,0.4102717324668339
s02e07b,2,rms,rTPJ,full,0.16630523077120105
s02e07b,2,rms,visual_cortex,some,0.4372218671798696
s02e07b,2,rms,visual_cortex,full,0.416068196783595
s02e07b,2,rms,auditory_cortex,some,-0.2514152094294207
s02e07b,2,rms,auditory_cortex,full,0.2451009315648281
s02e07b,2,rms,dorsal_str,some,0.010822690476768163
s02e07b,2,rms,dorsal_str,full,-0.2779416251123238
s02e07b,2,rms,ventral_str,some,-0.21929355640144857
s02e07b,2,rms,ventral_str,full,-0.20110688595364054
s02e07b,2,prob,rTPJ,some,0.3114592289126679
s02e07b,2,prob,rTPJ,full,0.3493150734523035
s02e07b,2,prob,visual_cortex,some,0.21718834334669804
s02e07b,2,prob,visual_cortex,full,0.7539486929013214
s02e07b,2,prob,auditory_cortex,some,-0.1080856859339816
s02e07b,2,prob,auditory_cortex,full,-0.03938448114291901
s02e07b,2,prob,dorsal_str,some,0.010905428484834695
s02e07b,2,prob,dorsal_str,full,-0.23955036323136358
s02e07b,2,prob,ventral_str,some,-0.10446370714943704
s02e07b,2,prob,ventral_str,full,-0.3783913738001011
s02e07b,2,humor,rTPJ,some,0.15505211289259818
s02e07b,2,humor,rTPJ,full,0.7020492287944821
s02e07b,2,humor,visual_cortex,some,0.15516186465985224
s02e07b,2,humor,visual_cortex,full,1.032057551303848
s02e07b,2,humor,auditory_cortex,some,-0.16382121828894786
s02e07b,2,humor,auditory_cortex,full,0.10093895083163028
s02e07b,2,humor,dorsal_str,some,-0.10350256174413044
s02e07b,2,humor,dorsal_str,full,-0.05522229115263118
s02e07b,2,humor,ventral_str,some,-0.20648076388343886
s02e07b,2,humor,ventral_str,full,-0.2274315172680619
s02e08a,2,rms,rTPJ,some,0.08589522041230933
s02e08a,2,rms,rTPJ,full,0.2654940420723794
s02e08a,2,rms,visual_cortex,some,1.1357353934948127
s02e08a,2,rms,visual_cortex,full,0.7537615390341581
s02e08a,2,rms,auditory_cortex,some,-0.5242192209931198
s02e08a,2,rms,auditory_cortex,full,-0.33019483995712934
s02e08a,2,rms,dorsal_str,some,0.17691896041840366
s02e08a,2,rms,dorsal_str,full,0.26099498310538244
s02e08a,2,rms,ventral_str,some,0.06144681503354485
s02e08a,2,rms,ventral_str,full,0.0672868864510898
s02e08a,2,prob,rTPJ,some,0.08010924698295821
s02e08a,2,prob,rTPJ,full,0.26674989728869186
s02e08a,2,prob,visual_cortex,some,0.6851477509620965
s02e08a,2,prob,visual_cortex,full,1.2848907652609212
s02e08a,2,prob,auditory_cortex,some,-0.5747417067805198
s02e08a,2,prob,auditory_cortex,full,-0.27778470422273693
s02e08a,2,prob,dorsal_str,some,0.129598262230614
s02e08a,2,prob,dorsal_str,full,0.3130287489271679
s02e08a,2,prob,ventral_str,some,-0.07946378871556106
s02e08a,2,prob,ventral_str,full,0.22960630681377325
s02e08a,2,humor,rTPJ,some,0.04543003852951169
s02e08a,2,humor,rTPJ,full,0.19779320715522875
s02e08a,2,humor,visual_cortex,some,0.9157017439134929
s02e08a,2,humor,visual_cortex,full,0.9759437274501108
s02e08a,2,humor,auditory_cortex,some,-0.03482721581564027
s02e08a,2,humor,auditory_cortex,full,-0.539520541691009
s02e08a,2,humor,dorsal_str,some,0.07669402735502712
s02e08a,2,humor,dorsal_str,full,0.2500662140177377
s02e08a,2,humor,ventral_str,some,-0.11228441897216983
s02e08a,2,humor,ventral_str,full,0.10913050205831196
s02e08b,2,rms,rTPJ,some,0.3692630069925249
s02e08b,2,rms,rTPJ,full,0.14863608240305728
s02e08b,2,rms,visual_cortex,some,0.8636177304225624
s02e08b,2,rms,visual_cortex,full,-0.18145546902937695
s02e08b,2,rms,auditory_cortex,some,-0.08828181480220645
s02e08b,2,rms,auditory_cortex,full,0.01436251314579036
s02e08b,2,rms,dorsal_str,some,0.002756691709560482
s02e08b,2,rms,dorsal_str,full,0.4504228007974036
s02e08b,2,rms,ventral_str,some,-0.14148417234095928
s02e08b,2,rms,ventral_str,full,0.24770626433348975
s02e08b,2,prob,rTPJ,some,0.7977656995101721
s02e08b,2,prob,rTPJ,full,-0.10617014617341451
s02e08b,2,prob,visual_cortex,some,0.970004957944383
s02e08b,2,prob,visual_cortex,full,0.11010552592017933
s02e08b,2,prob,auditory_cortex,some,-0.315251536592972
s02e08b,2,prob,auditory_cortex,full,0.154422675582898
s02e08b,2,prob,dorsal_str,some,0.2734589156477142
s02e08b,2,prob,dorsal_str,full,0.07911327280353803
s02e08b,2,prob,ventral_str,some,0.01992813340440671
s02e08b,2,prob,ventral_str,full,-0.017500984133694567
s02e08b,2,humor,rTPJ,some,0.07150865146596896
s02e08b,2,humor,rTPJ,full,0.4304380162213721
s02e08b,2,humor,visual_cortex,some,0.8545839365247474
s02e08b,2,humor,visual_cortex,full,0.24933322438719108
s02e08b,2,humor,auditory_cortex,some,0.38314711422628694
s02e08b,2,humor,auditory_cortex,full,-0.3315051174797375
s02e08b,2,humor,dorsal_str,some,-0.0564269560626658
s02e08b,2,humor,dorsal_str,full,0.3065678471812765
s02e08b,2,humor,ventral_str,some,-0.3885111718414822
s02e08b,2,humor,ventral_str,full,0.24881127452574497
s02e09a,2,rms,rTPJ,some,-0.10107752949825863
s02e09a,2,rms,rTPJ,full,-0.08341180561378023
s02e09a,2,rms,visual_cortex,some,0.1489831426565455
s02e09a,2,rms,visual_cortex,full,0.6073013083175557
s02e09a,2,rms,auditory_cortex,some,-0.9869795601402184
s02e09a,2,rms,auditory_cortex,full,-0.6165341818973552
s02e09a,2,rms,dorsal_str,some,-0.28086063593063704
s02e09a,2,rms,dorsal_str,full,-0.01919700133572215
s02e09a,2,rms,ventral_str,some,-0.38464039889465046
s02e09a,2,rms,ventral_str,full,-0.013379919990989385
s02e09a,2,prob,rTPJ,some,-0.3451239237626009
s02e09a,2,prob,rTPJ,full,0.2040296727781693
s02e09a,2,prob,visual_cortex,some,0.3246134691043676
s02e09a,2,prob,visual_cortex,full,0.24925284240714643
s02e09a,2,prob,auditory_cortex,some,-0.7953156612763267
s02e09a,2,prob,auditory_cortex,full,-0.9656349509101434
s02e09a,2,prob,dorsal_str,some,-0.3584983595630527
s02e09a,2,prob,dorsal_str,full,-0.00993728212945566
s02e09a,2,prob,ventral_str,some,-0.48871218794362736
s02e09a,2,prob,ventral_str,full,-0.0075492337320881425
s02e09a,2,humor,rTPJ,some,-0.19214472965137858
s02e09a,2,humor,rTPJ,full,0.008421720496542245
s02e09a,2,humor,visual_cortex,some,0.25402721302939646
s02e09a,2,humor,visual_cortex,full,0.32955931683588563
s02e09a,2,humor,auditory_cortex,some,-0.7475567657951453
s02e09a,2,humor,auditory_cortex,full,-1.0076024562046486
s02e09a,2,humor,dorsal_str,some,-0.23630406023495193
s02e09a,2,humor,dorsal_str,full,-0.16114749001767242
s02e09a,2,humor,ventral_str,some,-0.14121712346636398
s02e09a,2,humor,ventral_str,full,-0.4090534322001768
s02e09b,2,rms,rTPJ,some,0.3634818648318166
s02e09b,2,rms,rTPJ,full,0.41832511028957486
s02e09b,2,rms,visual_cortex,some,0.397498163694339
s02e09b,2,rms,visual_cortex,full,0.4856364744935335
s02e09b,2,rms,auditory_cortex,some,-0.6437066612347463
s02e09b,2,rms,auditory_cortex,full,-0.5842441244352514
s02e09b,2,rms,dorsal_str,some,0.07535981041893719
s02e09b,2,rms,dorsal_str,full,0.12552541266306788
s02e09b,2,rms,ventral_str,some,0.0186086730488053
s02e09b,2,rms,ventral_str,full,0.1063859782423097
s02e09b,2,prob,rTPJ,some,0.20083353782754843
s02e09b,2,prob,rTPJ,full,0.6654570130068125
s02e09b,2,prob,visual_cortex,some,0.34274929913953844
s02e09b,2,prob,visual_cortex,full,0.5785119125169023
s02e09b,2,prob,auditory_cortex,some,-0.49701873547903436
s02e09b,2,prob,auditory_cortex,full,-0.7919795217167017
s02e09b,2,prob,dorsal_str,some,0.049701204263065374
s02e09b,2,prob,dorsal_str,full,0.17028422099694132
s02e09b,2,prob,ventral_str,some,-0.08968718945642715
s02e09b,2,prob,ventral_str,full,0.27806124665127513
s02e09b,2,humor,rTPJ,some,0.18611796064904013
s02e09b,2,humor,rTPJ,full,0.7278533649649862
s02e09b,2,humor,visual_cortex,some,0.23753275482573577
s02e09b,2,humor,visual_cortex,full,0.7737603738514466
s02e09b,2,humor,auditory_cortex,some,-0.6253798696362217
s02e09b,2,humor,auditory_cortex,full,-0.6011404898187601
s02e09b,2,humor,dorsal_str,some,-0.13675074675340004
s02e09b,2,humor,dorsal_str,full,0.49211975884648407
s02e09b,2,humor,ventral_str,some,-0.1918579750700613
s02e09b,2,humor,ventral_str,full,0.47894169479071036
s02e10a,2,rms,rTPJ,some,0.3416105744126766
s02e10a,2,rms,rTPJ,full,0.29164929465092987
s02e10a,2,rms,visual_cortex,some,0.08145598670239865
s02e10a,2,rms,visual_cortex,full,0.7514542921981129
s02e10a,2,rms,auditory_cortex,some,-1.1467487203460411
s02e10a,2,rms,auditory_cortex,full,-0.43050320319416635
s02e10a,2,rms,dorsal_str,some,0.2255646182170858
s02e10a,2,rms,dorsal_str,full,0.11545492222041237
s02e10a,2,rms,ventral_str,some,0.5967881101590473
s02e10a,2,rms,ventral_str,full,0.15577788524589975
s02e10a,2,prob,rTPJ,some,0.349822011614705
s02e10a,2,prob,rTPJ,full,0.25213050148347715
s02e10a,2,prob,visual_cortex,some,0.3221413754389131
s02e10a,2,prob,visual_cortex,full,0.6783550463827683
s02e10a,2,prob,auditory_cortex,some,-0.42657490828937217
s02e10a,2,prob,auditory_cortex,full,-1.3043679854841954
s02e10a,2,prob,dorsal_str,some,0.36747563182344484
s02e10a,2,prob,dorsal_str,full,-0.18448665102343306
s02e10a,2,prob,ventral_str,some,0.5312768402984016
s02e10a,2,prob,ventral_str,full,0.04416679900197968
s02e10a,2,humor,rTPJ,some,-0.10295865903500291
s02e10a,2,humor,rTPJ,full,0.506110653774322
s02e10a,2,humor,visual_cortex,some,0.234985450296122
s02e10a,2,humor,visual_cortex,full,0.5537437469388078
s02e10a,2,humor,auditory_cortex,some,-0.5544662873371127
s02e10a,2,humor,auditory_cortex,full,-0.8392895983052711
s02e10a,2,humor,dorsal_str,some,-0.03658317456138083
s02e10a,2,humor,dorsal_str,full,0.25719284725212366
s02e10a,2,humor,ventral_str,some,0.21357200401469384
s02e10a,2,humor,ventral_str,full,0.4160237176686401
s02e10b,2,rms,rTPJ,some,0.7526179712911577
s02e10b,2,rms,rTPJ,full,0.2444295592371449
s02e10b,2,rms,visual_cortex,some,0.9114695289020788
s02e10b,2,rms,visual_cortex,full,-0.04892207799726365
s02e10b,2,rms,auditory_cortex,some,-0.6065643574634688
s02e10b,2,rms,auditory_cortex,full,-0.562977257002284
s02e10b,2,rms,dorsal_str,some,0.3944548475669565
s02e10b,2,rms,dorsal_str,full,0.34797819887777826
s02e10b,2,rms,ventral_str,some,0.0592737197897077
s02e10b,2,rms,ventral_str,full,0.2464090450820144
s02e10b,2,prob,rTPJ,some,0.5046453098709541
s02e10b,2,prob,rTPJ,full,0.6394499922037177
s02e10b,2,prob,visual_cortex,some,0.443301877097684
s02e10b,2,prob,visual_cortex,full,0.6968529931196747
s02e10b,2,prob,auditory_cortex,some,-0.44926483534322387
s02e10b,2,prob,auditory_cortex,full,-0.8182827093669561
s02e10b,2,prob,dorsal_str,some,0.4126312240388444
s02e10b,2,prob,dorsal_str,full,0.31760345226501707
s02e10b,2,prob,ventral_str,some,0.10014678258911902
s02e10b,2,prob,ventral_str,full,0.18305115414874643
s02e10b,2,humor,rTPJ,some,-0.09778069658542629
s02e10b,2,humor,rTPJ,full,0.9368337456539215
s02e10b,2,humor,visual_cortex,some,-0.13683964559426595
s02e10b,2,humor,visual_cortex,full,0.9340250100868142
s02e10b,2,humor,auditory_cortex,some,-0.542530147593804
s02e10b,2,humor,auditory_cortex,full,-0.617176558183315
s02e10b,2,humor,dorsal_str,some,0.2794501435788278
s02e10b,2,humor,dorsal_str,full,0.43299474021582
s02e10b,2,humor,ventral_str,some,-0.03626820828618717
s02e10b,2,humor,ventral_str,full,0.229559416404791
s02e11a,2,rms,rTPJ,some,0.9924752077311982
s02e11a,2,rms,rTPJ,full,0.36120237649122716
s02e11a,2,rms,visual_cortex,some,0.8230705677039443
s02e11a,2,rms,visual_cortex,full,0.3443863127247445
s02e11a,2,rms,auditory_cortex,some,-0.3670092389713453
s02e11a,2,rms,auditory_cortex,full,-0.5674787855910792
s02e11a,2,rms,dorsal_str,some,0.18771816065667984
s02e11a,2,rms,dorsal_str,full,0.3379234970403009
s02e11a,2,rms,ventral_str,some,0.09412242815038604
s02e11a,2,rms,ventral_str,full,0.22213633042956157
s02e11a,2,prob,rTPJ,some,0.6109344631647975
s02e11a,2,prob,rTPJ,full,0.5630312522382649
s02e11a,2,prob,visual_cortex,some,1.035988562867327
s02e11a,2,prob,visual_cortex,full,0.19606703864068217
s02e11a,2,prob,auditory_cortex,some,-0.20082440149390274
s02e11a,2,prob,auditory_cortex,full,-0.6758070438425424
s02e11a,2,prob,dorsal_str,some,0.27579545182389376
s02e11a,2,prob,dorsal_str,full,0.29152437482636995
s02e11a,2,prob,ventral_str,some,0.19336757207707223
s02e11a,2,prob,ventral_str,full,0.16808290010027296
s02e11a,2,humor,rTPJ,some,0.5930914555302027
s02e11a,2,humor,rTPJ,full,0.5780110620310618
s02e11a,2,humor,visual_cortex,some,1.4409069284596008
s02e11a,2,humor,visual_cortex,full,0.28160128492031783
s02e11a,2,humor,auditory_cortex,some,-0.50426523732196
s02e11a,2,humor,auditory_cortex,full,-0.4960554050767185
s02e11a,2,humor,dorsal_str,some,0.42680165064956826
s02e11a,2,humor,dorsal_str,full,0.2507891976295183
s02e11a,2,humor,ventral_str,some,-0.009967559867267314
s02e11a,2,humor,ventral_str,full,0.22384064026722597
s02e11b,2,rms,rTPJ,some,0.9103516892605326
s02e11b,2,rms,rTPJ,full,0.1055185572180489
s02e11b,2,rms,visual_cortex,some,1.0606699952290204
s02e11b,2,rms,visual_cortex,full,0.2488675152140699
s02e11b,2,rms,auditory_cortex,some,0.24428410421217223
s02e11b,2,rms,auditory_cortex,full,-0.5604647692688391
s02e11b,2,rms,dorsal_str,some,0.7878008199619057
s02e11b,2,rms,dorsal_str,full,-0.04118785861811085
s02e11b,2,rms,ventral_str,some,0.4869715863372559
s02e11b,2,rms,ventral_str,full,0.011249158987343761
s02e11b,2,prob,rTPJ,some,0.37664800951931876
s02e11b,2,prob,rTPJ,full,0.2328564689700693
s02e11b,2,prob,visual_cortex,some,0.24960003699077726
s02e11b,2,prob,visual_cortex,full,0.6360136300906725
s02e11b,2,prob,auditory_cortex,some,-0.09264849441736936
s02e11b,2,prob,auditory_cortex,full,-0.6197297198787154
s02e11b,2,prob,dorsal_str,some,0.28179259757471814
s02e11b,2,prob,dorsal_str,full,0.04850839728119016
s02e11b,2,prob,ventral_str,some,0.1937846034042821
s02e11b,2,prob,ventral_str,full,0.06538723978101738
s02e11b,2,humor,rTPJ,some,0.42330652502934224
s02e11b,2,humor,rTPJ,full,0.19414114467505095
s02e11b,2,humor,visual_cortex,some,0.30441763763904867
s02e11b,2,humor,visual_cortex,full,0.5774162562410992
s02e11b,2,humor,auditory_cortex,some,-0.08634436232922883
s02e11b,2,humor,auditory_cortex,full,-0.6129747828567509
s02e11b,2,humor,dorsal_str,some,0.2749387988942822
s02e11b,2,humor,dorsal_str,full,0.06020200491959027
s02e11b,2,humor,ventral_str,some,0.19791170856351833
s02e11b,2,humor,ventral_str,full,0.06469394186114902
s02e12a,2,rms,rTPJ,some,0.05189048653120208
s02e12a,2,rms,rTPJ,full,0.202126074610685
s02e12a,2,rms,visual_cortex,some,0.614697724375252
s02e12a,2,rms,visual_cortex,full,0.25132819948538154
s02e12a,2,rms,auditory_cortex,some,0.0006423157283909076
s02e12a,2,rms,auditory_cortex,full,0.07853625641218717
s02e12a,2,rms,dorsal_str,some,0.41855709580880773
s02e12a,2,rms,dorsal_str,full,0.22898136459548063
s02e12a,2,rms,ventral_str,some,0.22658573714635724
s02e12a,2,rms,ventral_str,full,0.036973306823738464
s02e12a,2,prob,rTPJ,some,0.2691635797165689
s02e12a,2,prob,rTPJ,full,-0.12271328538756654
s02e12a,2,prob,visual_cortex,some,0.37702204426212427
s02e12a,2,prob,visual_cortex,full,0.4674928275083702
s02e12a,2,prob,auditory_cortex,some,0.28087658268993493
s02e12a,2,prob,auditory_cortex,full,-0.4214667390963619
s02e12a,2,prob,dorsal_str,some,0.38588896884742563
s02e12a,2,prob,dorsal_str,full,0.16104946215432753
s02e12a,2,prob,ventral_str,some,0.16036179396148192
s02e12a,2,prob,ventral_str,full,0.03540955477730693
s02e12a,2,humor,rTPJ,some,-0.05398257969387635
s02e12a,2,humor,rTPJ,full,0.20625897402132418
s02e12a,2,humor,visual_cortex,some,-0.14399590763926745
s02e12a,2,humor,visual_cortex,full,0.6050027623652999
s02e12a,2,humor,auditory_cortex,some,-0.49226302886035667
s02e12a,2,humor,auditory_cortex,full,0.23765360122112097
s02e12a,2,humor,dorsal_str,some,0.15593211640613608
s02e12a,2,humor,dorsal_str,full,0.36576379694920746
s02e12a,2,humor,ventral_str,some,0.3582951979043169
s02e12a,2,humor,ventral_str,full,0.03244275221247442
s02e12b,2,rms,rTPJ,some,0.21844253921150458
s02e12b,2,rms,rTPJ,full,0.19735910278632363
s02e12b,2,rms,visual_cortex,some,0.8980860540246982
s02e12b,2,rms,visual_cortex,full,-0.07962728219622048
s02e12b,2,rms,auditory_cortex,some,-0.26586259948920243
s02e12b,2,rms,auditory_cortex,full,-0.12077564900313141
s02e12b,2,rms,dorsal_str,some,0.0033158323180101784
s02e12b,2,rms,dorsal_str,full,0.2846268981373245
s02e12b,2,rms,ventral_str,some,-0.1334813930333602
s02e12b,2,rms,ventral_str,full,-0.10698604323719799
s02e12b,2,prob,rTPJ,some,0.203404739226504
s02e12b,2,prob,rTPJ,full,0.20390929199379515
s02e12b,2,prob,visual_cortex,some,0.03891507967402734
s02e12b,2,prob,visual_cortex,full,0.3724523504522798
s02e12b,2,prob,auditory_cortex,some,-0.08405654938289822
s02e12b,2,prob,auditory_cortex,full,-0.23764376906247917
s02e12b,2,prob,dorsal_str,some,-0.021393749847577914
s02e12b,2,prob,dorsal_str,full,0.4037962072108716
s02e12b,2,prob,ventral_str,some,-0.16316784187331707
s02e12b,2,prob,ventral_str,full,-0.0706838766815226
s02e12b,2,humor,rTPJ,some,0.06693799402105866
s02e12b,2,humor,rTPJ,full,0.2688574415480645
s02e12b,2,humor,visual_cortex,some,0.7066957717801081
s02e12b,2,humor,visual_cortex,full,-0.06548997610779791
s02e12b,2,humor,auditory_cortex,some,0.26719683546610107
s02e12b,2,humor,auditory_cortex,full,-0.4034563632694988
s02e12b,2,humor,dorsal_str,some,-0.011387595480632645
s02e12b,2,humor,dorsal_str,full,0.29108014617636163
s02e12b,2,humor,ventral_str,some,-0.2809934910933173
s02e12b,2,humor,ventral_str,full,-0.03090640519946192
s02e13a,2,rms,rTPJ,some,0.0672416551861337
s02e13a,2,rms,rTPJ,full,-0.10992278737983777
s02e13a,2,rms,visual_cortex,some,0.6217405593432922
s02e13a,2,rms,visual_cortex,full,0.6871030925611392
s02e13a,2,rms,auditory_cortex,some,-1.3775975480005613
s02e13a,2,rms,auditory_cortex,full,-0.34954892546321414
s02e13a,2,rms,dorsal_str,some,0.009028093494406156
s02e13a,2,rms,dorsal_str,full,0.14285565211846546
s02e13a,2,rms,ventral_str,some,-0.04986232920611513
s02e13a,2,rms,ventral_str,full,0.1001237519150279
s02e13a,2,prob,rTPJ,some,0.023622286959867456
s02e13a,2,prob,rTPJ,full,-0.07180421110786432
s02e13a,2,prob,visual_cortex,some,0.30526480023803226
s02e13a,2,prob,visual_cortex,full,0.9420954911225523
s02e13a,2,prob,auditory_cortex,some,-0.45570746508408877
s02e13a,2,prob,auditory_cortex,full,-1.111798513898214
s02e13a,2,prob,dorsal_str,some,0.12330557440484072
s02e13a,2,prob,dorsal_str,full,0.0482651394512943
s02e13a,2,prob,ventral_str,some,0.11055946102834813
s02e13a,2,prob,ventral_str,full,-0.03205665475258483
s02e13a,2,humor,rTPJ,some,0.07497046237194911
s02e13a,2,humor,rTPJ,full,-0.08656161508462965
s02e13a,2,humor,visual_cortex,some,0.33912160358865057
s02e13a,2,humor,visual_cortex,full,0.8328387420626362
s02e13a,2,humor,auditory_cortex,some,-1.0403802010999121
s02e13a,2,humor,auditory_cortex,full,-0.6959039701788042
s02e13a,2,humor,dorsal_str,some,0.027538357552462978
s02e13a,2,humor,dorsal_str,full,0.111775296481047
s02e13a,2,humor,ventral_str,some,-0.012731214481942213
s02e13a,2,humor,ventral_str,full,0.056250219416673936
s02e13b,2,rms,rTPJ,some,0.14663826710736455
s02e13b,2,rms,rTPJ,full,0.5459263910095027
s02e13b,2,rms,visual_cortex,some,0.32747440734481215
s02e13b,2,rms,visual_cortex,full,0.4115436638330212
s02e13b,2,rms,auditory_cortex,some,-0.47533891554361146
s02e13b,2,rms,auditory_cortex,full,0.040678416951945046
s02e13b,2,rms,dorsal_str,some,0.04502854455071793
s02e13b,2,rms,dorsal_str,full,0.4008598652219864
s02e13b,2,rms,ventral_str,some,-0.08186920465694206
s02e13b,2,rms,ventral_str,full,0.1432567840707704
s02e13b,2,prob,rTPJ,some,0.02036776529705822
s02e13b,2,prob,rTPJ,full,0.7529625884110218
s02e13b,2,prob,visual_cortex,some,0.2745397994703941
s02e13b,2,prob,visual_cortex,full,0.4921838498075902
s02e13b,2,prob,auditory_cortex,some,-0.05903281096063275
s02e13b,2,prob,auditory_cortex,full,-0.5065898228027986
s02e13b,2,prob,dorsal_str,some,0.06056418500392067
s02e13b,2,prob,dorsal_str,full,0.4052914419145175
s02e13b,2,prob,ventral_str,some,-0.07591126216643976
s02e13b,2,prob,ventral_str,full,0.1515037244328905
s02e13b,2,humor,rTPJ,some,0.37597951563104903
s02e13b,2,humor,rTPJ,full,0.2574152053794013
s02e13b,2,humor,visual_cortex,some,0.304735444805905
s02e13b,2,humor,visual_cortex,full,0.48110094876735954
s02e13b,2,humor,auditory_cortex,some,-0.17347180120849948
s02e13b,2,humor,auditory_cortex,full,-0.3626380893769995
s02e13b,2,humor,dorsal_str,some,0.1937183865183802
s02e13b,2,humor,dorsal_str,full,0.24188428710954907
s02e13b,2,humor,ventral_str,some,0.06497317079634345
s02e13b,2,humor,ventral_str,full,-0.04050462106201945
s02e14a,2,rms,rTPJ,some,0.7797344379835512
s02e14a,2,rms,rTPJ,full,0.24412389355317365
s02e14a,2,rms,visual_cortex,some,0.27373420379213526
s02e14a,2,rms,visual_cortex,full,0.4136383960962684
s02e14a,2,rms,auditory_cortex,some,-1.0255572892221483
s02e14a,2,rms,auditory_cortex,full,-0.4903010860087165
s02e14a,2,rms,dorsal_str,some,0.41819441687497577
s02e14a,2,rms,dorsal_str,full,0.13141106833933913
s02e14a,2,rms,ventral_str,some,0.11025827669993614
s02e14a,2,rms,ventral_str,full,0.1853095789760262
s02e14a,2,prob,rTPJ,some,0.6094259618092512
s02e14a,2,prob,rTPJ,full,0.6388968703828417
s02e14a,2,prob,visual_cortex,some,0.2024237346999894
s02e14a,2,prob,visual_cortex,full,1.068402365271798
s02e14a,2,prob,auditory_cortex,some,-0.84793152736005
s02e14a,2,prob,auditory_cortex,full,-0.93344172859133
s02e14a,2,prob,dorsal_str,some,0.23803381210715122
s02e14a,2,prob,dorsal_str,full,0.9251037172447725
s02e14a,2,prob,ventral_str,some,0.15514739385803789
s02e14a,2,prob,ventral_str,full,-0.007615135629163699
s02e14a,2,humor,rTPJ,some,0.20307132109657866
s02e14a,2,humor,rTPJ,full,0.8501730406783576
s02e14a,2,humor,visual_cortex,some,0.7366717752292281
s02e14a,2,humor,visual_cortex,full,0.07504044209231724
s02e14a,2,humor,auditory_cortex,some,-0.5162087598084717
s02e14a,2,humor,auditory_cortex,full,-1.0573092194561455
s02e14a,2,humor,dorsal_str,some,0.41227727985411766
s02e14a,2,humor,dorsal_str,full,0.2810777154116464
s02e14a,2,humor,ventral_str,some,0.13002166603742998
s02e14a,2,humor,ventral_str,full,0.13562642782643258
s02e14b,2,rms,rTPJ,some,-0.2900689313819735
s02e14b,2,rms,rTPJ,full,-0.38322159769636477
s02e14b,2,rms,visual_cortex,some,0.6044992333735452
s02e14b,2,rms,visual_cortex,full,-0.18290926359952986
s02e14b,2,rms,auditory_cortex,some,0.09083393498207487
s02e14b,2,rms,auditory_cortex,full,0.23599565731378558
s02e14b,2,rms,dorsal_str,some,0.21847245035404583
s02e14b,2,rms,dorsal_str,full,0.23289473701970503
s02e14b,2,rms,ventral_str,some,0.030496444965588152
s02e14b,2,rms,ventral_str,full,0.1747817259271957
s02e14b,2,prob,rTPJ,some,-0.3599692249331551
s02e14b,2,prob,rTPJ,full,-0.06498560573561021
s02e14b,2,prob,visual_cortex,some,0.37133856250255365
s02e14b,2,prob,visual_cortex,full,0.5990722300988265
s02e14b,2,prob,auditory_cortex,some,0.0729092937135909
s02e14b,2,prob,auditory_cortex,full,0.41673282512034815
s02e14b,2,prob,dorsal_str,some,0.1151894025886454
s02e14b,2,prob,dorsal_str,full,0.7922832565562762
s02e14b,2,prob,ventral_str,some,-0.030309325132267306
s02e14b,2,prob,ventral_str,full,0.5837409476463167
s02e14b,2,humor,rTPJ,some,-0.1353412368635155
s02e14b,2,humor,rTPJ,full,-0.5987708162733869
s02e14b,2,humor,visual_cortex,some,0.5576069659148782
s02e14b,2,humor,visual_cortex,full,0.16638278971237225
s02e14b,2,humor,auditory_cortex,some,0.41718852964497877
s02e14b,2,humor,auditory_cortex,full,-0.33758807142857516
s02e14b,2,humor,dorsal_str,some,0.287262757896268
s02e14b,2,humor,dorsal_str,full,0.11762403058686068
s02e14b,2,humor,ventral_str,some,0.09795826343066133
s02e14b,2,humor,ventral_str,full,0.016428043196654883
s02e15a,2,rms,rTPJ,some,0.05727806583293793
s02e15a,2,rms,rTPJ,full,0.8670927652036386
s02e15a,2,rms,visual_cortex,some,0.772175166653502
s02e15a,2,rms,visual_cortex,full,1.0236254919983423
s02e15a,2,rms,auditory_cortex,some,0.44642327076280636
s02e15a,2,rms,auditory_cortex,full,-0.00445636132341846
s02e15a,2,rms,dorsal_str,some,0.2244881544879169
s02e15a,2,rms,dorsal_str,full,0.0474278248684027
s02e15a,2,rms,ventral_str,some,-0.05455290059497434
s02e15a,2,rms,ventral_str,full,0.09185135983493171
s02e15a,2,prob,rTPJ,some,0.263308878253043
s02e15a,2,prob,rTPJ,full,0.195028878205757
s02e15a,2,prob,visual_cortex,some,0.8116382350610779
s02e15a,2,prob,visual_cortex,full,0.833573727964918
s02e15a,2,prob,auditory_cortex,some,0.11006549134283232
s02e15a,2,prob,auditory_cortex,full,0.5381670585969464
s02e15a,2,prob,dorsal_str,some,0.25192749581594803
s02e15a,2,prob,dorsal_str,full,0.13928404936635036
s02e15a,2,prob,ventral_str,some,0.23243818392497906
s02e15a,2,prob,ventral_str,full,-0.21944071619798522
s02e15a,2,humor,rTPJ,some,-0.14069633359000136
s02e15a,2,humor,rTPJ,full,0.5078315339572786
s02e15a,2,humor,visual_cortex,some,1.0479340127651178
s02e15a,2,humor,visual_cortex,full,0.6504588888060274
s02e15a,2,humor,auditory_cortex,some,1.0040949974254598
s02e15a,2,humor,auditory_cortex,full,-0.1515476457478341
s02e15a,2,humor,dorsal_str,some,0.07003092094415769
s02e15a,2,humor,dorsal_str,full,0.2793816224567963
s02e15a,2,humor,ventral_str,some,-0.14162472199186826
s02e15a,2,humor,ventral_str,full,0.06668358915433033
s02e15b,2,rms,rTPJ,some,-0.17625736000434505
s02e15b,2,rms,rTPJ,full,0.2720703738644286
s02e15b,2,rms,visual_cortex,some,0.27804223217736135
s02e15b,2,rms,visual_cortex,full,0.23283635531965938
s02e15b,2,rms,auditory_cortex,some,0.2668823105966086
s02e15b,2,rms,auditory_cortex,full,0.46435756114220605
s02e15b,2,rms,dorsal_str,some,0.2609231696645465
s02e15b,2,rms,dorsal_str,full,0.0375505877016169
s02e15b,2,rms,ventral_str,some,0.039770724333376084
s02e15b,2,rms,ventral_str,full,-0.1225391511227031
s02e15b,2,prob,rTPJ,some,-0.25209677756957605
s02e15b,2,prob,rTPJ,full,0.25442863924771564
s02e15b,2,prob,visual_cortex,some,-0.1949527198088039
s02e15b,2,prob,visual_cortex,full,0.7881494297528278
s02e15b,2,prob,auditory_cortex,some,0.788535325092293
s02e15b,2,prob,auditory_cortex,full,-0.1826490126445732
s02e15b,2,prob,dorsal_str,some,0.2507295784801826
s02e15b,2,prob,dorsal_str,full,0.10159613104824264
s02e15b,2,prob,ventral_str,some,0.14155750124631675
s02e15b,2,prob,ventral_str,full,-0.20175520957275045
s02e15b,2,humor,rTPJ,some,-0.09034957495196157
s02e15b,2,humor,rTPJ,full,0.22235663757970467
s02e15b,2,humor,visual_cortex,some,0.015909265983326704
s02e15b,2,humor,visual_cortex,full,1.0603599912233728
s02e15b,2,humor,auditory_cortex,some,0.4929626074348724
s02e15b,2,humor,auditory_cortex,full,-0.16837895976285952
s02e15b,2,humor,dorsal_str,some,0.10918050929443562
s02e15b,2,humor,dorsal_str,full,0.4158306360272122
s02e15b,2,humor,ventral_str,some,-0.07679434783036745
s02e15b,2,humor,ventral_str,full,0.1727875702673478
s02e16a,2,rms,rTPJ,some,0.3891255425651628
s02e16a,2,rms,rTPJ,full,0.40772256418222685
s02e16a,2,rms,visual_cortex,some,1.130120852322926
s02e16a,2,rms,visual_cortex,full,-0.3330236178018738
s02e16a,2,rms,auditory_cortex,some,-0.6956944606701465
s02e16a,2,rms,auditory_cortex,full,-0.7915625079382774
s02e16a,2,rms,dorsal_str,some,0.08164180274139324
s02e16a,2,rms,dorsal_str,full,0.38440577847966245
s02e16a,2,rms,ventral_str,some,0.02909122066100682
s02e16a,2,rms,ventral_str,full,-0.08932634371591211
s02e16a,2,prob,rTPJ,some,0.3650707779226848
s02e16a,2,prob,rTPJ,full,0.4373282016986608
s02e16a,2,prob,visual_cortex,some,0.39343774618561284
s02e16a,2,prob,visual_cortex,full,0.7142502823778631
s02e16a,2,prob,auditory_cortex,some,-0.6176199783626055
s02e16a,2,prob,auditory_cortex,full,-0.8851974895746691
s02e16a,2,prob,dorsal_str,some,0.20586623954245667
s02e16a,2,prob,dorsal_str,full,0.2039314273378039
s02e16a,2,prob,ventral_str,some,-0.03927114298624723
s02e16a,2,prob,ventral_str,full,0.0066574370500438185
s02e16a,2,humor,rTPJ,some,0.3437829584311632
s02e16a,2,humor,rTPJ,full,0.42031922540613953
s02e16a,2,humor,visual_cortex,some,0.7692995454113399
s02e16a,2,humor,visual_cortex,full,0.42883297860261227
s02e16a,2,humor,auditory_cortex,some,-0.7129463599199237
s02e16a,2,humor,auditory_cortex,full,-0.7444955695396555
s02e16a,2,humor,dorsal_str,some,0.047306753282000874
s02e16a,2,humor,dorsal_str,full,0.2753964915400539
s02e16a,2,humor,ventral_str,some,-0.1696191833725567
s02e16a,2,humor,ventral_str,full,0.047974286448903294
s02e16b,2,rms,rTPJ,some,0.41806466619095933
s02e16b,2,rms,rTPJ,full,0.17045953082018056
s02e16b,2,rms,visual_cortex,some,0.5320176392229411
s02e16b,2,rms,visual_cortex,full,0.1979815336968856
s02e16b,2,rms,auditory_cortex,some,-0.5003863461532394
s02e16b,2,rms,auditory_cortex,full,-0.3023139497090355
s02e16b,2,rms,dorsal_str,some,0.27472275770692706
s02e16b,2,rms,dorsal_str,full,0.22042340852782294
s02e16b,2,rms,ventral_str,some,-4.117378047029108e-05
s02e16b,2,rms,ventral_str,full,0.18226101136673117
s02e16b,2,prob,rTPJ,some,-0.025128746142887154
s02e16b,2,prob,rTPJ,full,0.887680547992177
s02e16b,2,prob,visual_cortex,some,-0.20815155161705773
s02e16b,2,prob,visual_cortex,full,1.464525316614551
s02e16b,2,prob,auditory_cortex,some,-0.40223844881779836
s02e16b,2,prob,auditory_cortex,full,-0.3372961617166855
s02e16b,2,prob,dorsal_str,some,0.1326709767346384
s02e16b,2,prob,dorsal_str,full,0.47197655107741543
s02e16b,2,prob,ventral_str,some,0.1455226167873961
s02e16b,2,prob,ventral_str,full,0.03400498071655672
s02e16b,2,humor,rTPJ,some,0.3015022159809006
s02e16b,2,humor,rTPJ,full,0.28551701907633786
s02e16b,2,humor,visual_cortex,some,0.6049650075424059
s02e16b,2,humor,visual_cortex,full,0.1752808531384035
s02e16b,2,humor,auditory_cortex,some,-0.3913421984517788
s02e16b,2,humor,auditory_cortex,full,-0.238024333718168
s02e16b,2,humor,dorsal_str,some,0.20307585879931422
s02e16b,2,humor,dorsal_str,full,0.35577063092875777
s02e16b,2,humor,ventral_str,some,0.029365569000834545
s02e16b,2,humor,ventral_str,full,0.287486930716105
s02e17a,2,rms,rTPJ,some,0.3266307416301234
s02e17a,2,rms,rTPJ,full,0.4777205331807235
s02e17a,2,rms,visual_cortex,some,0.9263843019110346
s02e17a,2,rms,visual_cortex,full,1.0161003358881873
s02e17a,2,rms,auditory_cortex,some,-0.8442012017514575
s02e17a,2,rms,auditory_cortex,full,-0.40880297471435634
s02e17a,2,rms,dorsal_str,some,0.07738168929399838
s02e17a,2,rms,dorsal_str,full,0.4117067358924263
s02e17a,2,rms,ventral_str,some,-0.05770682952151286
s02e17a,2,rms,ventral_str,full,0.12957925174836693
s02e17a,2,prob,rTPJ,some,0.2225108995276439
s02e17a,2,prob,rTPJ,full,0.6301486882725635
s02e17a,2,prob,visual_cortex,some,0.80105068669439
s02e17a,2,prob,visual_cortex,full,1.1857858336440004
s02e17a,2,prob,auditory_cortex,some,-0.35856684438735875
s02e17a,2,prob,auditory_cortex,full,-0.9490449479512355
s02e17a,2,prob,dorsal_str,some,0.17434800378517804
s02e17a,2,prob,dorsal_str,full,0.340879170281286
s02e17a,2,prob,ventral_str,some,0.051848812708324296
s02e17a,2,prob,ventral_str,full,0.021040196894492866
s02e17a,2,humor,rTPJ,some,0.5325575818285904
s02e17a,2,humor,rTPJ,full,0.2643101189111541
s02e17a,2,humor,visual_cortex,some,1.1987982779992148
s02e17a,2,humor,visual_cortex,full,0.7263630770763765
s02e17a,2,humor,auditory_cortex,some,-0.9695286842741355
s02e17a,2,humor,auditory_cortex,full,-0.24338223083863858
s02e17a,2,humor,dorsal_str,some,0.19396206445706904
s02e17a,2,humor,dorsal_str,full,0.30765587156229207
s02e17a,2,humor,ventral_str,some,-0.13141279341020362
s02e17a,2,humor,ventral_str,full,0.2222295520235183
s02e17b,2,rms,rTPJ,some,0.23632016987969118
s02e17b,2,rms,rTPJ,full,0.10098404067514846
s02e17b,2,rms,visual_cortex,some,-0.7846664863213508
s02e17b,2,rms,visual_cortex,full,0.2637230366987557
s02e17b,2,rms,auditory_cortex,some,-0.5076903926858451
s02e17b,2,rms,auditory_cortex,full,-0.1502357059005934
s02e17b,2,rms,dorsal_str,some,0.3978837123266116
s02e17b,2,rms,dorsal_str,full,0.2878530738580636
s02e17b,2,rms,ventral_str,some,0.38893540202927745
s02e17b,2,rms,ventral_str,full,0.019163802083074145
s02e17b,2,prob,rTPJ,some,-0.023440131965408506
s02e17b,2,prob,rTPJ,full,0.47944779083971745
s02e17b,2,prob,visual_cortex,some,-0.45567896332555985
s02e17b,2,prob,visual_cortex,full,0.04283440335173293
s02e17b,2,prob,auditory_cortex,some,-0.06812759008644416
s02e17b,2,prob,auditory_cortex,full,-0.7528168788516783
s02e17b,2,prob,dorsal_str,some,0.29979243557505375
s02e17b,2,prob,dorsal_str,full,0.4134050056500501
s02e17b,2,prob,ventral_str,some,0.18844068384712015
s02e17b,2,prob,ventral_str,full,0.23309457691801194
s02e17b,2,humor,rTPJ,some,0.09481328413458298
s02e17b,2,humor,rTPJ,full,0.2746257475248969
s02e17b,2,humor,visual_cortex,some,-0.7769618286844862
s02e17b,2,humor,visual_cortex,full,0.46127826592706656
s02e17b,2,humor,auditory_cortex,some,-0.5851675198104116
s02e17b,2,humor,auditory_cortex,full,0.030651129074827158
s02e17b,2,humor,dorsal_str,some,0.08403103037292946
s02e17b,2,humor,dorsal_str,full,0.7107875643085179
s02e17b,2,humor,ventral_str,some,0.10450383461757942
s02e17b,2,humor,ventral_str,full,0.34875047084187627
s02e18a,2,rms,rTPJ,some,0.17215530722719588
s02e18a,2,rms,rTPJ,full,-0.2033734668483226
s02e18a,2,rms,visual_cortex,some,0.6634995688476253
s02e18a,2,rms,visual_cortex,full,0.34597827789425195
s02e18a,2,rms,auditory_cortex,some,-0.5487388101812425
s02e18a,2,rms,auditory_cortex,full,-0.6006622765710362
s02e18a,2,rms,dorsal_str,some,0.18098482403386482
s02e18a,2,rms,dorsal_str,full,0.10904404952178268
s02e18a,2,rms,ventral_str,some,0.018228813419068148
s02e18a,2,rms,ventral_str,full,0.2213803735685483
s02e18a,2,prob,rTPJ,some,-0.17679259639958547
s02e18a,2,prob,rTPJ,full,0.09236253307652734
s02e18a,2,prob,visual_cortex,some,0.7516968071257788
s02e18a,2,prob,visual_cortex,full,0.21582625310344244
s02e18a,2,prob,auditory_cortex,some,-0.4095534266354134
s02e18a,2,prob,auditory_cortex,full,-0.7457195692569522
s02e18a,2,prob,dorsal_str,some,0.1430161505706219
s02e18a,2,prob,dorsal_str,full,0.1370477142093522
s02e18a,2,prob,ventral_str,some,0.17333250492869118
s02e18a,2,prob,ventral_str,full,0.09479612448275762
s02e18a,2,humor,rTPJ,some,-0.8800616507121558
s02e18a,2,humor,rTPJ,full,0.06519543591112753
s02e18a,2,humor,visual_cortex,some,1.7403671484656522
s02e18a,2,humor,visual_cortex,full,0.3223703962550058
s02e18a,2,humor,auditory_cortex,some,-0.5290603230270031
s02e18a,2,humor,auditory_cortex,full,-0.5845828806678212
s02e18a,2,humor,dorsal_str,some,0.40092529291908374
s02e18a,2,humor,dorsal_str,full,0.10676045790238746
s02e18a,2,humor,ventral_str,some,0.10257347418775098
s02e18a,2,humor,ventral_str,full,0.13790254183013592
s02e18b,2,rms,rTPJ,some,0.44132564470300406
s02e18b,2,rms,rTPJ,full,-0.0012490873634356456
s02e18b,2,rms,visual_cortex,some,0.9957359808814432
s02e18b,2,rms,visual_cortex,full,-0.17022762257031387
s02e18b,2,rms,auditory_cortex,some,-0.2866139251847172
s02e18b,2,rms,auditory_cortex,full,-0.21027321494222
s02e18b,2,rms,dorsal_str,some,0.34593623573038257
s02e18b,2,rms,dorsal_str,full,0.23913506052848094
s02e18b,2,rms,ventral_str,some,0.012663395239526115
s02e18b,2,rms,ventral_str,full,-0.019168970365768728
s02e18b,2,prob,rTPJ,some,0.37326688502211824
s02e18b,2,prob,rTPJ,full,0.1272838895568839
s02e18b,2,prob,visual_cortex,some,0.3953256318233035
s02e18b,2,prob,visual_cortex,full,0.46242332270214914
s02e18b,2,prob,auditory_cortex,some,0.3290764936014335
s02e18b,2,prob,auditory_cortex,full,-0.6541398886518276
s02e18b,2,prob,dorsal_str,some,0.5404171791624939
s02e18b,2,prob,dorsal_str,full,0.12289264054330334
s02e18b,2,prob,ventral_str,some,0.39917292458880393
s02e18b,2,prob,ventral_str,full,-0.2832141300039379
s02e18b,2,humor,rTPJ,some,0.26946369445073115
s02e18b,2,humor,rTPJ,full,0.16582766763285345
s02e18b,2,humor,visual_cortex,some,0.47419577335391483
s02e18b,2,humor,visual_cortex,full,0.37481157295579504
s02e18b,2,humor,auditory_cortex,some,-0.23946532822312752
s02e18b,2,humor,auditory_cortex,full,-0.26578624680600427
s02e18b,2,humor,dorsal_str,some,0.34323307338702647
s02e18b,2,humor,dorsal_str,full,0.22032828023000392
s02e18b,2,humor,ventral_str,some,-0.040767598044290324
s02e18b,2,humor,ventral_str,full,0.055480355540912726
s02e19a,2,rms,rTPJ,some,0.31076034915443596
s02e19a,2,rms,rTPJ,full,0.3067233930659381
s02e19a,2,rms,visual_cortex,some,0.3484197726080028
s02e19a,2,rms,visual_cortex,full,-0.1392805910257081
s02e19a,2,rms,auditory_cortex,some,-0.1227604647971268
s02e19a,2,rms,auditory_cortex,full,-0.6301036204626099
s02e19a,2,rms,dorsal_str,some,0.3512355627310715
s02e19a,2,rms,dorsal_str,full,0.5233077718951098
s02e19a,2,rms,ventral_str,some,0.006875716288719205
s02e19a,2,rms,ventral_str,full,0.09553527366439545
s02e19a,2,prob,rTPJ,some,0.4419281963859674
s02e19a,2,prob,rTPJ,full,0.18819466770118506
s02e19a,2,prob,visual_cortex,some,0.12577864333088468
s02e19a,2,prob,visual_cortex,full,0.11298747475478008
s02e19a,2,prob,auditory_cortex,some,0.06428410970672305
s02e19a,2,prob,auditory_cortex,full,-0.7473181052076212
s02e19a,2,prob,dorsal_str,some,0.4401980323205706
s02e19a,2,prob,dorsal_str,full,0.42486216432493445
s02e19a,2,prob,ventral_str,some,-0.03787864849536193
s02e19a,2,prob,ventral_str,full,0.12696217058781134
s02e19a,2,humor,rTPJ,some,0.18358276664867937
s02e19a,2,humor,rTPJ,full,0.42390835175534164
s02e19a,2,humor,visual_cortex,some,0.26665190946054196
s02e19a,2,humor,visual_cortex,full,-0.016456535298125508
s02e19a,2,humor,auditory_cortex,some,-0.2385596684109607
s02e19a,2,humor,auditory_cortex,full,-0.47410528529199314
s02e19a,2,humor,dorsal_str,some,0.16209333965811373
s02e19a,2,humor,dorsal_str,full,0.6801590204523176
s02e19a,2,humor,ventral_str,some,-0.1726096621634391
s02e19a,2,humor,ventral_str,full,0.2516826663352877
s02e19b,2,rms,rTPJ,some,0.3688455822033385
s02e19b,2,rms,rTPJ,full,0.32984269451136317
s02e19b,2,rms,visual_cortex,some,1.3411401034731114
s02e19b,2,rms,visual_cortex,full,-0.08893038433133993
s02e19b,2,rms,auditory_cortex,some,-0.3038810583420626
s02e19b,2,rms,auditory_cortex,full,0.12762899282006984
s02e19b,2,rms,dorsal_str,some,0.3005239776031956
s02e19b,2,rms,dorsal_str,full,0.61503872040234
s02e19b,2,rms,ventral_str,some,-0.04469124424211532
s02e19b,2,rms,ventral_str,full,0.29641971204318673
s02e19b,2,prob,rTPJ,some,0.44397708118145274
s02e19b,2,prob,rTPJ,full,0.2490002943147518
s02e19b,2,prob,visual_cortex,some,0.6736631848334196
s02e19b,2,prob,visual_cortex,full,0.688923307807174
s02e19b,2,prob,auditory_cortex,some,-0.13049935603928497
s02e19b,2,prob,auditory_cortex,full,-0.07643938339107903
s02e19b,2,prob,dorsal_str,some,0.4884343288277543
s02e19b,2,prob,dorsal_str,full,0.39901173085831715
s02e19b,2,prob,ventral_str,some,0.0312887243497508
s02e19b,2,prob,ventral_str,full,0.20188897113723797
s02e19b,2,humor,rTPJ,some,0.489555017215613
s02e19b,2,humor,rTPJ,full,0.27504375851711993
s02e19b,2,humor,visual_cortex,some,1.0701130860250299
s02e19b,2,humor,visual_cortex,full,0.46830871994761736
s02e19b,2,humor,auditory_cortex,some,0.24073862503021565
s02e19b,2,humor,auditory_cortex,full,-0.29341626311976404
s02e19b,2,humor,dorsal_str,some,0.3546653859607227
s02e19b,2,humor,dorsal_str,full,0.4954717912142099
s02e19b,2,humor,ventral_str,some,-0.23668265261520607
s02e19b,2,humor,ventral_str,full,0.30373478772206003
s02e20a,2,rms,rTPJ,some,0.6156352906245177
s02e20a,2,rms,rTPJ,full,0.5834806846830599
s02e20a,2,rms,visual_cortex,some,0.6878468740398116
s02e20a,2,rms,visual_cortex,full,0.740825727710428
s02e20a,2,rms,auditory_cortex,some,-0.24825672933144094
s02e20a,2,rms,auditory_cortex,full,-0.7969899428809163
s02e20a,2,rms,dorsal_str,some,0.050289014070801136
s02e20a,2,rms,dorsal_str,full,0.42649937019642437
s02e20a,2,rms,ventral_str,some,-0.2141326797088268
s02e20a,2,rms,ventral_str,full,0.11755433941187846
s02e20a,2,prob,rTPJ,some,0.4770990120898942
s02e20a,2,prob,rTPJ,full,0.7493042006092573
s02e20a,2,prob,visual_cortex,some,0.7529125698235186
s02e20a,2,prob,visual_cortex,full,0.6538396743815483
s02e20a,2,prob,auditory_cortex,some,-0.16281031467483792
s02e20a,2,prob,auditory_cortex,full,-0.7626004173043582
s02e20a,2,prob,dorsal_str,some,0.12518791282609937
s02e20a,2,prob,dorsal_str,full,0.250596690755864
s02e20a,2,prob,ventral_str,some,-0.12944121674805503
s02e20a,2,prob,ventral_str,full,-0.058821316010527695
s02e20a,2,humor,rTPJ,some,0.784692051169454
s02e20a,2,humor,rTPJ,full,0.4410125359699793
s02e20a,2,humor,visual_cortex,some,0.590179440721089
s02e20a,2,humor,visual_cortex,full,0.8119734001380585
s02e20a,2,humor,auditory_cortex,some,-0.37931021907779183
s02e20a,2,humor,auditory_cortex,full,-0.5004725164205471
s02e20a,2,humor,dorsal_str,some,0.17719974743965372
s02e20a,2,humor,dorsal_str,full,0.1896892374806994
s02e20a,2,humor,ventral_str,some,-0.1602626747845745
s02e20a,2,humor,ventral_str,full,-0.03875458641779318
s02e20b,2,rms,rTPJ,some,0.510743973659564
s02e20b,2,rms,rTPJ,full,0.36676105280368
s02e20b,2,rms,visual_cortex,some,0.6172903753936549
s02e20b,2,rms,visual_cortex,full,0.8304237271111934
s02e20b,2,rms,auditory_cortex,some,-0.25280143620466855
s02e20b,2,rms,auditory_cortex,full,-0.7990956633892473
s02e20b,2,rms,dorsal_str,some,0.5005022780136925
s02e20b,2,rms,dorsal_str,full,0.1967679118038794
s02e20b,2,rms,ventral_str,some,0.24348798926465537
s02e20b,2,rms,ventral_str,full,-0.21272688371499496
s02e20b,2,prob,rTPJ,some,0.2673206061863194
s02e20b,2,prob,rTPJ,full,0.7953373418151765
s02e20b,2,prob,visual_cortex,some,0.6311283409116099
s02e20b,2,prob,visual_cortex,full,0.8501243201131707
s02e20b,2,prob,auditory_cortex,some,-0.35055055596415546
s02e20b,2,prob,auditory_cortex,full,-0.7320192273539265
s02e20b,2,prob,dorsal_str,some,0.411431887511174
s02e20b,2,prob,dorsal_str,full,0.29961122268433915
s02e20b,2,prob,ventral_str,some,0.059818345856261126
s02e20b,2,prob,ventral_str,full,0.03591674825818718
s02e20b,2,humor,rTPJ,some,-0.02880259116695086
s02e20b,2,humor,rTPJ,full,0.5616144724343095
s02e20b,2,humor,visual_cortex,some,-0.06656165134009595
s02e20b,2,humor,visual_cortex,full,0.8869524681231822
s02e20b,2,humor,auditory_cortex,some,-0.9008820934673798
s02e20b,2,humor,auditory_cortex,full,-0.3853299242177519
s02e20b,2,humor,dorsal_str,some,-0.011071457390194522
s02e20b,2,humor,dorsal_str,full,0.4620108985058641
s02e20b,2,humor,ventral_str,some,-0.1443688418017508
s02e20b,2,humor,ventral_str,full,0.09712733033064933
s02e21a,2,rms,rTPJ,some,0.23863513241821988
s02e21a,2,rms,rTPJ,full,0.23653063969045
s02e21a,2,rms,visual_cortex,some,-0.3855584133059706
s02e21a,2,rms,visual_cortex,full,0.5122916836544881
s02e21a,2,rms,auditory_cortex,some,-0.29494207127996486
s02e21a,2,rms,auditory_cortex,full,-0.07394048095499282
s02e21a,2,rms,dorsal_str,some,0.11592348240526314
s02e21a,2,rms,dorsal_str,full,0.3714039953667763
s02e21a,2,rms,ventral_str,some,-0.07974551116679464
s02e21a,2,rms,ventral_str,full,0.07826865078710456
s02e21a,2,prob,rTPJ,some,-0.02999344326550076
s02e21a,2,prob,rTPJ,full,0.5236487328443841
s02e21a,2,prob,visual_cortex,some,0.12262168256985555
s02e21a,2,prob,visual_cortex,full,0.2057067828199912
s02e21a,2,prob,auditory_cortex,some,-0.005131721964437526
s02e21a,2,prob,auditory_cortex,full,-0.3258085121569006
s02e21a,2,prob,dorsal_str,some,0.28475590810584883
s02e21a,2,prob,dorsal_str,full,0.2582168021104438
s02e21a,2,prob,ventral_str,some,-0.023547256150050527
s02e21a,2,prob,ventral_str,full,0.05990608558971575
s02e21a,2,humor,rTPJ,some,0.2813923881131654
s02e21a,2,humor,rTPJ,full,0.19662868539545875
s02e21a,2,humor,visual_cortex,some,0.09604404237817159
s02e21a,2,humor,visual_cortex,full,0.22441022692762802
s02e21a,2,humor,auditory_cortex,some,-0.21364645051916561
s02e21a,2,humor,auditory_cortex,full,-0.1103614313512208
s02e21a,2,humor,dorsal_str,some,0.17406771901566934
s02e21a,2,humor,dorsal_str,full,0.3624332089659596
s02e21a,2,humor,ventral_str,some,-0.07675518534396365
s02e21a,2,humor,ventral_str,full,0.10320566163060646
s02e21b,2,rms,rTPJ,some,0.17013548711592408
s02e21b,2,rms,rTPJ,full,0.3330873904859296
s02e21b,2,rms,visual_cortex,some,0.054203497706389124
s02e21b,2,rms,visual_cortex,full,0.4280737260317608
s02e21b,2,rms,auditory_cortex,some,-0.4952883647712783
s02e21b,2,rms,auditory_cortex,full,-0.015120993994845393
s02e21b,2,rms,dorsal_str,some,-0.1362555475364277
s02e21b,2,rms,dorsal_str,full,0.09284286755039892
s02e21b,2,rms,ventral_str,some,0.02159269751772415
s02e21b,2,rms,ventral_str,full,0.23252443043532037
s02e21b,2,prob,rTPJ,some,0.2937854506848482
s02e21b,2,prob,rTPJ,full,0.1732707840028682
s02e21b,2,prob,visual_cortex,some,0.14270520266842146
s02e21b,2,prob,visual_cortex,full,0.43671770397396237
s02e21b,2,prob,auditory_cortex,some,-0.09206643347060896
s02e21b,2,prob,auditory_cortex,full,-0.5607786663334579
s02e21b,2,prob,dorsal_str,some,-0.033512388879091595
s02e21b,2,prob,dorsal_str,full,0.004862176255901629
s02e21b,2,prob,ventral_str,some,0.16153163075914356
s02e21b,2,prob,ventral_str,full,0.06433528010408196
s02e21b,2,humor,rTPJ,some,0.21328946050109293
s02e21b,2,humor,rTPJ,full,0.265338973875352
s02e21b,2,humor,visual_cortex,some,0.14759840316165937
s02e21b,2,humor,visual_cortex,full,0.2744633265101668
s02e21b,2,humor,auditory_cortex,some,-0.5968159175890344
s02e21b,2,humor,auditory_cortex,full,-0.14028057248532966
s02e21b,2,humor,dorsal_str,some,-0.43550762688559386
s02e21b,2,humor,dorsal_str,full,0.11480419385173023
s02e21b,2,humor,ventral_str,some,-0.27283616627970825
s02e21b,2,humor,ventral_str,full,0.2589012542763641
s02e22a,2,rms,rTPJ,some,0.5137978037412654
s02e22a,2,rms,rTPJ,full,0.48330919055922517
s02e22a,2,rms,visual_cortex,some,0.8289608115290569
s02e22a,2,rms,visual_cortex,full,-0.05552837058962077
s02e22a,2,rms,auditory_cortex,some,-0.1939308394310829
s02e22a,2,rms,auditory_cortex,full,-0.4526602247245423
s02e22a,2,rms,dorsal_str,some,0.27492765097374094
s02e22a,2,rms,dorsal_str,full,0.5433044650038731
s02e22a,2,rms,ventral_str,some,0.13577673435358556
s02e22a,2,rms,ventral_str,full,0.27566134976110546
s02e22a,2,prob,rTPJ,some,0.471118336632603
s02e22a,2,prob,rTPJ,full,0.5280058655684285
s02e22a,2,prob,visual_cortex,some,0.3622380242616433
s02e22a,2,prob,visual_cortex,full,0.4257590909408807
s02e22a,2,prob,auditory_cortex,some,-0.42513951905383784
s02e22a,2,prob,auditory_cortex,full,-0.211796099365807
s02e22a,2,prob,dorsal_str,some,0.49543600245251257
s02e22a,2,prob,dorsal_str,full,0.3138815681690346
s02e22a,2,prob,ventral_str,some,0.19891842483234992
s02e22a,2,prob,ventral_str,full,0.2108242909095377
s02e22a,2,humor,rTPJ,some,0.5813919566212082
s02e22a,2,humor,rTPJ,full,0.389058762511088
s02e22a,2,humor,visual_cortex,some,0.5061619054055724
s02e22a,2,humor,visual_cortex,full,0.2429988052395478
s02e22a,2,humor,auditory_cortex,some,-0.1658097713349422
s02e22a,2,humor,auditory_cortex,full,-0.5280747939382047
s02e22a,2,humor,dorsal_str,some,0.28589383851616257
s02e22a,2,humor,dorsal_str,full,0.5682311581091158
s02e22a,2,humor,ventral_str,some,0.1210162298574328
s02e22a,2,humor,ventral_str,full,0.3158461158726321
s02e22b,2,rms,rTPJ,some,-0.08085288535479986
s02e22b,2,rms,rTPJ,full,0.6787804963113219
s02e22b,2,rms,visual_cortex,some,0.126390655890175
s02e22b,2,rms,visual_cortex,full,0.6954465179436886
s02e22b,2,rms,auditory_cortex,some,-0.6220393785619858
s02e22b,2,rms,auditory_cortex,full,-0.5140965067573834
s02e22b,2,rms,dorsal_str,some,-0.03882668825271546
s02e22b,2,rms,dorsal_str,full,0.30604665934488623
s02e22b,2,rms,ventral_str,some,0.10653435184477339
s02e22b,2,rms,ventral_str,full,0.09822878631478672
s02e22b,2,prob,rTPJ,some,0.19476317448946678
s02e22b,2,prob,rTPJ,full,1.0237749822024198
s02e22b,2,prob,visual_cortex,some,0.16694859593789052
s02e22b,2,prob,visual_cortex,full,1.270112041556652
s02e22b,2,prob,auditory_cortex,some,-0.7367112409763401
s02e22b,2,prob,auditory_cortex,full,-0.17186397176445978
s02e22b,2,prob,dorsal_str,some,0.04084630158077315
s02e22b,2,prob,dorsal_str,full,0.5493134630950891
s02e22b,2,prob,ventral_str,some,-0.06597229169262987
s02e22b,2,prob,ventral_str,full,0.41750722996723527
s02e22b,2,humor,rTPJ,some,0.5931483023444281
s02e22b,2,humor,rTPJ,full,0.3222362408955564
s02e22b,2,humor,visual_cortex,some,0.35449292518829695
s02e22b,2,humor,visual_cortex,full,0.8145448872654393
s02e22b,2,humor,auditory_cortex,some,-0.7114176876823628
s02e22b,2,humor,auditory_cortex,full,-0.3064393584565892
s02e22b,2,humor,dorsal_str,some,0.16003215440089624
s02e22b,2,humor,dorsal_str,full,0.2936517170983129
s02e22b,2,humor,ventral_str,some,0.045085099155246756
s02e22b,2,humor,ventral_str,full,0.1775783630674378
s02e23a,2,rms,rTPJ,some,0.6192786783358556
s02e23a,2,rms,rTPJ,full,0.6207322901698795
s02e23a,2,rms,visual_cortex,some,0.27852959987892095
s02e23a,2,rms,visual_cortex,full,0.8193180929664636
s02e23a,2,rms,auditory_cortex,some,-0.5312072363347025
s02e23a,2,rms,auditory_cortex,full,-0.5255850241098291
s02e23a,2,rms,dorsal_str,some,0.23891888110737097
s02e23a,2,rms,dorsal_str,full,0.36631293728457187
s02e23a,2,rms,ventral_str,some,0.17342684990861906
s02e23a,2,rms,ventral_str,full,0.27335930765936856
s02e23a,2,prob,rTPJ,some,0.7967490170920056
s02e23a,2,prob,rTPJ,full,0.39184611452758944
s02e23a,2,prob,visual_cortex,some,0.7098827152432028
s02e23a,2,prob,visual_cortex,full,0.4678159169952788
s02e23a,2,prob,auditory_cortex,some,-0.5212571624662983
s02e23a,2,prob,auditory_cortex,full,-0.5363054717185852
s02e23a,2,prob,dorsal_str,some,0.5140480655536386
s02e23a,2,prob,dorsal_str,full,0.059182604417670114
s02e23a,2,prob,ventral_str,some,0.23928854418600565
s02e23a,2,prob,ventral_str,full,0.22630855684392426
s02e23a,2,humor,rTPJ,some,0.7654690578039841
s02e23a,2,humor,rTPJ,full,0.5494605357530618
s02e23a,2,humor,visual_cortex,some,0.8826352469412866
s02e23a,2,humor,visual_cortex,full,0.4689044963237564
s02e23a,2,humor,auditory_cortex,some,-0.6074870434198828
s02e23a,2,humor,auditory_cortex,full,-0.4890634739748393
s02e23a,2,humor,dorsal_str,some,0.3310311928555283
s02e23a,2,humor,dorsal_str,full,0.30818610583274597
s02e23a,2,humor,ventral_str,some,0.15476105615676403
s02e23a,2,humor,ventral_str,full,0.2719949695593362
s02e23b,2,rms,rTPJ,some,0.5552341255417089
s02e23b,2,rms,rTPJ,full,0.31373115046775724
s02e23b,2,rms,visual_cortex,some,0.9191331680044301
s02e23b,2,rms,visual_cortex,full,0.28262484765035106
s02e23b,2,rms,auditory_cortex,some,-0.0396352470826081
s02e23b,2,rms,auditory_cortex,full,0.052108351783827916
s02e23b,2,rms,dorsal_str,some,0.33786439517214134
s02e23b,2,rms,dorsal_str,full,0.2195973081320483
s02e23b,2,rms,ventral_str,some,0.1554180885858492
s02e23b,2,rms,ventral_str,full,0.23341128538573405
s02e23b,2,prob,rTPJ,some,0.1504598403859661
s02e23b,2,prob,rTPJ,full,0.6422861059318413
s02e23b,2,prob,visual_cortex,some,0.30705716814871575
s02e23b,2,prob,visual_cortex,full,0.7509834986574546
s02e23b,2,prob,auditory_cortex,some,-0.21803256778009342
s02e23b,2,prob,auditory_cortex,full,0.2177035375343886
s02e23b,2,prob,dorsal_str,some,0.04012400977852176
s02e23b,2,prob,dorsal_str,full,0.46750171815234237
s02e23b,2,prob,ventral_str,some,-0.050543061291052974
s02e23b,2,prob,ventral_str,full,0.4216627454278266
s02e23b,2,humor,rTPJ,some,0.5997582002465743
s02e23b,2,humor,rTPJ,full,0.18098575184492316
s02e23b,2,humor,visual_cortex,some,0.5572277131408219
s02e23b,2,humor,visual_cortex,full,0.5273811679128215
s02e23b,2,humor,auditory_cortex,some,0.22245922098341292
s02e23b,2,humor,auditory_cortex,full,-0.24363626813286945
s02e23b,2,humor,dorsal_str,some,0.22981598557375216
s02e23b,2,humor,dorsal_str,full,0.3157012712062838
s02e23b,2,humor,ventral_str,some,0.18767928617634966
s02e23b,2,humor,ventral_str,full,0.2184136524096188
s02e24a,2,rms,rTPJ,some,0.16514690368559154
s02e24a,2,rms,rTPJ,full,0.4789727204395794
s02e24a,2,rms,visual_cortex,some,0.639314354727066
s02e24a,2,rms,visual_cortex,full,0.419721467192561
s02e24a,2,rms,auditory_cortex,some,-0.6745557985557067
s02e24a,2,rms,auditory_cortex,full,-0.20973199951365254
s02e24a,2,rms,dorsal_str,some,-0.20208186758021365
s02e24a,2,rms,dorsal_str,full,0.35981463104144584
s02e24a,2,rms,ventral_str,some,-0.2416273241103431
s02e24a,2,rms,ventral_str,full,0.11831221847048115
s02e24a,2,prob,rTPJ,some,0.21517902582421147
s02e24a,2,prob,rTPJ,full,0.5069266034897796
s02e24a,2,prob,visual_cortex,some,0.7642858897613687
s02e24a,2,prob,visual_cortex,full,0.21126731851532699
s02e24a,2,prob,auditory_cortex,some,-0.2522505870110533
s02e24a,2,prob,auditory_cortex,full,-0.5794589403990941
s02e24a,2,prob,dorsal_str,some,-0.004764361162421238
s02e24a,2,prob,dorsal_str,full,0.28265751858037985
s02e24a,2,prob,ventral_str,some,-0.16211656654231463
s02e24a,2,prob,ventral_str,full,0.12424773337623089
s02e24a,2,humor,rTPJ,some,0.2153152634644769
s02e24a,2,humor,rTPJ,full,0.42122817846156735
s02e24a,2,humor,visual_cortex,some,0.5063160949534787
s02e24a,2,humor,visual_cortex,full,0.5130593201554661
s02e24a,2,humor,auditory_cortex,some,-0.32834927569494016
s02e24a,2,humor,auditory_cortex,full,-0.44227945055575785
s02e24a,2,humor,dorsal_str,some,0.10486976854083814
s02e24a,2,humor,dorsal_str,full,0.1390219566263543
s02e24a,2,humor,ventral_str,some,-0.11722481875127824
s02e24a,2,humor,ventral_str,full,0.01592945868503287
s02e24b,2,rms,rTPJ,some,0.580686718579933
s02e24b,2,rms,rTPJ,full,-0.020787193978608856
s02e24b,2,rms,visual_cortex,some,0.5623012383516354
s02e24b,2,rms,visual_cortex,full,0.17227868027506812
s02e24b,2,rms,auditory_cortex,some,-0.9040210481943275
s02e24b,2,rms,auditory_cortex,full,-0.4809167550486848
s02e24b,2,rms,dorsal_str,some,0.14654146033798568
s02e24b,2,rms,dorsal_str,full,0.09812392912143775
s02e24b,2,rms,ventral_str,some,-0.1748091323054297
s02e24b,2,rms,ventral_str,full,0.19296157578657702
s02e24b,2,prob,rTPJ,some,0.1617386513605351
s02e24b,2,prob,rTPJ,full,0.403228132225712
s02e24b,2,prob,visual_cortex,some,0.5677523164511785
s02e24b,2,prob,visual_cortex,full,-0.0381829528945324
s02e24b,2,prob,auditory_cortex,some,-0.7468138064294226
s02e24b,2,prob,auditory_cortex,full,-0.5383354832344345
s02e24b,2,prob,dorsal_str,some,-0.12069688141841475
s02e24b,2,prob,dorsal_str,full,0.5412928125926364
s02e24b,2,prob,ventral_str,some,-0.12793443811876987
s02e24b,2,prob,ventral_str,full,0.3003036784979016
s02e24b,2,humor,rTPJ,some,0.3364197219508069
s02e24b,2,humor,rTPJ,full,0.17129425777545712
s02e24b,2,humor,visual_cortex,some,-0.014527788465184807
s02e24b,2,humor,visual_cortex,full,0.6733195109124628
s02e24b,2,humor,auditory_cortex,some,-0.5559423649384027
s02e24b,2,humor,auditory_cortex,full,-0.7746164079900033
s02e24b,2,humor,dorsal_str,some,0.0842142889746496
s02e24b,2,humor,dorsal_str,full,0.15197311979464043
s02e24b,2,humor,ventral_str,some,-0.023098091683916827
s02e24b,2,humor,ventral_str,full,0.07339535330608846
s03e01a,3,rms,rTPJ,some,0.25960255323050035
s03e01a,3,rms,rTPJ,full,0.46473035062855833
s03e01a,3,rms,visual_cortex,some,0.42249647236291865
s03e01a,3,rms,visual_cortex,full,0.925268914079555
s03e01a,3,rms,auditory_cortex,some,-0.17213128201878683
s03e01a,3,rms,auditory_cortex,full,-0.7847277896341576
s03e01a,3,rms,dorsal_str,some,0.2428468364604705
s03e01a,3,rms,dorsal_str,full,0.23489750991920033
s03e01a,3,rms,ventral_str,some,0.16379357198039327
s03e01a,3,rms,ventral_str,full,-0.19664542917645403
s03e01a,3,prob,rTPJ,some,0.2723795639115485
s03e01a,3,prob,rTPJ,full,0.4122846794233317
s03e01a,3,prob,visual_cortex,some,0.9211662225722785
s03e01a,3,prob,visual_cortex,full,0.46152857153038723
s03e01a,3,prob,auditory_cortex,some,-0.14276750115360426
s03e01a,3,prob,auditory_cortex,full,-0.6765308768191015
s03e01a,3,prob,dorsal_str,some,0.16423685150935619
s03e01a,3,prob,dorsal_str,full,0.2929554596884595
s03e01a,3,prob,ventral_str,some,-0.13192010534117743
s03e01a,3,prob,ventral_str,full,0.09149856393847447
s03e01a,3,humor,rTPJ,some,0.33355141306766095
s03e01a,3,humor,rTPJ,full,0.38842021167278046
s03e01a,3,humor,visual_cortex,some,0.5985550586217849
s03e01a,3,humor,visual_cortex,full,0.7470719205049474
s03e01a,3,humor,auditory_cortex,some,-0.46188319679154144
s03e01a,3,humor,auditory_cortex,full,-0.43948767273390704
s03e01a,3,humor,dorsal_str,some,0.14922482961424
s03e01a,3,humor,dorsal_str,full,0.3924030723462176
s03e01a,3,humor,ventral_str,some,-0.03059012480468442
s03e01a,3,humor,ventral_str,full,0.04718533948879945
s03e01b,3,rms,rTPJ,some,0.24933717308232725
s03e01b,3,rms,rTPJ,full,-0.10467815349749501
s03e01b,3,rms,visual_cortex,some,-0.056235014937263204
s03e01b,3,rms,visual_cortex,full,0.1923640893121482
s03e01b,3,rms,auditory_cortex,some,-0.27650720267086076
s03e01b,3,rms,auditory_cortex,full,-0.06484703796427708
s03e01b,3,rms,dorsal_str,some,0.2845633852939511
s03e01b,3,rms,dorsal_str,full,0.3449794018758208
s03e01b,3,rms,ventral_str,some,0.2339867493452627
s03e01b,3,rms,ventral_str,full,-0.20194634166126607
s03e01b,3,prob,rTPJ,some,-0.07388178212366513
s03e01b,3,prob,rTPJ,full,0.1722695594821769
s03e01b,3,prob,visual_cortex,some,-0.1168766971017906
s03e01b,3,prob,visual_cortex,full,0.20957896798187756
s03e01b,3,prob,auditory_cortex,some,-0.4874964563335755
s03e01b,3,prob,auditory_cortex,full,0.0671034200227531
s03e01b,3,prob,dorsal_str,some,0.20096681607041106
s03e01b,3,prob,dorsal_str,full,0.3998458710909095
s03e01b,3,prob,ventral_str,some,0.103774336912638
s03e01b,3,prob,ventral_str,full,-0.05802329232484736
s03e01b,3,humor,rTPJ,some,-0.16188251854362945
s03e01b,3,humor,rTPJ,full,0.3379231163170231
s03e01b,3,humor,visual_cortex,some,-0.41514256819168593
s03e01b,3,humor,visual_cortex,full,0.6426131717421856
s03e01b,3,humor,auditory_cortex,some,0.1946414110520997
s03e01b,3,humor,auditory_cortex,full,-0.594195585499982
s03e01b,3,humor,dorsal_str,some,0.19909310776267483
s03e01b,3,humor,dorsal_str,full,0.452341069516334
s03e01b,3,humor,ventral_str,some,-0.07831446912122902
s03e01b,3,humor,ventral_str,full,0.11502474107012448
s03e02a,3,rms,rTPJ,some,0.2681933378095315
s03e02a,3,rms,rTPJ,full,0.682580582297299
s03e02a,3,rms,visual_cortex,some,0.3575267953855074
s03e02a,3,rms,visual_cortex,full,0.8748245833013368
s03e02a,3,rms,auditory_cortex,some,-1.0770906015475672
s03e02a,3,rms,auditory_cortex,full,0.18293748964171147
s03e02a,3,rms,dorsal_str,some,0.1524341534176761
s03e02a,3,rms,dorsal_str,full,0.46754487776247267
s03e02a,3,rms,ventral_str,some,0.10433891418872465
s03e02a,3,rms,ventral_str,full,0.031025477229839553
s03e02a,3,prob,rTPJ,some,0.6404958158625289
s03e02a,3,prob,rTPJ,full,0.23620686531548785
s03e02a,3,prob,visual_cortex,some,1.0447303674655948
s03e02a,3,prob,visual_cortex,full,0.1166913660236612
s03e02a,3,prob,auditory_cortex,some,-0.41429767885290203
s03e02a,3,prob,auditory_cortex,full,-0.7505182921078593
s03e02a,3,prob,dorsal_str,some,0.16371116423929655
s03e02a,3,prob,dorsal_str,full,0.37362360534054445
s03e02a,3,prob,ventral_str,some,-0.026455668605286004
s03e02a,3,prob,ventral_str,full,0.16863857085581113
s03e02a,3,humor,rTPJ,some,1.1275824349977288
s03e02a,3,humor,rTPJ,full,0.26305627578715834
s03e02a,3,humor,visual_cortex,some,1.1553962837013494
s03e02a,3,humor,visual_cortex,full,0.4159715927347759
s03e02a,3,humor,auditory_cortex,some,0.8815463990141907
s03e02a,3,humor,auditory_cortex,full,-0.9383159664231793
s03e02a,3,humor,dorsal_str,some,0.8709457488977577
s03e02a,3,humor,dorsal_str,full,0.13319231339060475
s03e02a,3,humor,ventral_str,some,0.23264036253492423
s03e02a,3,humor,ventral_str,full,0.039116078102713676
s03e02b,3,rms,rTPJ,some,-0.25981786635852827
s03e02b,3,rms,rTPJ,full,0.12147533988191088
s03e02b,3,rms,visual_cortex,some,0.5778822348775893
s03e02b,3,rms,visual_cortex,full,-0.3038506936444989
s03e02b,3,rms,auditory_cortex,some,-0.17738428320470218
s03e02b,3,rms,auditory_cortex,full,-0.5106479367838213
s03e02b,3,rms,dorsal_str,some,0.3827330980192087
s03e02b,3,rms,dorsal_str,full,0.1795701615554458
s03e02b,3,rms,ventral_str,some,0.5420257254791321
s03e02b,3,rms,ventral_str,full,0.13967707896786943
s03e02b,3,prob,rTPJ,some,-0.26757452397967774
s03e02b,3,prob,rTPJ,full,0.13757173037650802
s03e02b,3,prob,visual_cortex,some,0.20169400789211617
s03e02b,3,prob,visual_cortex,full,0.16213683315693092
s03e02b,3,prob,auditory_cortex,some,-0.5227097241530759
s03e02b,3,prob,auditory_cortex,full,-0.07515719833470402
s03e02b,3,prob,dorsal_str,some,0.09076740213256665
s03e02b,3,prob,dorsal_str,full,0.5490454770940416
s03e02b,3,prob,ventral_str,some,0.3519354356404583
s03e02b,3,prob,ventral_str,full,0.37584511093423933
s03e02b,3,humor,rTPJ,some,-0.4046732581332058
s03e02b,3,humor,rTPJ,full,0.16902266877617142
s03e02b,3,humor,visual_cortex,some,-0.06331496266245418
s03e02b,3,humor,visual_cortex,full,0.3876256980231695
s03e02b,3,humor,auditory_cortex,some,-0.1997822839642875
s03e02b,3,humor,auditory_cortex,full,-0.4298728293784134
s03e02b,3,humor,dorsal_str,some,0.17578068917650053
s03e02b,3,humor,dorsal_str,full,0.3875080585515365
s03e02b,3,humor,ventral_str,some,0.2447077421867806
s03e02b,3,humor,ventral_str,full,0.4590916128274933
s03e03a,3,rms,rTPJ,some,-0.0003962997146691044
s03e03a,3,rms,rTPJ,full,0.034576948424937484
s03e03a,3,rms,visual_cortex,some,0.45880489585830087
s03e03a,3,rms,visual_cortex,full,0.454513614029842
s03e03a,3,rms,auditory_cortex,some,-0.5366385805174599
s03e03a,3,rms,auditory_cortex,full,-0.5008130993456891
s03e03a,3,rms,dorsal_str,some,-0.14151258464727043
s03e03a,3,rms,dorsal_str,full,0.4755805386757873
s03e03a,3,rms,ventral_str,some,-0.4396522078772712
s03e03a,3,rms,ventral_str,full,0.1184682636824407
s03e03a,3,prob,rTPJ,some,0.6094223033851489
s03e03a,3,prob,rTPJ,full,-0.4465220396732477
s03e03a,3,prob,visual_cortex,some,0.4553984967721009
s03e03a,3,prob,visual_cortex,full,0.45788944389748754
s03e03a,3,prob,auditory_cortex,some,-0.5519141327396226
s03e03a,3,prob,auditory_cortex,full,-0.49493073284094163
s03e03a,3,prob,dorsal_str,some,0.1231024712766238
s03e03a,3,prob,dorsal_str,full,0.1656489443900718
s03e03a,3,prob,ventral_str,some,-0.1881097369022542
s03e03a,3,prob,ventral_str,full,-0.17136389715239025
s03e03a,3,humor,rTPJ,some,-0.16906404224172544
s03e03a,3,humor,rTPJ,full,0.13677536172624422
s03e03a,3,humor,visual_cortex,some,0.7652618043622272
s03e03a,3,humor,visual_cortex,full,0.25536908361891253
s03e03a,3,humor,auditory_cortex,some,-0.4418297755495313
s03e03a,3,humor,auditory_cortex,full,-0.5708608482932609
s03e03a,3,humor,dorsal_str,some,-0.07283372292740742
s03e03a,3,humor,dorsal_str,full,0.2905776212094706
s03e03a,3,humor,ventral_str,some,-0.46807725073988055
s03e03a,3,humor,ventral_str,full,0.010269031680760297
s03e03b,3,rms,rTPJ,some,0.3126087219654153
s03e03b,3,rms,rTPJ,full,0.33024246390787715
s03e03b,3,rms,visual_cortex,some,0.6556628307858914
s03e03b,3,rms,visual_cortex,full,0.35484970609716776
s03e03b,3,rms,auditory_cortex,some,0.0056000401676602266
s03e03b,3,rms,auditory_cortex,full,0.24039310786752574
s03e03b,3,rms,dorsal_str,some,0.33228571950129654
s03e03b,3,rms,dorsal_str,full,0.8611872335184382
s03e03b,3,rms,ventral_str,some,-0.08528319940437198
s03e03b,3,rms,ventral_str,full,0.6661234204701794
s03e03b,3,prob,rTPJ,some,-0.18834665911244353
s03e03b,3,prob,rTPJ,full,0.8173488966107947
s03e03b,3,prob,visual_cortex,some,0.7677585133016945
s03e03b,3,prob,visual_cortex,full,0.43932455717861696
s03e03b,3,prob,auditory_cortex,some,0.08766392270814705
s03e03b,3,prob,auditory_cortex,full,0.005698138583705492
s03e03b,3,prob,dorsal_str,some,0.1288097729627886
s03e03b,3,prob,dorsal_str,full,0.7190150668705029
s03e03b,3,prob,ventral_str,some,-0.16372190364054803
s03e03b,3,prob,ventral_str,full,0.2544932990735727
s03e03b,3,humor,rTPJ,some,-0.2211360211703483
s03e03b,3,humor,rTPJ,full,0.8610447992685818
s03e03b,3,humor,visual_cortex,some,0.35169392669744265
s03e03b,3,humor,visual_cortex,full,0.8586128221504175
s03e03b,3,humor,auditory_cortex,some,0.021696564185972156
s03e03b,3,humor,auditory_cortex,full,0.07186793387461786
s03e03b,3,humor,dorsal_str,some,0.07006377125290777
s03e03b,3,humor,dorsal_str,full,0.7847897913565598
s03e03b,3,humor,ventral_str,some,-0.13254852885816584
s03e03b,3,humor,ventral_str,full,0.22714293747732264
s03e04a,3,rms,rTPJ,some,0.7817284330196939
s03e04a,3,rms,rTPJ,full,0.4529979228756971
s03e04a,3,rms,visual_cortex,some,0.9491023006164212
s03e04a,3,rms,visual_cortex,full,0.13815031248312148
s03e04a,3,rms,auditory_cortex,some,-0.20338598789917503
s03e04a,3,rms,auditory_cortex,full,-0.44583845801763017
s03e04a,3,rms,dorsal_str,some,0.37785761552484015
s03e04a,3,rms,dorsal_str,full,0.1089641379108275
s03e04a,3,rms,ventral_str,some,-0.16487661235030465
s03e04a,3,rms,ventral_str,full,0.16175479261200687
s03e04a,3,prob,rTPJ,some,0.43606253385680827
s03e04a,3,prob,rTPJ,full,0.7943339849903596
s03e04a,3,prob,visual_cortex,some,0.4158569983471456
s03e04a,3,prob,visual_cortex,full,0.7343440224304114
s03e04a,3,prob,auditory_cortex,some,0.17210088296762135
s03e04a,3,prob,auditory_cortex,full,-0.6792273819833342
s03e04a,3,prob,dorsal_str,some,0.3957457567153056
s03e04a,3,prob,dorsal_str,full,0.1568196850648004
s03e04a,3,prob,ventral_str,some,0.16196566402871682
s03e04a,3,prob,ventral_str,full,-0.16461477116981751
s03e04a,3,humor,rTPJ,some,0.807159202086422
s03e04a,3,humor,rTPJ,full,0.5762701732961668
s03e04a,3,humor,visual_cortex,some,0.9561577305734236
s03e04a,3,humor,visual_cortex,full,0.462810404570525
s03e04a,3,humor,auditory_cortex,some,-0.42319816083349154
s03e04a,3,humor,auditory_cortex,full,-0.2668400568868446
s03e04a,3,humor,dorsal_str,some,-0.03204962244209064
s03e04a,3,humor,dorsal_str,full,0.368816483835282
s03e04a,3,humor,ventral_str,some,-0.1618798386740243
s03e04a,3,humor,ventral_str,full,0.028834140378269965
s03e04b,3,rms,rTPJ,some,0.2565762496330262
s03e04b,3,rms,rTPJ,full,0.32455731278145805
s03e04b,3,rms,visual_cortex,some,1.1180437551480042
s03e04b,3,rms,visual_cortex,full,0.6174598645858924
s03e04b,3,rms,auditory_cortex,some,0.17881294916293128
s03e04b,3,rms,auditory_cortex,full,-0.7341120783611347
s03e04b,3,rms,dorsal_str,some,0.280919721058187
s03e04b,3,rms,dorsal_str,full,0.23135900409601787
s03e04b,3,rms,ventral_str,some,0.10104213792474012
s03e04b,3,rms,ventral_str,full,0.21214597021440246
s03e04b,3,prob,rTPJ,some,0.14183774946796587
s03e04b,3,prob,rTPJ,full,0.3902964474202332
s03e04b,3,prob,visual_cortex,some,1.28670015138509
s03e04b,3,prob,visual_cortex,full,0.6031586255401027
s03e04b,3,prob,auditory_cortex,some,0.11789386821989206
s03e04b,3,prob,auditory_cortex,full,-0.5041972020552481
s03e04b,3,prob,dorsal_str,some,0.19009971994162295
s03e04b,3,prob,dorsal_str,full,0.3046354102003003
s03e04b,3,prob,ventral_str,some,-0.02934745959987836
s03e04b,3,prob,ventral_str,full,0.2798966737651126
s03e04b,3,humor,rTPJ,some,0.5093349975366059
s03e04b,3,humor,rTPJ,full,0.23652891760373038
s03e04b,3,humor,visual_cortex,some,0.5724671288776659
s03e04b,3,humor,visual_cortex,full,1.0540410509854639
s03e04b,3,humor,auditory_cortex,some,-0.4508402881062698
s03e04b,3,humor,auditory_cortex,full,-0.17029738240303421
s03e04b,3,humor,dorsal_str,some,-0.03948660852867006
s03e04b,3,humor,dorsal_str,full,0.3888117059735729
s03e04b,3,humor,ventral_str,some,-0.10687152824202889
s03e04b,3,humor,ventral_str,full,0.23844531357780557
s03e05a,3,rms,rTPJ,some,0.41475071951426906
s03e05a,3,rms,rTPJ,full,0.6284846181049797
s03e05a,3,rms,visual_cortex,some,0.4368738013756587
s03e05a,3,rms,visual_cortex,full,0.8752195094180284
s03e05a,3,rms,auditory_cortex,some,-0.7693952021809418
s03e05a,3,rms,auditory_cortex,full,-1.017288816793719
s03e05a,3,rms,dorsal_str,some,0.3895015443854579
s03e05a,3,rms,dorsal_str,full,0.3708257253767486
s03e05a,3,rms,ventral_str,some,0.04154943814773997
s03e05a,3,rms,ventral_str,full,0.05244465962077104
s03e05a,3,prob,rTPJ,some,0.2896815260976396
s03e05a,3,prob,rTPJ,full,0.7196890260526126
s03e05a,3,prob,visual_cortex,some,0.6082852563239306
s03e05a,3,prob,visual_cortex,full,0.731592693506639
s03e05a,3,prob,auditory_cortex,some,-1.0453667795404518
s03e05a,3,prob,auditory_cortex,full,-0.7977131941875991
s03e05a,3,prob,dorsal_str,some,0.2069086287157644
s03e05a,3,prob,dorsal_str,full,0.5124026926094406
s03e05a,3,prob,ventral_str,some,-0.0572934435136232
s03e05a,3,prob,ventral_str,full,0.1285493382152117
s03e05a,3,humor,rTPJ,some,0.42092314559770994
s03e05a,3,humor,rTPJ,full,0.7174108235942083
s03e05a,3,humor,visual_cortex,some,0.843483552631066
s03e05a,3,humor,visual_cortex,full,0.40232315562049853
s03e05a,3,humor,auditory_cortex,some,-0.7743473395927648
s03e05a,3,humor,auditory_cortex,full,-1.1240981682782674
s03e05a,3,humor,dorsal_str,some,0.22425905017628095
s03e05a,3,humor,dorsal_str,full,0.6370130462196069
s03e05a,3,humor,ventral_str,some,0.020166550227039934
s03e05a,3,humor,ventral_str,full,0.09306813326812216
s03e05b,3,rms,rTPJ,some,0.6670689717496617
s03e05b,3,rms,rTPJ,full,0.07656304051878254
s03e05b,3,rms,visual_cortex,some,0.6269936745472228
s03e05b,3,rms,visual_cortex,full,0.37515108970933064
s03e05b,3,rms,auditory_cortex,some,-1.0159438361726691
s03e05b,3,rms,auditory_cortex,full,-0.7839949159144699
s03e05b,3,rms,dorsal_str,some,0.054137206575454684
s03e05b,3,rms,dorsal_str,full,0.386256342965784
s03e05b,3,rms,ventral_str,some,0.1400159707899102
s03e05b,3,rms,ventral_str,full,0.1971490615613398
s03e05b,3,prob,rTPJ,some,0.4746453484776289
s03e05b,3,prob,rTPJ,full,0.22271250394677497
s03e05b,3,prob,visual_cortex,some,0.23765738246560342
s03e05b,3,prob,visual_cortex,full,0.6616567947975563
s03e05b,3,prob,auditory_cortex,some,-0.5066697250964608
s03e05b,3,prob,auditory_cortex,full,-1.1578094254100246
s03e05b,3,prob,dorsal_str,some,0.2131767950921154
s03e05b,3,prob,dorsal_str,full,0.2669845922547522
s03e05b,3,prob,ventral_str,some,0.10938495057443813
s03e05b,3,prob,ventral_str,full,0.21893892106445026
s03e05b,3,humor,rTPJ,some,0.0827599303481006
s03e05b,3,humor,rTPJ,full,0.5023745503849292
s03e05b,3,humor,visual_cortex,some,0.4836194105394927
s03e05b,3,humor,visual_cortex,full,0.482231098709959
s03e05b,3,humor,auditory_cortex,some,-0.8121744341340134
s03e05b,3,humor,auditory_cortex,full,-0.9331223599378909
s03e05b,3,humor,dorsal_str,some,0.3261158082478879
s03e05b,3,humor,dorsal_str,full,0.18666336005148168
s03e05b,3,humor,ventral_str,some,0.29290468021292804
s03e05b,3,humor,ventral_str,full,0.08809690981845943
s03e06a,3,rms,rTPJ,some,0.6622485664671688
s03e06a,3,rms,rTPJ,full,0.4335322337112716
s03e06a,3,rms,visual_cortex,some,0.6557835088578816
s03e06a,3,rms,visual_cortex,full,1.6082043416228757
s03e06a,3,rms,auditory_cortex,some,-0.5966505405693654
s03e06a,3,rms,auditory_cortex,full,-0.18256729565425067
s03e06a,3,rms,dorsal_str,some,0.15340404877604066
s03e06a,3,rms,dorsal_str,full,0.3965284221581217
s03e06a,3,rms,ventral_str,some,0.21205065178250415
s03e06a,3,rms,ventral_str,full,0.15433155087478884
s03e06a,3,prob,rTPJ,some,0.3933221498831043
s03e06a,3,prob,rTPJ,full,0.6339735953744866
s03e06a,3,prob,visual_cortex,some,1.1063790943762823
s03e06a,3,prob,visual_cortex,full,1.3822037556759443
s03e06a,3,prob,auditory_cortex,some,-0.25862615948137824
s03e06a,3,prob,auditory_cortex,full,-0.4100782657161236
s03e06a,3,prob,dorsal_str,some,0.3026846525221278
s03e06a,3,prob,dorsal_str,full,0.30768154584726937
s03e06a,3,prob,ventral_str,some,0.31433672514360206
s03e06a,3,prob,ventral_str,full,0.05016686686020337
s03e06a,3,humor,rTPJ,some,0.4388773852194691
s03e06a,3,humor,rTPJ,full,0.5960134233743365
s03e06a,3,humor,visual_cortex,some,0.9370937683297116
s03e06a,3,humor,visual_cortex,full,1.5496944152222532
s03e06a,3,humor,auditory_cortex,some,-0.3356888333897891
s03e06a,3,humor,auditory_cortex,full,-0.34008947380594506
s03e06a,3,humor,dorsal_str,some,0.229487499532423
s03e06a,3,humor,dorsal_str,full,0.3775217651030994
s03e06a,3,humor,ventral_str,some,0.15598476801765582
s03e06a,3,humor,ventral_str,full,0.1950455958563384
s03e06b,3,rms,rTPJ,some,0.18913972865665007
s03e06b,3,rms,rTPJ,full,0.3977652663498229
s03e06b,3,rms,visual_cortex,some,0.9387902295476029
s03e06b,3,rms,visual_cortex,full,0.7349777067597735
s03e06b,3,rms,auditory_cortex,some,0.4072108916254946
s03e06b,3,rms,auditory_cortex,full,-0.08497633313169209
s03e06b,3,rms,dorsal_str,some,-0.04172925508402786
s03e06b,3,rms,dorsal_str,full,0.3745261705964938
s03e06b,3,rms,ventral_str,some,-0.1520385284213658
s03e06b,3,rms,ventral_str,full,0.20748321466727176
s03e06b,3,prob,rTPJ,some,0.5386252358602821
s03e06b,3,prob,rTPJ,full,0.18215667765821975
s03e06b,3,prob,visual_cortex,some,1.126582806788551
s03e06b,3,prob,visual_cortex,full,0.5127058429946649
s03e06b,3,prob,auditory_cortex,some,0.15480282907982135
s03e06b,3,prob,auditory_cortex,full,-0.04429689984670324
s03e06b,3,prob,dorsal_str,some,0.3348244361121763
s03e06b,3,prob,dorsal_str,full,0.2067159295811711
s03e06b,3,prob,ventral_str,some,0.11527451964884998
s03e06b,3,prob,ventral_str,full,0.10992264467459464
s03e06b,3,humor,rTPJ,some,0.32623818979932057
s03e06b,3,humor,rTPJ,full,0.42486119492354946
s03e06b,3,humor,visual_cortex,some,0.7882782509862417
s03e06b,3,humor,visual_cortex,full,0.7921557950866502
s03e06b,3,humor,auditory_cortex,some,0.0164856730798236
s03e06b,3,humor,auditory_cortex,full,0.19063193772027237
s03e06b,3,humor,dorsal_str,some,0.24586950270270364
s03e06b,3,humor,dorsal_str,full,0.3576577431996224
s03e06b,3,humor,ventral_str,some,0.10717797537423109
s03e06b,3,humor,ventral_str,full,0.13833283793429058
s03e07a,3,rms,rTPJ,some,0.22199240008705087
s03e07a,3,rms,rTPJ,full,0.38630531052032135
s03e07a,3,rms,visual_cortex,some,1.3103467785298464
s03e07a,3,rms,visual_cortex,full,0.3111709485385923
s03e07a,3,rms,auditory_cortex,some,-0.23501264494489654
s03e07a,3,rms,auditory_cortex,full,-0.7899699043024594
s03e07a,3,rms,dorsal_str,some,0.4041100937982684
s03e07a,3,rms,dorsal_str,full,0.297516009824499
s03e07a,3,rms,ventral_str,some,0.2736151697857676
s03e07a,3,rms,ventral_str,full,0.15455561795590583
s03e07a,3,prob,rTPJ,some,0.1255066177085034
s03e07a,3,prob,rTPJ,full,0.5465560420892243
s03e07a,3,prob,visual_cortex,some,0.47279352513842043
s03e07a,3,prob,visual_cortex,full,0.9938021227678207
s03e07a,3,prob,auditory_cortex,some,-0.6868771837354508
s03e07a,3,prob,auditory_cortex,full,-0.4263296876929665
s03e07a,3,prob,dorsal_str,some,0.09946638952074238
s03e07a,3,prob,dorsal_str,full,0.6208263419509872
s03e07a,3,prob,ventral_str,some,0.01139217424886188
s03e07a,3,prob,ventral_str,full,0.42486977769066336
s03e07a,3,humor,rTPJ,some,0.562502009006677
s03e07a,3,humor,rTPJ,full,0.18649287552770932
s03e07a,3,humor,visual_cortex,some,0.8906467061561811
s03e07a,3,humor,visual_cortex,full,0.6160100723309172
s03e07a,3,humor,auditory_cortex,some,-0.6134491762534414
s03e07a,3,humor,auditory_cortex,full,-0.5405328969629158
s03e07a,3,humor,dorsal_str,some,0.4134981197894099
s03e07a,3,humor,dorsal_str,full,0.3001752221014727
s03e07a,3,humor,ventral_str,some,0.4622983056698462
s03e07a,3,humor,ventral_str,full,0.05927952655159245
s03e07b,3,rms,rTPJ,some,-0.26768165469606753
s03e07b,3,rms,rTPJ,full,0.1729544452406532
s03e07b,3,rms,visual_cortex,some,0.16087296462675926
s03e07b,3,rms,visual_cortex,full,-0.06866858809298912
s03e07b,3,rms,auditory_cortex,some,-0.4290656974403761
s03e07b,3,rms,auditory_cortex,full,-0.07978421717961809
s03e07b,3,rms,dorsal_str,some,0.23194979639704738
s03e07b,3,rms,dorsal_str,full,0.3116411792686852
s03e07b,3,rms,ventral_str,some,-0.021241149270109994
s03e07b,3,rms,ventral_str,full,0.34582935230874645
s03e07b,3,prob,rTPJ,some,0.01630578363394361
s03e07b,3,prob,rTPJ,full,-0.005570005542857415
s03e07b,3,prob,visual_cortex,some,0.18917739245084336
s03e07b,3,prob,visual_cortex,full,-0.17559626814511434
s03e07b,3,prob,auditory_cortex,some,-0.13462873928476127
s03e07b,3,prob,auditory_cortex,full,-0.2999396816973047
s03e07b,3,prob,dorsal_str,some,0.47071513630230133
s03e07b,3,prob,dorsal_str,full,0.06676519880162514
s03e07b,3,prob,ventral_str,some,0.24012491942780992
s03e07b,3,prob,ventral_str,full,0.16898734581162986
s03e07b,3,humor,rTPJ,some,-0.375447151655934
s03e07b,3,humor,rTPJ,full,0.19359067745456404
s03e07b,3,humor,visual_cortex,some,-0.45052568238694535
s03e07b,3,humor,visual_cortex,full,0.2487196844103236
s03e07b,3,humor,auditory_cortex,some,0.05079613428391308
s03e07b,3,humor,auditory_cortex,full,-0.34130103155950836
s03e07b,3,humor,dorsal_str,some,0.22379168198317256
s03e07b,3,humor,dorsal_str,full,0.3098030037684081
s03e07b,3,humor,ventral_str,some,0.08148759217439888
s03e07b,3,humor,ventral_str,full,0.26839270743060356
s03e08a,3,rms,rTPJ,some,-0.1459886910972624
s03e08a,3,rms,rTPJ,full,0.6176845115166553
s03e08a,3,rms,visual_cortex,some,0.27129923342757556
s03e08a,3,rms,visual_cortex,full,0.7293897039767758
s03e08a,3,rms,auditory_cortex,some,0.31830862218892086
s03e08a,3,rms,auditory_cortex,full,0.1490857404192103
s03e08a,3,rms,dorsal_str,some,0.044803823853431235
s03e08a,3,rms,dorsal_str,full,0.03493976333512358
s03e08a,3,rms,ventral_str,some,-0.046511541342706034
s03e08a,3,rms,ventral_str,full,-0.055467049662534545
s03e08a,3,prob,rTPJ,some,0.11970102493623293
s03e08a,3,prob,rTPJ,full,0.6463716027632906
s03e08a,3,prob,visual_cortex,some,0.7639567670324786
s03e08a,3,prob,visual_cortex,full,0.4023056641134371
s03e08a,3,prob,auditory_cortex,some,0.4440581501203984
s03e08a,3,prob,auditory_cortex,full,-0.04799336374501409
s03e08a,3,prob,dorsal_str,some,-0.05915921071264646
s03e08a,3,prob,dorsal_str,full,0.1384211524577991
s03e08a,3,prob,ventral_str,some,-0.08115124871650384
s03e08a,3,prob,ventral_str,full,-0.023238179210607418
s03e08a,3,humor,rTPJ,some,0.498929441141274
s03e08a,3,humor,rTPJ,full,0.3450772596811087
s03e08a,3,humor,visual_cortex,some,0.8290665115193229
s03e08a,3,humor,visual_cortex,full,0.5179642538082786
s03e08a,3,humor,auditory_cortex,some,0.14617622571926564
s03e08a,3,humor,auditory_cortex,full,0.2176837388392055
s03e08a,3,humor,dorsal_str,some,-0.25563885973768274
s03e08a,3,humor,dorsal_str,full,0.12033135854605709
s03e08a,3,humor,ventral_str,some,-0.3805399118037136
s03e08a,3,humor,ventral_str,full,0.039228330294139496
s03e08b,3,rms,rTPJ,some,0.8119148076159077
s03e08b,3,rms,rTPJ,full,0.40185576844478826
s03e08b,3,rms,visual_cortex,some,0.8903680858409733
s03e08b,3,rms,visual_cortex,full,-0.10694804847924047
s03e08b,3,rms,auditory_cortex,some,0.150027896755783
s03e08b,3,rms,auditory_cortex,full,0.10144207386646159
s03e08b,3,rms,dorsal_str,some,0.229307396078261
s03e08b,3,rms,dorsal_str,full,0.36405156105808795
s03e08b,3,rms,ventral_str,some,0.1044236675620269
s03e08b,3,rms,ventral_str,full,0.15362661521131593
s03e08b,3,prob,rTPJ,some,0.5951674859960459
s03e08b,3,prob,rTPJ,full,0.794927412109417
s03e08b,3,prob,visual_cortex,some,0.1968427225861616
s03e08b,3,prob,visual_cortex,full,1.014760346784947
s03e08b,3,prob,auditory_cortex,some,0.3246688026291429
s03e08b,3,prob,auditory_cortex,full,-0.05151197426991408
s03e08b,3,prob,dorsal_str,some,0.13984809900233747
s03e08b,3,prob,dorsal_str,full,0.3949334699650217
s03e08b,3,prob,ventral_str,some,0.13195944269294424
s03e08b,3,prob,ventral_str,full,0.10493976612215353
s03e08b,3,humor,rTPJ,some,0.7804779871620815
s03e08b,3,humor,rTPJ,full,0.2932321925680937
s03e08b,3,humor,visual_cortex,some,0.7244326386880524
s03e08b,3,humor,visual_cortex,full,0.05090242529800813
s03e08b,3,humor,auditory_cortex,some,0.2514331642875636
s03e08b,3,humor,auditory_cortex,full,-0.4072956320107582
s03e08b,3,humor,dorsal_str,some,0.26460660969201205
s03e08b,3,humor,dorsal_str,full,0.28197274089731106
s03e08b,3,humor,ventral_str,some,0.0880032368582227
s03e08b,3,humor,ventral_str,full,0.26190256112827104
s03e09a,3,rms,rTPJ,some,0.08643664953334841
s03e09a,3,rms,rTPJ,full,-0.009049002013187403
s03e09a,3,rms,visual_cortex,some,0.6918475579303524
s03e09a,3,rms,visual_cortex,full,0.43711783999799103
s03e09a,3,rms,auditory_cortex,some,-0.6792998239255933
s03e09a,3,rms,auditory_cortex,full,-0.45336676297301504
s03e09a,3,rms,dorsal_str,some,0.012592412449212435
s03e09a,3,rms,dorsal_str,full,-0.07407532539975333
s03e09a,3,rms,ventral_str,some,0.044201997328688875
s03e09a,3,rms,ventral_str,full,-0.43253111373657777
s03e09a,3,prob,rTPJ,some,0.15290254443277984
s03e09a,3,prob,rTPJ,full,-0.04489820249873455
s03e09a,3,prob,visual_cortex,some,0.7294727136822293
s03e09a,3,prob,visual_cortex,full,0.4870659945466713
s03e09a,3,prob,auditory_cortex,some,-0.421878031712724
s03e09a,3,prob,auditory_cortex,full,-0.8007364611234367
s03e09a,3,prob,dorsal_str,some,-0.10552402862117627
s03e09a,3,prob,dorsal_str,full,0.07936266396950864
s03e09a,3,prob,ventral_str,some,-0.1657414936684826
s03e09a,3,prob,ventral_str,full,-0.04685779154974694
s03e09a,3,humor,rTPJ,some,-0.5463003767466057
s03e09a,3,humor,rTPJ,full,0.2860428667575749
s03e09a,3,humor,visual_cortex,some,0.7697946676074857
s03e09a,3,humor,visual_cortex,full,0.5500552011347626
s03e09a,3,humor,auditory_cortex,some,-0.4011287450119967
s03e09a,3,humor,auditory_cortex,full,-0.6861502300910789
s03e09a,3,humor,dorsal_str,some,-0.27629946580654213
s03e09a,3,humor,dorsal_str,full,0.08478492613499732
s03e09a,3,humor,ventral_str,some,-0.4083379148805273
s03e09a,3,humor,ventral_str,full,0.0073311337952801855
s03e09b,3,rms,rTPJ,some,-0.5613655544870801
s03e09b,3,rms,rTPJ,full,1.2373859979025235
s03e09b,3,rms,visual_cortex,some,-0.5656010564592457
s03e09b,3,rms,visual_cortex,full,0.43997561230922644
s03e09b,3,rms,auditory_cortex,some,-0.5808269421963257
s03e09b,3,rms,auditory_cortex,full,-0.3520535039296671
s03e09b,3,rms,dorsal_str,some,-0.39759093161833126
s03e09b,3,rms,dorsal_str,full,-0.013184072548414513
s03e09b,3,rms,ventral_str,some,-0.3504595453528769
s03e09b,3,rms,ventral_str,full,0.009265371194165026
s03e09b,3,prob,rTPJ,some,0.02952989858395412
s03e09b,3,prob,rTPJ,full,0.7960707194880483
s03e09b,3,prob,visual_cortex,some,-0.41902550109683173
s03e09b,3,prob,visual_cortex,full,0.3585700402545766
s03e09b,3,prob,auditory_cortex,some,-0.061576728327028304
s03e09b,3,prob,auditory_cortex,full,-0.8076870173665753
s03e09b,3,prob,dorsal_str,some,-0.1423644165808051
s03e09b,3,prob,dorsal_str,full,-0.2234963626333465
s03e09b,3,prob,ventral_str,some,-0.18074972008365114
s03e09b,3,prob,ventral_str,full,-0.12535542397497249
s03e09b,3,humor,rTPJ,some,0.33160557235556315
s03e09b,3,humor,rTPJ,full,0.5401943620865131
s03e09b,3,humor,visual_cortex,some,0.009919935335968064
s03e09b,3,humor,visual_cortex,full,-0.030369244086697188
s03e09b,3,humor,auditory_cortex,some,-0.3173485814824122
s03e09b,3,humor,auditory_cortex,full,-0.5990248710437581
s03e09b,3,humor,dorsal_str,some,-0.3366400902451202
s03e09b,3,humor,dorsal_str,full,-0.02502325067807276
s03e09b,3,humor,ventral_str,some,-0.28449212868962187
s03e09b,3,humor,ventral_str,full,-0.011243726622100048
s03e10a,3,rms,rTPJ,some,0.22385276816025898
s03e10a,3,rms,rTPJ,full,2.002219107606308
s03e10a,3,rms,visual_cortex,some,0.5250194554298339
s03e10a,3,rms,visual_cortex,full,2.234425480176091
s03e10a,3,rms,auditory_cortex,some,-0.27006294038976764
s03e10a,3,rms,auditory_cortex,full,0.414762486559433
s03e10a,3,rms,dorsal_str,some,0.3229529196922015
s03e10a,3,rms,dorsal_str,full,0.8891587798810319
s03e10a,3,rms,ventral_str,some,0.2011500182426481
s03e10a,3,rms,ventral_str,full,0.7394461619944177
s03e10a,3,prob,rTPJ,some,0.6838438002114942
s03e10a,3,prob,rTPJ,full,0.568242240585431
s03e10a,3,prob,visual_cortex,some,0.9317742459085459
s03e10a,3,prob,visual_cortex,full,0.9000759996702243
s03e10a,3,prob,auditory_cortex,some,-0.06259519349115161
s03e10a,3,prob,auditory_cortex,full,-0.17516251534539995
s03e10a,3,prob,dorsal_str,some,0.342258273930329
s03e10a,3,prob,dorsal_str,full,0.5907218029240086
s03e10a,3,prob,ventral_str,some,0.03711687115554091
s03e10a,3,prob,ventral_str,full,0.6825329702823779
s03e10a,3,humor,rTPJ,some,-0.12226233016889729
s03e10a,3,humor,rTPJ,full,0.7146235242385016
s03e10a,3,humor,visual_cortex,some,0.06115298910480582
s03e10a,3,humor,visual_cortex,full,1.0110669740094038
s03e10a,3,humor,auditory_cortex,some,0.22731742066173638
s03e10a,3,humor,auditory_cortex,full,-0.1498627445206009
s03e10a,3,humor,dorsal_str,some,0.42869563335971794
s03e10a,3,humor,dorsal_str,full,0.45565363257632246
s03e10a,3,humor,ventral_str,some,0.15774264560158519
s03e10a,3,humor,ventral_str,full,0.34300945142754463
s03e10b,3,rms,rTPJ,some,-0.09915478048195231
s03e10b,3,rms,rTPJ,full,-0.267740962066696
s03e10b,3,rms,visual_cortex,some,0.627383870127155
s03e10b,3,rms,visual_cortex,full,-0.02079966597956845
s03e10b,3,rms,auditory_cortex,some,-0.42141604868884414
s03e10b,3,rms,auditory_cortex,full,-0.24547241815482515
s03e10b,3,rms,dorsal_str,some,-0.11289513647442768
s03e10b,3,rms,dorsal_str,full,0.039185463567150164
s03e10b,3,rms,ventral_str,some,-0.349874498838411
s03e10b,3,rms,ventral_str,full,0.0442278477160902
s03e10b,3,prob,rTPJ,some,-0.15665790910954425
s03e10b,3,prob,rTPJ,full,-0.18078262372014003
s03e10b,3,prob,visual_cortex,some,0.470399073261761
s03e10b,3,prob,visual_cortex,full,0.23415987369165325
s03e10b,3,prob,auditory_cortex,some,-0.09866119115294672
s03e10b,3,prob,auditory_cortex,full,-0.6615760034918061
s03e10b,3,prob,dorsal_str,some,-0.06412863322087922
s03e10b,3,prob,dorsal_str,full,-0.03541211743526268
s03e10b,3,prob,ventral_str,some,-0.20716888755858984
s03e10b,3,prob,ventral_str,full,-0.16930820703566735
s03e10b,3,humor,rTPJ,some,-0.43789854944508644
s03e10b,3,humor,rTPJ,full,0.07580487310434621
s03e10b,3,humor,visual_cortex,some,0.2785648428443557
s03e10b,3,humor,visual_cortex,full,0.44245915870565333
s03e10b,3,humor,auditory_cortex,some,-0.42820687953903863
s03e10b,3,humor,auditory_cortex,full,-0.27995844720013696
s03e10b,3,humor,dorsal_str,some,-0.29424232932746597
s03e10b,3,humor,dorsal_str,full,0.1671927155137789
s03e10b,3,humor,ventral_str,some,-0.4605026734990244
s03e10b,3,humor,ventral_str,full,0.05279500086866477
s03e11a,3,rms,rTPJ,some,0.01816271927026833
s03e11a,3,rms,rTPJ,full,0.8516071386144437
s03e11a,3,rms,visual_cortex,some,0.30837185961267055
s03e11a,3,rms,visual_cortex,full,0.6417934948945739
s03e11a,3,rms,auditory_cortex,some,-1.3706032083061592
s03e11a,3,rms,auditory_cortex,full,-0.34857508543396587
s03e11a,3,rms,dorsal_str,some,0.054569768508568886
s03e11a,3,rms,dorsal_str,full,0.9094581652065663
s03e11a,3,rms,ventral_str,some,-0.14713777059530417
s03e11a,3,rms,ventral_str,full,0.5576549747312228
s03e11a,3,prob,rTPJ,some,0.03151945644535806
s03e11a,3,prob,rTPJ,full,0.49023869945652765
s03e11a,3,prob,visual_cortex,some,0.22382922369149985
s03e11a,3,prob,visual_cortex,full,0.5817854341543084
s03e11a,3,prob,auditory_cortex,some,-0.42428717055935844
s03e11a,3,prob,auditory_cortex,full,-1.666528574118201
s03e11a,3,prob,dorsal_str,some,0.3279752217024906
s03e11a,3,prob,dorsal_str,full,0.29448005940713357
s03e11a,3,prob,ventral_str,some,0.0336619156357332
s03e11a,3,prob,ventral_str,full,0.09261000482297932
s03e11a,3,humor,rTPJ,some,0.2720584835323323
s03e11a,3,humor,rTPJ,full,0.2631197088548713
s03e11a,3,humor,visual_cortex,some,0.7012478225990141
s03e11a,3,humor,visual_cortex,full,0.07391402903974756
s03e11a,3,humor,auditory_cortex,some,-0.7885369760426758
s03e11a,3,humor,auditory_cortex,full,-1.379182849644965
s03e11a,3,humor,dorsal_str,some,0.3864471848192103
s03e11a,3,humor,dorsal_str,full,0.22428746521921702
s03e11a,3,humor,ventral_str,some,0.17680699891004364
s03e11a,3,humor,ventral_str,full,-0.06466459858949067
s03e11b,3,rms,rTPJ,some,0.09422060411181832
s03e11b,3,rms,rTPJ,full,0.7179255036080348
s03e11b,3,rms,visual_cortex,some,0.9651240562265904
s03e11b,3,rms,visual_cortex,full,1.6208102133268207
s03e11b,3,rms,auditory_cortex,some,0.3663096360025386
s03e11b,3,rms,auditory_cortex,full,0.10218878663011588
s03e11b,3,rms,dorsal_str,some,0.6249506194349196
s03e11b,3,rms,dorsal_str,full,0.5658381672120314
s03e11b,3,rms,ventral_str,some,0.39668326508160234
s03e11b,3,rms,ventral_str,full,0.29069578314177463
s03e11b,3,prob,rTPJ,some,0.09518266391741553
s03e11b,3,prob,rTPJ,full,0.7706596790138827
s03e11b,3,prob,visual_cortex,some,1.2774992547411959
s03e11b,3,prob,visual_cortex,full,0.9855104343517045
s03e11b,3,prob,auditory_cortex,some,0.3551846123515008
s03e11b,3,prob,auditory_cortex,full,0.10363365926842688
s03e11b,3,prob,dorsal_str,some,0.5633438220443863
s03e11b,3,prob,dorsal_str,full,0.69730813917255
s03e11b,3,prob,ventral_str,some,0.47047677633254803
s03e11b,3,prob,ventral_str,full,0.11766633629001971
s03e11b,3,humor,rTPJ,some,0.5202172575752475
s03e11b,3,humor,rTPJ,full,0.15928438376522477
s03e11b,3,humor,visual_cortex,some,1.2548450230551
s03e11b,3,humor,visual_cortex,full,1.1406554487294427
s03e11b,3,humor,auditory_cortex,some,0.4851506189174798
s03e11b,3,humor,auditory_cortex,full,0.13601252913045292
s03e11b,3,humor,dorsal_str,some,0.7602352033121778
s03e11b,3,humor,dorsal_str,full,0.49976890863085977
s03e11b,3,humor,ventral_str,some,0.528427644473207
s03e11b,3,humor,ventral_str,full,0.2473181948583186
s03e12a,3,rms,rTPJ,some,0.18576407338668352
s03e12a,3,rms,rTPJ,full,-0.17101637526722346
s03e12a,3,rms,visual_cortex,some,0.2953506616240823
s03e12a,3,rms,visual_cortex,full,0.5363928715126868
s03e12a,3,rms,auditory_cortex,some,-0.5967677054320362
s03e12a,3,rms,auditory_cortex,full,-0.5304568186587498
s03e12a,3,rms,dorsal_str,some,-0.0516620558525992
s03e12a,3,rms,dorsal_str,full,0.15678549911595385
s03e12a,3,rms,ventral_str,some,-0.18463854961964632
s03e12a,3,rms,ventral_str,full,-0.2836371350423168
s03e12a,3,prob,rTPJ,some,-0.09818114841343556
s03e12a,3,prob,rTPJ,full,0.2750087155503301
s03e12a,3,prob,visual_cortex,some,0.38217173103169017
s03e12a,3,prob,visual_cortex,full,0.36222184467516766
s03e12a,3,prob,auditory_cortex,some,-0.45777968498116195
s03e12a,3,prob,auditory_cortex,full,-0.7177551178164991
s03e12a,3,prob,dorsal_str,some,0.039375566914645596
s03e12a,3,prob,dorsal_str,full,-0.01315626150969855
s03e12a,3,prob,ventral_str,some,-0.19778618713560103
s03e12a,3,prob,ventral_str,full,-0.2393624131636948
s03e12a,3,humor,rTPJ,some,0.6719538245512872
s03e12a,3,humor,rTPJ,full,-0.17054757129675352
s03e12a,3,humor,visual_cortex,some,1.4794336295625357
s03e12a,3,humor,visual_cortex,full,-0.07050894363747869
s03e12a,3,humor,auditory_cortex,some,-0.04089134255606533
s03e12a,3,humor,auditory_cortex,full,-0.7897075082151598
s03e12a,3,humor,dorsal_str,some,0.11427641414637216
s03e12a,3,humor,dorsal_str,full,-0.023950631662862897
s03e12a,3,humor,ventral_str,some,-0.3332430018437879
s03e12a,3,humor,ventral_str,full,-0.16980954962149125
s03e12b,3,rms,rTPJ,some,-0.43134749872131106
s03e12b,3,rms,rTPJ,full,0.05725589442760365
s03e12b,3,rms,visual_cortex,some,0.4317779293375449
s03e12b,3,rms,visual_cortex,full,0.6119192918558912
s03e12b,3,rms,auditory_cortex,some,-0.6510374080869897
s03e12b,3,rms,auditory_cortex,full,-0.4217095522870115
s03e12b,3,rms,dorsal_str,some,0.25829331228277064
s03e12b,3,rms,dorsal_str,full,0.06693575215190178
s03e12b,3,rms,ventral_str,some,0.06865905168810696
s03e12b,3,rms,ventral_str,full,-0.21151802581034276
s03e12b,3,prob,rTPJ,some,-0.10297221960570493
s03e12b,3,prob,rTPJ,full,-0.2613258052812366
s03e12b,3,prob,visual_cortex,some,0.9858582614209219
s03e12b,3,prob,visual_cortex,full,0.14349096245904613
s03e12b,3,prob,auditory_cortex,some,-0.33247377631208097
s03e12b,3,prob,auditory_cortex,full,-0.704520835519094
s03e12b,3,prob,dorsal_str,some,0.265656990457533
s03e12b,3,prob,dorsal_str,full,0.08149804605459839
s03e12b,3,prob,ventral_str,some,0.1546341973902125
s03e12b,3,prob,ventral_str,full,-0.2511435239134184
s03e12b,3,humor,rTPJ,some,-0.07777685031683138
s03e12b,3,humor,rTPJ,full,-0.2967074828592192
s03e12b,3,humor,visual_cortex,some,0.8464636152646101
s03e12b,3,humor,visual_cortex,full,0.2132030721476823
s03e12b,3,humor,auditory_cortex,some,-0.4468817170534643
s03e12b,3,humor,auditory_cortex,full,-0.6238842608733248
s03e12b,3,humor,dorsal_str,some,0.13746758677501086
s03e12b,3,humor,dorsal_str,full,0.18891544505095376
s03e12b,3,humor,ventral_str,some,-0.19434104675599237
s03e12b,3,humor,ventral_str,full,0.04829239152090933
s03e13a,3,rms,rTPJ,some,0.043979250371889045
s03e13a,3,rms,rTPJ,full,0.9075150411937054
s03e13a,3,rms,visual_cortex,some,-0.24949298254938684
s03e13a,3,rms,visual_cortex,full,0.4391978037578579
s03e13a,3,rms,auditory_cortex,some,-0.3727255554982147
s03e13a,3,rms,auditory_cortex,full,-0.7616070298451818
s03e13a,3,rms,dorsal_str,some,0.2649240677123244
s03e13a,3,rms,dorsal_str,full,0.5519737866926647
s03e13a,3,rms,ventral_str,some,0.09230043889594944
s03e13a,3,rms,ventral_str,full,0.4319770064766194
s03e13a,3,prob,rTPJ,some,0.4487231069615848
s03e13a,3,prob,rTPJ,full,0.2655619064848366
s03e13a,3,prob,visual_cortex,some,-0.0033053924920563305
s03e13a,3,prob,visual_cortex,full,0.003245027721627454
s03e13a,3,prob,auditory_cortex,some,-0.0897369429870965
s03e13a,3,prob,auditory_cortex,full,-0.9342186154212717
s03e13a,3,prob,dorsal_str,some,0.5240454112279306
s03e13a,3,prob,dorsal_str,full,0.2149526045344408
s03e13a,3,prob,ventral_str,some,0.22827068929217836
s03e13a,3,prob,ventral_str,full,0.2025217142376283
s03e13a,3,humor,rTPJ,some,0.03953521056100683
s03e13a,3,humor,rTPJ,full,0.9046725306417535
s03e13a,3,humor,visual_cortex,some,-0.1925637762277826
s03e13a,3,humor,visual_cortex,full,0.3324971186180144
s03e13a,3,humor,auditory_cortex,some,-0.45525984301073774
s03e13a,3,humor,auditory_cortex,full,-0.614339429680498
s03e13a,3,humor,dorsal_str,some,0.18397170384712588
s03e13a,3,humor,dorsal_str,full,0.6882772803005139
s03e13a,3,humor,ventral_str,some,0.08152827039966595
s03e13a,3,humor,ventral_str,full,0.44644289350587363
s03e13b,3,rms,rTPJ,some,0.14268076377038608
s03e13b,3,rms,rTPJ,full,0.8961393525747112
s03e13b,3,rms,visual_cortex,some,0.6372744584520048
s03e13b,3,rms,visual_cortex,full,0.6270146076293847
s03e13b,3,rms,auditory_cortex,some,-0.22384365569795456
s03e13b,3,rms,auditory_cortex,full,-0.7616905487594935
s03e13b,3,rms,dorsal_str,some,0.13878773895830915
s03e13b,3,rms,dorsal_str,full,0.6160900006826482
s03e13b,3,rms,ventral_str,some,-0.12467915840768441
s03e13b,3,rms,ventral_str,full,0.0675434083234138
s03e13b,3,prob,rTPJ,some,-0.18977072678813103
s03e13b,3,prob,rTPJ,full,0.6315346122348783
s03e13b,3,prob,visual_cortex,some,0.7152712158368033
s03e13b,3,prob,visual_cortex,full,0.5812603522701049
s03e13b,3,prob,auditory_cortex,some,-0.33828955365559565
s03e13b,3,prob,auditory_cortex,full,-0.3364900746878121
s03e13b,3,prob,dorsal_str,some,0.09857964245150952
s03e13b,3,prob,dorsal_str,full,0.33399622533066925
s03e13b,3,prob,ventral_str,some,-0.16034300501259757
s03e13b,3,prob,ventral_str,full,-0.03298271415513858
s03e13b,3,humor,rTPJ,some,0.2717276588884946
s03e13b,3,humor,rTPJ,full,0.32083886426223535
s03e13b,3,humor,visual_cortex,some,0.5130918213487498
s03e13b,3,humor,visual_cortex,full,0.7143858612874526
s03e13b,3,humor,auditory_cortex,some,-0.0916286352271633
s03e13b,3,humor,auditory_cortex,full,-0.49676464755936145
s03e13b,3,humor,dorsal_str,some,0.17511644970822948
s03e13b,3,humor,dorsal_str,full,0.28115621802634083
s03e13b,3,humor,ventral_str,some,-0.14291055783020878
s03e13b,3,humor,ventral_str,full,-0.04599374209194344
s03e14a,3,rms,rTPJ,some,-0.3487970621849903
s03e14a,3,rms,rTPJ,full,0.21890246724862703
s03e14a,3,rms,visual_cortex,some,-0.4006799921054688
s03e14a,3,rms,visual_cortex,full,0.407820110949097
s03e14a,3,rms,auditory_cortex,some,-0.47135762627300887
s03e14a,3,rms,auditory_cortex,full,-0.5255460115068296
s03e14a,3,rms,dorsal_str,some,-0.17266918737620787
s03e14a,3,rms,dorsal_str,full,-0.037379923549844554
s03e14a,3,rms,ventral_str,some,-0.299316192109746
s03e14a,3,rms,ventral_str,full,-0.23739154136898968
s03e14a,3,prob,rTPJ,some,-0.07356962199283404
s03e14a,3,prob,rTPJ,full,-0.09076035180262977
s03e14a,3,prob,visual_cortex,some,-0.08270224401437988
s03e14a,3,prob,visual_cortex,full,0.06705451660784931
s03e14a,3,prob,auditory_cortex,some,-0.10767260647063714
s03e14a,3,prob,auditory_cortex,full,-1.0243077117722623
s03e14a,3,prob,dorsal_str,some,-0.020008222630243988
s03e14a,3,prob,dorsal_str,full,-0.22914166957130233
s03e14a,3,prob,ventral_str,some,-0.27692530551261707
s03e14a,3,prob,ventral_str,full,-0.26083104899933074
s03e14a,3,humor,rTPJ,some,-0.1218322436708784
s03e14a,3,humor,rTPJ,full,-0.015457987397228035
s03e14a,3,humor,visual_cortex,some,-0.0734997077323631
s03e14a,3,humor,visual_cortex,full,0.06775310183737901
s03e14a,3,humor,auditory_cortex,some,-0.7163185011207465
s03e14a,3,humor,auditory_cortex,full,-0.14659877595588097
s03e14a,3,humor,dorsal_str,some,-0.26895401610139336
s03e14a,3,humor,dorsal_str,full,0.1468966260274876
s03e14a,3,humor,ventral_str,some,-0.3967824151197585
s03e14a,3,humor,ventral_str,full,-0.0677796774235468
s03e14b,3,rms,rTPJ,some,-0.16443578822704397
s03e14b,3,rms,rTPJ,full,0.2801302890094615
s03e14b,3,rms,visual_cortex,some,0.13402047205986897
s03e14b,3,rms,visual_cortex,full,-0.17620176123193604
s03e14b,3,rms,auditory_cortex,some,0.03782983349727838
s03e14b,3,rms,auditory_cortex,full,-0.020561833025412014
s03e14b,3,rms,dorsal_str,some,-0.09424590430432214
s03e14b,3,rms,dorsal_str,full,0.19798726212368203
s03e14b,3,rms,ventral_str,some,-0.05635277283454791
s03e14b,3,rms,ventral_str,full,0.2545284153664613
s03e14b,3,prob,rTPJ,some,-0.22673725773022846
s03e14b,3,prob,rTPJ,full,0.2846290254672423
s03e14b,3,prob,visual_cortex,some,0.18519355948904093
s03e14b,3,prob,visual_cortex,full,-0.18694636943814072
s03e14b,3,prob,auditory_cortex,some,0.16155149531472146
s03e14b,3,prob,auditory_cortex,full,-0.13529251504478085
s03e14b,3,prob,dorsal_str,some,-0.026724527387347007
s03e14b,3,prob,dorsal_str,full,0.09378290287492576
s03e14b,3,prob,ventral_str,some,-0.006792949558021545
s03e14b,3,prob,ventral_str,full,0.16567515775297326
s03e14b,3,humor,rTPJ,some,-0.07149353678069265
s03e14b,3,humor,rTPJ,full,0.1192075271395709
s03e14b,3,humor,visual_cortex,some,-0.08571368241334987
s03e14b,3,humor,visual_cortex,full,0.07078598799564477
s03e14b,3,humor,auditory_cortex,some,0.423529979977158
s03e14b,3,humor,auditory_cortex,full,-0.3454774928639971
s03e14b,3,humor,dorsal_str,some,0.05136293107325113
s03e14b,3,humor,dorsal_str,full,0.018705677341540577
s03e14b,3,humor,ventral_str,some,0.035673233822891906
s03e14b,3,humor,ventral_str,full,0.11848709486822614
s03e15a,3,rms,rTPJ,some,0.03718059972751424
s03e15a,3,rms,rTPJ,full,-0.2627586605227399
s03e15a,3,rms,visual_cortex,some,1.2118525182892694
s03e15a,3,rms,visual_cortex,full,0.0745814262383949
s03e15a,3,rms,auditory_cortex,some,0.07932624197715835
s03e15a,3,rms,auditory_cortex,full,-0.2000017004601481
s03e15a,3,rms,dorsal_str,some,0.44326040315777504
s03e15a,3,rms,dorsal_str,full,-0.1915329483341245
s03e15a,3,rms,ventral_str,some,0.32659163952177883
s03e15a,3,rms,ventral_str,full,-0.3200503038295801
s03e15a,3,prob,rTPJ,some,-0.21966415216652133
s03e15a,3,prob,rTPJ,full,0.06588516189385782
s03e15a,3,prob,visual_cortex,some,0.3358446484301543
s03e15a,3,prob,visual_cortex,full,1.2120324177427695
s03e15a,3,prob,auditory_cortex,some,0.10684233808519002
s03e15a,3,prob,auditory_cortex,full,-0.19007375280798897
s03e15a,3,prob,dorsal_str,some,0.24116978985973253
s03e15a,3,prob,dorsal_str,full,0.12484280986292727
s03e15a,3,prob,ventral_str,some,0.06262271814480133
s03e15a,3,prob,ventral_str,full,0.06674667570739443
s03e15a,3,humor,rTPJ,some,-0.23189436118312148
s03e15a,3,humor,rTPJ,full,0.19716631675281707
s03e15a,3,humor,visual_cortex,some,0.4500417950309118
s03e15a,3,humor,visual_cortex,full,1.325358952709494
s03e15a,3,humor,auditory_cortex,some,0.002371217582524284
s03e15a,3,humor,auditory_cortex,full,-0.10297826664760958
s03e15a,3,humor,dorsal_str,some,-0.0014727721626861257
s03e15a,3,humor,dorsal_str,full,0.5438456443804908
s03e15a,3,humor,ventral_str,some,-0.09402220544312434
s03e15a,3,humor,ventral_str,full,0.36719414639113723
s03e15b,3,rms,rTPJ,some,0.6916156163402459
s03e15b,3,rms,rTPJ,full,-0.41940678640807877
s03e15b,3,rms,visual_cortex,some,0.8338393310959656
s03e15b,3,rms,visual_cortex,full,1.051274987842065
s03e15b,3,rms,auditory_cortex,some,-0.6552619512945583
s03e15b,3,rms,auditory_cortex,full,-0.2693204436061156
s03e15b,3,rms,dorsal_str,some,0.30831440720451714
s03e15b,3,rms,dorsal_str,full,-0.0924315035299442
s03e15b,3,rms,ventral_str,some,0.2596594250135178
s03e15b,3,rms,ventral_str,full,0.009585473255787291
s03e15b,3,prob,rTPJ,some,0.3711078437144284
s03e15b,3,prob,rTPJ,full,0.30854389131130944
s03e15b,3,prob,visual_cortex,some,0.4127322473379843
s03e15b,3,prob,visual_cortex,full,1.757535764718602
s03e15b,3,prob,auditory_cortex,some,-0.39240433913048123
s03e15b,3,prob,auditory_cortex,full,-0.7879866671190443
s03e15b,3,prob,dorsal_str,some,0.26351752502552417
s03e15b,3,prob,dorsal_str,full,0.04592690553325368
s03e15b,3,prob,ventral_str,some,0.2630882959080111
s03e15b,3,prob,ventral_str,full,0.04087273248819026
s03e15b,3,humor,rTPJ,some,0.6438340353350884
s03e15b,3,humor,rTPJ,full,0.02576198098646877
s03e15b,3,humor,visual_cortex,some,1.342028616204598
s03e15b,3,humor,visual_cortex,full,0.41940928362064206
s03e15b,3,humor,auditory_cortex,some,-0.3359109117976702
s03e15b,3,humor,auditory_cortex,full,-0.7545741879505928
s03e15b,3,humor,dorsal_str,some,0.38614148068710896
s03e15b,3,humor,dorsal_str,full,-0.03566887328995938
s03e15b,3,humor,ventral_str,some,0.33357213784723827
s03e15b,3,humor,ventral_str,full,0.01732708205038891
s03e16a,3,rms,rTPJ,some,0.15597342616517293
s03e16a,3,rms,rTPJ,full,0.7561537094155836
s03e16a,3,rms,visual_cortex,some,0.030674809628011154
s03e16a,3,rms,visual_cortex,full,1.2290251111226382
s03e16a,3,rms,auditory_cortex,some,-0.5810707014969108
s03e16a,3,rms,auditory_cortex,full,-0.31575825068440155
s03e16a,3,rms,dorsal_str,some,0.1727510750802479
s03e16a,3,rms,dorsal_str,full,0.10235902493791098
s03e16a,3,rms,ventral_str,some,-0.05428616598304714
s03e16a,3,rms,ventral_str,full,0.12942101918202928
s03e16a,3,prob,rTPJ,some,-0.15782757593513702
s03e16a,3,prob,rTPJ,full,0.7728222578671161
s03e16a,3,prob,visual_cortex,some,0.267376947691366
s03e16a,3,prob,visual_cortex,full,0.3512914029137073
s03e16a,3,prob,auditory_cortex,some,-0.31817550494289054
s03e16a,3,prob,auditory_cortex,full,-0.7322225395392717
s03e16a,3,prob,dorsal_str,some,-0.19768135335576334
s03e16a,3,prob,dorsal_str,full,0.5301720852243252
s03e16a,3,prob,ventral_str,some,-0.17903851569974433
s03e16a,3,prob,ventral_str,full,0.1648131060391728
s03e16a,3,humor,rTPJ,some,0.10035806368744603
s03e16a,3,humor,rTPJ,full,0.5438934681249518
s03e16a,3,humor,visual_cortex,some,0.2756663267333287
s03e16a,3,humor,visual_cortex,full,0.34982335651345947
s03e16a,3,humor,auditory_cortex,some,-0.07472399283579524
s03e16a,3,humor,auditory_cortex,full,-1.0886837023329643
s03e16a,3,humor,dorsal_str,some,0.06852170529821193
s03e16a,3,humor,dorsal_str,full,0.26891292369153263
s03e16a,3,humor,ventral_str,some,-0.08534393392668697
s03e16a,3,humor,ventral_str,full,0.08240217788606063
s03e16b,3,rms,rTPJ,some,0.44051626145596245
s03e16b,3,rms,rTPJ,full,0.5978191364003089
s03e16b,3,rms,visual_cortex,some,1.473102342451182
s03e16b,3,rms,visual_cortex,full,0.7116977272017632
s03e16b,3,rms,auditory_cortex,some,0.3177491551673576
s03e16b,3,rms,auditory_cortex,full,-0.6192152805388637
s03e16b,3,rms,dorsal_str,some,0.4588817664409785
s03e16b,3,rms,dorsal_str,full,0.0529624963220915
s03e16b,3,rms,ventral_str,some,0.0007643338531659605
s03e16b,3,rms,ventral_str,full,-0.0294543435415184
s03e16b,3,prob,rTPJ,some,-0.15598064116939037
s03e16b,3,prob,rTPJ,full,0.9677090989845062
s03e16b,3,prob,visual_cortex,some,0.9566421378425882
s03e16b,3,prob,visual_cortex,full,1.2195046085367898
s03e16b,3,prob,auditory_cortex,some,-0.30658089907951414
s03e16b,3,prob,auditory_cortex,full,-0.001892089085205384
s03e16b,3,prob,dorsal_str,some,0.15160319781345194
s03e16b,3,prob,dorsal_str,full,0.34525260527784224
s03e16b,3,prob,ventral_str,some,-0.14038989102920618
s03e16b,3,prob,ventral_str,full,0.07216762373980279
s03e16b,3,humor,rTPJ,some,-0.024637478276044525
s03e16b,3,humor,rTPJ,full,0.86025909590034
s03e16b,3,humor,visual_cortex,some,1.5344102166756357
s03e16b,3,humor,visual_cortex,full,0.8440342014375919
s03e16b,3,humor,auditory_cortex,some,0.4000259225781583
s03e16b,3,humor,auditory_cortex,full,-0.4607414088535189
s03e16b,3,humor,dorsal_str,some,0.41170673522466766
s03e16b,3,humor,dorsal_str,full,0.17465678056295247
s03e16b,3,humor,ventral_str,some,0.08167954913390256
s03e16b,3,humor,ventral_str,full,-0.07446325171812716
s03e17a,3,rms,rTPJ,some,0.03635968843676898
s03e17a,3,rms,rTPJ,full,0.32819781399579984
s03e17a,3,rms,visual_cortex,some,0.623125695435189
s03e17a,3,rms,visual_cortex,full,0.6762222644156283
s03e17a,3,rms,auditory_cortex,some,-0.7858795514480071
s03e17a,3,rms,auditory_cortex,full,-0.07570655607037557
s03e17a,3,rms,dorsal_str,some,-0.03306754586095923
s03e17a,3,rms,dorsal_str,full,0.9070993744749738
s03e17a,3,rms,ventral_str,some,0.0606884639842174
s03e17a,3,rms,ventral_str,full,0.28599914627139544
s03e17a,3,prob,rTPJ,some,0.2841243756150263
s03e17a,3,prob,rTPJ,full,0.08411288950170678
s03e17a,3,prob,visual_cortex,some,1.06089434135104
s03e17a,3,prob,visual_cortex,full,0.3630704720244625
s03e17a,3,prob,auditory_cortex,some,-0.4442569836952851
s03e17a,3,prob,auditory_cortex,full,-0.4908503177142286
s03e17a,3,prob,dorsal_str,some,0.3889580576563483
s03e17a,3,prob,dorsal_str,full,0.37819948372120493
s03e17a,3,prob,ventral_str,some,0.01814751294022264
s03e17a,3,prob,ventral_str,full,0.2575773573160181
s03e17a,3,humor,rTPJ,some,0.43733313353800574
s03e17a,3,humor,rTPJ,full,0.027003170128706115
s03e17a,3,humor,visual_cortex,some,1.2460559163386167
s03e17a,3,humor,visual_cortex,full,0.3415853718563159
s03e17a,3,humor,auditory_cortex,some,-0.4093398141431142
s03e17a,3,humor,auditory_cortex,full,-0.5037607390732818
s03e17a,3,humor,dorsal_str,some,0.3069174282319198
s03e17a,3,humor,dorsal_str,full,0.4210644235832501
s03e17a,3,humor,ventral_str,some,0.09456167864630194
s03e17a,3,humor,ventral_str,full,0.19374279411807055
s03e17b,3,rms,rTPJ,some,0.7321785221579301
s03e17b,3,rms,rTPJ,full,0.11921701820680153
s03e17b,3,rms,visual_cortex,some,0.11135649409574362
s03e17b,3,rms,visual_cortex,full,0.5912819545890756
s03e17b,3,rms,auditory_cortex,some,-0.31182102899917435
s03e17b,3,rms,auditory_cortex,full,-0.5509331886175542
s03e17b,3,rms,dorsal_str,some,0.07296794943204861
s03e17b,3,rms,dorsal_str,full,-0.004283642759819253
s03e17b,3,rms,ventral_str,some,-0.18881092521516787
s03e17b,3,rms,ventral_str,full,0.07178245885518086
s03e17b,3,prob,rTPJ,some,0.4409425934641407
s03e17b,3,prob,rTPJ,full,0.3157489097524268
s03e17b,3,prob,visual_cortex,some,0.233526250588128
s03e17b,3,prob,visual_cortex,full,0.581534977782033
s03e17b,3,prob,auditory_cortex,some,-0.37559397264378785
s03e17b,3,prob,auditory_cortex,full,-0.5421222188749986
s03e17b,3,prob,dorsal_str,some,-0.033984129082311305
s03e17b,3,prob,dorsal_str,full,0.11613128233472292
s03e17b,3,prob,ventral_str,some,-0.05526325692166179
s03e17b,3,prob,ventral_str,full,-0.025021607229761253
s03e17b,3,humor,rTPJ,some,0.37128196509003303
s03e17b,3,humor,rTPJ,full,0.4088357621892243
s03e17b,3,humor,visual_cortex,some,0.6345899271990779
s03e17b,3,humor,visual_cortex,full,0.06228559833746228
s03e17b,3,humor,auditory_cortex,some,-0.39108899578481654
s03e17b,3,humor,auditory_cortex,full,-0.5152080351853711
s03e17b,3,humor,dorsal_str,some,0.036821313946855255
s03e17b,3,humor,dorsal_str,full,0.02049105813256244
s03e17b,3,humor,ventral_str,some,0.019833528786392857
s03e17b,3,humor,ventral_str,full,-0.1206846552025808
s03e18a,3,rms,rTPJ,some,0.6232370146348838
s03e18a,3,rms,rTPJ,full,0.533015999508005
s03e18a,3,rms,visual_cortex,some,0.4266098145597389
s03e18a,3,rms,visual_cortex,full,0.6710459283673931
s03e18a,3,rms,auditory_cortex,some,-0.44942423661245623
s03e18a,3,rms,auditory_cortex,full,-0.5545175566745664
s03e18a,3,rms,dorsal_str,some,0.24394140065507114
s03e18a,3,rms,dorsal_str,full,0.1559944634903347
s03e18a,3,rms,ventral_str,some,0.016948279204745176
s03e18a,3,rms,ventral_str,full,-0.05746272390380222
s03e18a,3,prob,rTPJ,some,1.103906629355778
s03e18a,3,prob,rTPJ,full,0.25280167584676955
s03e18a,3,prob,visual_cortex,some,0.8485969828282626
s03e18a,3,prob,visual_cortex,full,0.4446816739164342
s03e18a,3,prob,auditory_cortex,some,0.15318137497180673
s03e18a,3,prob,auditory_cortex,full,-0.9053301091223999
s03e18a,3,prob,dorsal_str,some,0.4071117895748527
s03e18a,3,prob,dorsal_str,full,0.05739312445974974
s03e18a,3,prob,ventral_str,some,0.14605276121198518
s03e18a,3,prob,ventral_str,full,-0.1357713785460525
s03e18a,3,humor,rTPJ,some,0.22636838775445733
s03e18a,3,humor,rTPJ,full,0.740619998207489
s03e18a,3,humor,visual_cortex,some,0.43160330875770325
s03e18a,3,humor,visual_cortex,full,0.6764725016241668
s03e18a,3,humor,auditory_cortex,some,-0.545257471851039
s03e18a,3,humor,auditory_cortex,full,-0.507139189279257
s03e18a,3,humor,dorsal_str,some,-0.07525692226518718
s03e18a,3,humor,dorsal_str,full,0.32246047835610664
s03e18a,3,humor,ventral_str,some,-0.26632165529373
s03e18a,3,humor,ventral_str,full,0.09038633596864137
s03e18b,3,rms,rTPJ,some,0.018466606025204682
s03e18b,3,rms,rTPJ,full,0.5895029528508241
s03e18b,3,rms,visual_cortex,some,0.5371672319397783
s03e18b,3,rms,visual_cortex,full,0.6551559667953442
s03e18b,3,rms,auditory_cortex,some,-0.15148133536432773
s03e18b,3,rms,auditory_cortex,full,-1.0388330133366102
s03e18b,3,rms,dorsal_str,some,0.13626621503745853
s03e18b,3,rms,dorsal_str,full,0.005031841131953197
s03e18b,3,rms,ventral_str,some,0.08705777878243898
s03e18b,3,rms,ventral_str,full,-0.18658212088521606
s03e18b,3,prob,rTPJ,some,0.15832553804833605
s03e18b,3,prob,rTPJ,full,0.3827063970140281
s03e18b,3,prob,visual_cortex,some,0.34121953721088055
s03e18b,3,prob,visual_cortex,full,0.7137138747493648
s03e18b,3,prob,auditory_cortex,some,-0.03387866270297654
s03e18b,3,prob,auditory_cortex,full,-0.8683635581740818
s03e18b,3,prob,dorsal_str,some,0.2652204573332003
s03e18b,3,prob,dorsal_str,full,-0.020011981365805703
s03e18b,3,prob,ventral_str,some,0.10590995097205314
s03e18b,3,prob,ventral_str,full,-0.12616857480047144
s03e18b,3,humor,rTPJ,some,0.2653656243513921
s03e18b,3,humor,rTPJ,full,0.3544577332207186
s03e18b,3,humor,visual_cortex,some,0.7345747180296158
s03e18b,3,humor,visual_cortex,full,0.47929856649375163
s03e18b,3,humor,auditory_cortex,some,-0.13990628805336622
s03e18b,3,humor,auditory_cortex,full,-1.0172585497617526
s03e18b,3,humor,dorsal_str,some,0.25356093265239765
s03e18b,3,humor,dorsal_str,full,-0.09227938667174651
s03e18b,3,humor,ventral_str,some,-0.0634098254567864
s03e18b,3,humor,ventral_str,full,-0.04599017613442802
s03e19a,3,rms,rTPJ,some,0.7187695764614084
s03e19a,3,rms,rTPJ,full,0.18284125464105264
s03e19a,3,rms,visual_cortex,some,0.6635581831715234
s03e19a,3,rms,visual_cortex,full,0.09110275652777979
s03e19a,3,rms,auditory_cortex,some,-0.6415649271692767
s03e19a,3,rms,auditory_cortex,full,-0.5295010637495726
s03e19a,3,rms,dorsal_str,some,-0.10071640526201306
s03e19a,3,rms,dorsal_str,full,0.21074919922176394
s03e19a,3,rms,ventral_str,some,-0.042957389931508626
s03e19a,3,rms,ventral_str,full,-0.08345224653936177
s03e19a,3,prob,rTPJ,some,0.0861424734638981
s03e19a,3,prob,rTPJ,full,0.9159301081606427
s03e19a,3,prob,visual_cortex,some,0.23936015128364121
s03e19a,3,prob,visual_cortex,full,0.6104063009574896
s03e19a,3,prob,auditory_cortex,some,-0.3628450971489143
s03e19a,3,prob,auditory_cortex,full,-0.8363317819651312
s03e19a,3,prob,dorsal_str,some,-0.0996215058377806
s03e19a,3,prob,dorsal_str,full,0.16905241427681042
s03e19a,3,prob,ventral_str,some,-0.19581086070912984
s03e19a,3,prob,ventral_str,full,0.08208856089835527
s03e19a,3,humor,rTPJ,some,0.7264755692822465
s03e19a,3,humor,rTPJ,full,0.3141188367823061
s03e19a,3,humor,visual_cortex,some,0.4245093515989856
s03e19a,3,humor,visual_cortex,full,0.4174638452716903
s03e19a,3,humor,auditory_cortex,some,-0.6943196076215411
s03e19a,3,humor,auditory_cortex,full,-0.5184541891320399
s03e19a,3,humor,dorsal_str,some,-0.12845718704674858
s03e19a,3,humor,dorsal_str,full,0.15196488400505725
s03e19a,3,humor,ventral_str,some,-0.08447211371140387
s03e19a,3,humor,ventral_str,full,-0.041845054652976776
s03e19b,3,rms,rTPJ,some,-0.43126945190622007
s03e19b,3,rms,rTPJ,full,0.3331864413258536
s03e19b,3,rms,visual_cortex,some,-0.251158256445609
s03e19b,3,rms,visual_cortex,full,0.09282312325692699
s03e19b,3,rms,auditory_cortex,some,0.019264231528015013
s03e19b,3,rms,auditory_cortex,full,0.021604236941169197
s03e19b,3,rms,dorsal_str,some,0.09389937713962036
s03e19b,3,rms,dorsal_str,full,0.2737715246263422
s03e19b,3,rms,ventral_str,some,0.02530927164237609
s03e19b,3,rms,ventral_str,full,-0.14171600539093523
s03e19b,3,prob,rTPJ,some,-0.08868691123989897
s03e19b,3,prob,rTPJ,full,-0.25643376223874526
s03e19b,3,prob,visual_cortex,some,0.0819200861686229
s03e19b,3,prob,visual_cortex,full,-0.4764349678910733
s03e19b,3,prob,auditory_cortex,some,-0.16729819721893568
s03e19b,3,prob,auditory_cortex,full,0.3384988393614098
s03e19b,3,prob,dorsal_str,some,0.0991535702036473
s03e19b,3,prob,dorsal_str,full,0.26304209278874346
s03e19b,3,prob,ventral_str,some,0.07672463652048817
s03e19b,3,prob,ventral_str,full,-0.22738135678219018
s03e19b,3,humor,rTPJ,some,-0.408228066636667
s03e19b,3,humor,rTPJ,full,0.11026672405443996
s03e19b,3,humor,visual_cortex,some,-0.6932716406876678
s03e19b,3,humor,visual_cortex,full,0.4515515964238081
s03e19b,3,humor,auditory_cortex,some,0.3299846367715273
s03e19b,3,humor,auditory_cortex,full,-0.2942277136471613
s03e19b,3,humor,dorsal_str,some,0.23356897253756045
s03e19b,3,humor,dorsal_str,full,0.08512712518836568
s03e19b,3,humor,ventral_str,some,-0.08923019240701265
s03e19b,3,humor,ventral_str,full,0.018080860503595482
s03e20a,3,rms,rTPJ,some,0.13562332279138795
s03e20a,3,rms,rTPJ,full,-0.005440291411596521
s03e20a,3,rms,visual_cortex,some,0.29148916174905143
s03e20a,3,rms,visual_cortex,full,-0.027258225525074113
s03e20a,3,rms,auditory_cortex,some,-0.8369871720894104
s03e20a,3,rms,auditory_cortex,full,-0.3671593116453965
s03e20a,3,rms,dorsal_str,some,0.06430933964958488
s03e20a,3,rms,dorsal_str,full,-0.04592825221887664
s03e20a,3,rms,ventral_str,some,-0.10769128684386042
s03e20a,3,rms,ventral_str,full,-0.15748901425509412
s03e20a,3,prob,rTPJ,some,0.24035896322172176
s03e20a,3,prob,rTPJ,full,-0.2292095609319552
s03e20a,3,prob,visual_cortex,some,-0.30070868176057974
s03e20a,3,prob,visual_cortex,full,0.706723334941987
s03e20a,3,prob,auditory_cortex,some,-0.3715533260986543
s03e20a,3,prob,auditory_cortex,full,-0.8396598917698304
s03e20a,3,prob,dorsal_str,some,-0.05537499331465824
s03e20a,3,prob,dorsal_str,full,0.08060655696012853
s03e20a,3,prob,ventral_str,some,-0.3130977455783908
s03e20a,3,prob,ventral_str,full,0.12601128351340815
s03e20a,3,humor,rTPJ,some,0.22165878672284028
s03e20a,3,humor,rTPJ,full,-0.23690058913939793
s03e20a,3,humor,visual_cortex,some,0.2132477273666007
s03e20a,3,humor,visual_cortex,full,-0.08513381898662366
s03e20a,3,humor,auditory_cortex,some,-0.515996867997888
s03e20a,3,humor,auditory_cortex,full,-0.6327112892866538
s03e20a,3,humor,dorsal_str,some,0.02518482531504164
s03e20a,3,humor,dorsal_str,full,-0.04536158277986213
s03e20a,3,humor,ventral_str,some,-0.10495237905192828
s03e20a,3,humor,ventral_str,full,-0.19205673482383395
s03e20b,3,rms,rTPJ,some,-0.03323601697593503
s03e20b,3,rms,rTPJ,full,0.5449530253210009
s03e20b,3,rms,visual_cortex,some,0.9201633362965417
s03e20b,3,rms,visual_cortex,full,0.28979824283581
s03e20b,3,rms,auditory_cortex,some,0.4169603429290967
s03e20b,3,rms,auditory_cortex,full,-0.8651701446635397
s03e20b,3,rms,dorsal_str,some,0.47774619308951854
s03e20b,3,rms,dorsal_str,full,-0.02645535668697336
s03e20b,3,rms,ventral_str,some,0.3268408917154262
s03e20b,3,rms,ventral_str,full,0.1172986332243242
s03e20b,3,prob,rTPJ,some,0.3107503680225669
s03e20b,3,prob,rTPJ,full,0.16970262059623456
s03e20b,3,prob,visual_cortex,some,0.8183967235814715
s03e20b,3,prob,visual_cortex,full,0.5775030499127686
s03e20b,3,prob,auditory_cortex,some,0.35713574521018615
s03e20b,3,prob,auditory_cortex,full,-0.34537710343789063
s03e20b,3,prob,dorsal_str,some,0.21577751762450842
s03e20b,3,prob,dorsal_str,full,0.2838933597628869
s03e20b,3,prob,ventral_str,some,-0.011009099796912114
s03e20b,3,prob,ventral_str,full,0.3480106610330427
s03e20b,3,humor,rTPJ,some,0.6728651804627096
s03e20b,3,humor,rTPJ,full,-0.039978288140830806
s03e20b,3,humor,visual_cortex,some,1.276248324941339
s03e20b,3,humor,visual_cortex,full,0.30778951527800025
s03e20b,3,humor,auditory_cortex,some,-0.23302462132843693
s03e20b,3,humor,auditory_cortex,full,-0.0721609158499964
s03e20b,3,humor,dorsal_str,some,0.21614566362822515
s03e20b,3,humor,dorsal_str,full,0.288695996772522
s03e20b,3,humor,ventral_str,some,0.12346809893320299
s03e20b,3,humor,ventral_str,full,0.300372673238787
s03e21a,3,rms,rTPJ,some,0.11148227850986231
s03e21a,3,rms,rTPJ,full,0.5748255888359461
s03e21a,3,rms,visual_cortex,some,-0.3355752171317715
s03e21a,3,rms,visual_cortex,full,0.6706424388999828
s03e21a,3,rms,auditory_cortex,some,-0.9719570312443734
s03e21a,3,rms,auditory_cortex,full,-0.5510596622973303
s03e21a,3,rms,dorsal_str,some,-0.06792557336273364
s03e21a,3,rms,dorsal_str,full,0.2582748925770558
s03e21a,3,rms,ventral_str,some,0.04458826153112028
s03e21a,3,rms,ventral_str,full,-0.07099989774743515
s03e21a,3,prob,rTPJ,some,0.38165005505693766
s03e21a,3,prob,rTPJ,full,0.39760600285850084
s03e21a,3,prob,visual_cortex,some,0.22703507132343168
s03e21a,3,prob,visual_cortex,full,0.30369856842854326
s03e21a,3,prob,auditory_cortex,some,-0.2998671605650216
s03e21a,3,prob,auditory_cortex,full,-1.029223736542324
s03e21a,3,prob,dorsal_str,some,-0.20497840512100107
s03e21a,3,prob,dorsal_str,full,0.37678451093194226
s03e21a,3,prob,ventral_str,some,-0.2830292737633932
s03e21a,3,prob,ventral_str,full,0.16665265806200574
s03e21a,3,humor,rTPJ,some,0.38354524785228017
s03e21a,3,humor,rTPJ,full,0.3984135725520522
s03e21a,3,humor,visual_cortex,some,0.2872085058113299
s03e21a,3,humor,visual_cortex,full,0.2540193260590752
s03e21a,3,humor,auditory_cortex,some,-0.7771461146243421
s03e21a,3,humor,auditory_cortex,full,-0.6564287090701011
s03e21a,3,humor,dorsal_str,some,0.04352851180234714
s03e21a,3,humor,dorsal_str,full,0.21806796254760905
s03e21a,3,humor,ventral_str,some,-0.08795554499989765
s03e21a,3,humor,ventral_str,full,0.040837938897874626
s03e21b,3,rms,rTPJ,some,-0.005637456932093082
s03e21b,3,rms,rTPJ,full,-0.20938643569984533
s03e21b,3,rms,visual_cortex,some,0.7914201733720345
s03e21b,3,rms,visual_cortex,full,-0.7542556687632798
s03e21b,3,rms,auditory_cortex,some,0.04020032606066737
s03e21b,3,rms,auditory_cortex,full,-0.193514220422024
s03e21b,3,rms,dorsal_str,some,0.22206403597175345
s03e21b,3,rms,dorsal_str,full,0.15117737811266985
s03e21b,3,rms,ventral_str,some,-0.03897274207798769
s03e21b,3,rms,ventral_str,full,-0.12898900770946048
s03e21b,3,prob,rTPJ,some,-0.34736042884899965
s03e21b,3,prob,rTPJ,full,-0.06460197055859715
s03e21b,3,prob,visual_cortex,some,-0.027276634702496097
s03e21b,3,prob,visual_cortex,full,-0.4209319074748947
s03e21b,3,prob,auditory_cortex,some,0.16750779883257524
s03e21b,3,prob,auditory_cortex,full,-0.25142004518731664
s03e21b,3,prob,dorsal_str,some,0.04378502877741733
s03e21b,3,prob,dorsal_str,full,0.22716602942925063
s03e21b,3,prob,ventral_str,some,-0.40927126031957706
s03e21b,3,prob,ventral_str,full,0.02957810158219889
s03e21b,3,humor,rTPJ,some,-0.058612442384769994
s03e21b,3,humor,rTPJ,full,-0.3599504623368612
s03e21b,3,humor,visual_cortex,some,-0.2176811656507973
s03e21b,3,humor,visual_cortex,full,-0.4972938125601356
s03e21b,3,humor,auditory_cortex,some,-0.27486559161779534
s03e21b,3,humor,auditory_cortex,full,0.21973684062243612
s03e21b,3,humor,dorsal_str,some,0.11739047816360296
s03e21b,3,humor,dorsal_str,full,0.29751570251736686
s03e21b,3,humor,ventral_str,some,-0.19303954399717252
s03e21b,3,humor,ventral_str,full,0.10556477918002431
s03e22a,3,rms,rTPJ,some,0.1961340971979218
s03e22a,3,rms,rTPJ,full,0.21911205875515316
s03e22a,3,rms,visual_cortex,some,0.5154037526229549
s03e22a,3,rms,visual_cortex,full,0.9358466009955578
s03e22a,3,rms,auditory_cortex,some,-0.668708199641431
s03e22a,3,rms,auditory_cortex,full,-0.265697231542772
s03e22a,3,rms,dorsal_str,some,0.22856877471657666
s03e22a,3,rms,dorsal_str,full,0.6805328732456234
s03e22a,3,rms,ventral_str,some,-0.040833228072220874
s03e22a,3,rms,ventral_str,full,0.18371436143601802
s03e22a,3,prob,rTPJ,some,-0.015865307215340962
s03e22a,3,prob,rTPJ,full,0.45894819190693464
s03e22a,3,prob,visual_cortex,some,0.09885114687684472
s03e22a,3,prob,visual_cortex,full,1.404709613770206
s03e22a,3,prob,auditory_cortex,some,-0.396070240134132
s03e22a,3,prob,auditory_cortex,full,-0.5768834130440675
s03e22a,3,prob,dorsal_str,some,0.2564637833960048
s03e22a,3,prob,dorsal_str,full,0.6460832472721745
s03e22a,3,prob,ventral_str,some,-0.02426143830154735
s03e22a,3,prob,ventral_str,full,0.16352798879368544
s03e22a,3,humor,rTPJ,some,0.280612465350415
s03e22a,3,humor,rTPJ,full,0.13280609027491463
s03e22a,3,humor,visual_cortex,some,0.7318826931112555
s03e22a,3,humor,visual_cortex,full,0.69075608323045
s03e22a,3,humor,auditory_cortex,some,-0.09818728298985584
s03e22a,3,humor,auditory_cortex,full,-0.8649622993008501
s03e22a,3,humor,dorsal_str,some,0.3215932269582296
s03e22a,3,humor,dorsal_str,full,0.5572592584039738
s03e22a,3,humor,ventral_str,some,-0.02335278982908802
s03e22a,3,humor,ventral_str,full,0.1513097467962233
s03e22b,3,rms,rTPJ,some,0.3990409301242936
s03e22b,3,rms,rTPJ,full,0.20642940123437975
s03e22b,3,rms,visual_cortex,some,0.8587544583319149
s03e22b,3,rms,visual_cortex,full,0.3426099018928158
s03e22b,3,rms,auditory_cortex,some,0.10582340215531619
s03e22b,3,rms,auditory_cortex,full,-0.13475679824692102
s03e22b,3,rms,dorsal_str,some,0.17283023692852292
s03e22b,3,rms,dorsal_str,full,0.3000776171039326
s03e22b,3,rms,ventral_str,some,-0.0032783069776677054
s03e22b,3,rms,ventral_str,full,0.13331399162895197
s03e22b,3,prob,rTPJ,some,0.2312633259668488
s03e22b,3,prob,rTPJ,full,0.2904388708910866
s03e22b,3,prob,visual_cortex,some,0.4753980212034279
s03e22b,3,prob,visual_cortex,full,0.5214110723992161
s03e22b,3,prob,auditory_cortex,some,0.28419634825934725
s03e22b,3,prob,auditory_cortex,full,-0.3011004574418439
s03e22b,3,prob,dorsal_str,some,0.5070033396315464
s03e22b,3,prob,dorsal_str,full,0.08840554841305837
s03e22b,3,prob,ventral_str,some,0.2899900528956277
s03e22b,3,prob,ventral_str,full,-0.04813787275562744
s03e22b,3,humor,rTPJ,some,0.35826508318604156
s03e22b,3,humor,rTPJ,full,0.14947171725761946
s03e22b,3,humor,visual_cortex,some,0.6934522852524344
s03e22b,3,humor,visual_cortex,full,0.26086926511481767
s03e22b,3,humor,auditory_cortex,some,0.29628121351542
s03e22b,3,humor,auditory_cortex,full,-0.5112834430163322
s03e22b,3,humor,dorsal_str,some,0.36791926382452167
s03e22b,3,humor,dorsal_str,full,0.12497648007222127
s03e22b,3,humor,ventral_str,some,0.11196872578304798
s03e22b,3,humor,ventral_str,full,0.06448825096710288
s03e23a,3,rms,rTPJ,some,0.2927030874251858
s03e23a,3,rms,rTPJ,full,-0.07499491091120666
s03e23a,3,rms,visual_cortex,some,0.7907961981795328
s03e23a,3,rms,visual_cortex,full,-0.020972943140120166
s03e23a,3,rms,auditory_cortex,some,-0.5661014629502571
s03e23a,3,rms,auditory_cortex,full,-1.5098450742941603
s03e23a,3,rms,dorsal_str,some,0.18392913048253995
s03e23a,3,rms,dorsal_str,full,0.12823808869166028
s03e23a,3,rms,ventral_str,some,-0.0898181573869261
s03e23a,3,rms,ventral_str,full,0.13483289867902837
s03e23a,3,prob,rTPJ,some,-0.08818593327710007
s03e23a,3,prob,rTPJ,full,0.270050398810379
s03e23a,3,prob,visual_cortex,some,0.7782909828150106
s03e23a,3,prob,visual_cortex,full,0.12625836082859815
s03e23a,3,prob,auditory_cortex,some,-0.9602928169633369
s03e23a,3,prob,auditory_cortex,full,-1.0570366889598841
s03e23a,3,prob,dorsal_str,some,-0.0725673137885934
s03e23a,3,prob,dorsal_str,full,0.3279809741781495
s03e23a,3,prob,ventral_str,some,-0.14407023317503584
s03e23a,3,prob,ventral_str,full,0.1369012313034695
s03e23a,3,humor,rTPJ,some,0.703395195697425
s03e23a,3,humor,rTPJ,full,-0.07661651372381642
s03e23a,3,humor,visual_cortex,some,0.7522701455533224
s03e23a,3,humor,visual_cortex,full,0.2885682757702159
s03e23a,3,humor,auditory_cortex,some,-1.146365814641001
s03e23a,3,humor,auditory_cortex,full,-0.9725928136682359
s03e23a,3,humor,dorsal_str,some,0.030906831035188383
s03e23a,3,humor,dorsal_str,full,0.19929020428494523
s03e23a,3,humor,ventral_str,some,-0.11131599609965986
s03e23a,3,humor,ventral_str,full,0.05982320933057408
s03e23b,3,rms,rTPJ,some,0.5135900806912252
s03e23b,3,rms,rTPJ,full,0.1709446830609299
s03e23b,3,rms,visual_cortex,some,0.9510636297992918
s03e23b,3,rms,visual_cortex,full,0.24388433681073954
s03e23b,3,rms,auditory_cortex,some,-0.3056634334704079
s03e23b,3,rms,auditory_cortex,full,-0.5689736842394983
s03e23b,3,rms,dorsal_str,some,0.17705866546117127
s03e23b,3,rms,dorsal_str,full,0.3428602515487278
s03e23b,3,rms,ventral_str,some,-0.20385525515868394
s03e23b,3,rms,ventral_str,full,0.11771655432552378
s03e23b,3,prob,rTPJ,some,0.2900940509003632
s03e23b,3,prob,rTPJ,full,0.3324937820911157
s03e23b,3,prob,visual_cortex,some,0.9907298389442265
s03e23b,3,prob,visual_cortex,full,0.22082084369022534
s03e23b,3,prob,auditory_cortex,some,-0.47451758458400617
s03e23b,3,prob,auditory_cortex,full,-0.44688884015658653
s03e23b,3,prob,dorsal_str,some,0.1670020426920545
s03e23b,3,prob,dorsal_str,full,0.3488060826309243
s03e23b,3,prob,ventral_str,some,-0.08760049588264585
s03e23b,3,prob,ventral_str,full,0.032637653149922674
s03e23b,3,humor,rTPJ,some,0.0006262664914304314
s03e23b,3,humor,rTPJ,full,0.5017780234565073
s03e23b,3,humor,visual_cortex,some,0.7529263363220156
s03e23b,3,humor,visual_cortex,full,0.41481654030748977
s03e23b,3,humor,auditory_cortex,some,-0.5692716440153534
s03e23b,3,humor,auditory_cortex,full,-0.3924139713763265
s03e23b,3,humor,dorsal_str,some,0.1646168599294756
s03e23b,3,humor,dorsal_str,full,0.3378162878770546
s03e23b,3,humor,ventral_str,some,-0.1445151824154747
s03e23b,3,humor,ventral_str,full,0.058284518410094695
s03e24a,3,rms,rTPJ,some,0.16208731627888462
s03e24a,3,rms,rTPJ,full,0.12800856814218955
s03e24a,3,rms,visual_cortex,some,0.6584658656800606
s03e24a,3,rms,visual_cortex,full,0.488513810279468
s03e24a,3,rms,auditory_cortex,some,-0.7623458248937929
s03e24a,3,rms,auditory_cortex,full,-0.7817651986293381
s03e24a,3,rms,dorsal_str,some,0.07975991392007781
s03e24a,3,rms,dorsal_str,full,0.07719852015420084
s03e24a,3,rms,ventral_str,some,0.017655500441778382
s03e24a,3,rms,ventral_str,full,0.0007461381468040645
s03e24a,3,prob,rTPJ,some,0.07644900044200426
s03e24a,3,prob,rTPJ,full,0.18428780885188664
s03e24a,3,prob,visual_cortex,some,0.5897689379423231
s03e24a,3,prob,visual_cortex,full,0.5602883061007575
s03e24a,3,prob,auditory_cortex,some,-0.3512769319449629
s03e24a,3,prob,auditory_cortex,full,-1.0177396639575902
s03e24a,3,prob,dorsal_str,some,0.03387600965319586
s03e24a,3,prob,dorsal_str,full,0.10442120349551134
s03e24a,3,prob,ventral_str,some,0.0448849235729108
s03e24a,3,prob,ventral_str,full,-0.011967848340568795
s03e24a,3,humor,rTPJ,some,0.2657472448642559
s03e24a,3,humor,rTPJ,full,0.09333348327740443
s03e24a,3,humor,visual_cortex,some,1.0628220423061587
s03e24a,3,humor,visual_cortex,full,0.3632076757869433
s03e24a,3,humor,auditory_cortex,some,-0.8860670441829557
s03e24a,3,humor,auditory_cortex,full,-0.7242200421310173
s03e24a,3,humor,dorsal_str,some,0.031400872423114894
s03e24a,3,humor,dorsal_str,full,0.09833891145794253
s03e24a,3,humor,ventral_str,some,0.007712654034442032
s03e24a,3,humor,ventral_str,full,0.009498098893737024
s03e24b,3,rms,rTPJ,some,0.14289481354303776
s03e24b,3,rms,rTPJ,full,0.9414847108093274
s03e24b,3,rms,visual_cortex,some,0.7232056516821347
s03e24b,3,rms,visual_cortex,full,1.684056641852096
s03e24b,3,rms,auditory_cortex,some,-0.14490535382050856
s03e24b,3,rms,auditory_cortex,full,0.6034298373697446
s03e24b,3,rms,dorsal_str,some,0.023626658481673973
s03e24b,3,rms,dorsal_str,full,0.9837915297458943
s03e24b,3,rms,ventral_str,some,-0.17839182452809593
s03e24b,3,rms,ventral_str,full,0.5740301644146808
s03e24b,3,prob,rTPJ,some,0.27867295447850005
s03e24b,3,prob,rTPJ,full,0.8261294898514268
s03e24b,3,prob,visual_cortex,some,1.0628464998865101
s03e24b,3,prob,visual_cortex,full,1.3160901435566763
s03e24b,3,prob,auditory_cortex,some,0.2670246791726031
s03e24b,3,prob,auditory_cortex,full,0.1252031386478923
s03e24b,3,prob,dorsal_str,some,0.1985069507698064
s03e24b,3,prob,dorsal_str,full,0.8299759525482516
s03e24b,3,prob,ventral_str,some,-0.021859605499836593
s03e24b,3,prob,ventral_str,full,0.428156522322209
s03e24b,3,humor,rTPJ,some,0.6674151678101936
s03e24b,3,humor,rTPJ,full,0.2577355446046281
s03e24b,3,humor,visual_cortex,some,1.282308788776564
s03e24b,3,humor,visual_cortex,full,0.9850637218052576
s03e24b,3,humor,auditory_cortex,some,0.3049249586173236
s03e24b,3,humor,auditory_cortex,full,0.03431987441131913
s03e24b,3,humor,dorsal_str,some,0.6268445259330804
s03e24b,3,humor,dorsal_str,full,0.20882158381245797
s03e24b,3,humor,ventral_str,some,0.2489405211047269
s03e24b,3,humor,ventral_str,full,0.04468479180215079
s03e25a,3,rms,rTPJ,some,-0.36466215015505066
s03e25a,3,rms,rTPJ,full,0.37256248761534577
s03e25a,3,rms,visual_cortex,some,0.6330257776207969
s03e25a,3,rms,visual_cortex,full,0.7830489956890607
s03e25a,3,rms,auditory_cortex,some,-0.4648574082756932
s03e25a,3,rms,auditory_cortex,full,-0.5825679497803795
s03e25a,3,rms,dorsal_str,some,0.3044472038342936
s03e25a,3,rms,dorsal_str,full,0.22652980998134375
s03e25a,3,rms,ventral_str,some,0.19279309500017028
s03e25a,3,rms,ventral_str,full,-0.007677855009310064
s03e25a,3,prob,rTPJ,some,0.1099212674049202
s03e25a,3,prob,rTPJ,full,-0.2876322103868788
s03e25a,3,prob,visual_cortex,some,1.0075370594679331
s03e25a,3,prob,visual_cortex,full,0.3325690954485414
s03e25a,3,prob,auditory_cortex,some,0.1865562807132994
s03e25a,3,prob,auditory_cortex,full,-1.3042848857900429
s03e25a,3,prob,dorsal_str,some,0.6142685449657854
s03e25a,3,prob,dorsal_str,full,-0.1131471440300968
s03e25a,3,prob,ventral_str,some,0.2594758899372326
s03e25a,3,prob,ventral_str,full,-0.05078827566258318
s03e25a,3,humor,rTPJ,some,-0.24261975014106854
s03e25a,3,humor,rTPJ,full,-0.03046733868051102
s03e25a,3,humor,visual_cortex,some,0.6280902079837407
s03e25a,3,humor,visual_cortex,full,0.7091860571542117
s03e25a,3,humor,auditory_cortex,some,-0.34715325639433414
s03e25a,3,humor,auditory_cortex,full,-0.5557859241944629
s03e25a,3,humor,dorsal_str,some,0.4411494683032575
s03e25a,3,humor,dorsal_str,full,0.22815894535100867
s03e25a,3,humor,ventral_str,some,0.32109431963538704
s03e25a,3,humor,ventral_str,full,0.05769437189909779
s03e25b,3,rms,rTPJ,some,0.06642248228531222
s03e25b,3,rms,rTPJ,full,0.5066934997916653
s03e25b,3,rms,visual_cortex,some,0.7138200739450459
s03e25b,3,rms,visual_cortex,full,-0.09898039494334947
s03e25b,3,rms,auditory_cortex,some,-0.03617122577982469
s03e25b,3,rms,auditory_cortex,full,-0.743818515747627
s03e25b,3,rms,dorsal_str,some,0.1357109567699931
s03e25b,3,rms,dorsal_str,full,-0.028201651455546775
s03e25b,3,rms,ventral_str,some,-0.3264145260710727
s03e25b,3,rms,ventral_str,full,-0.10827031944471247
s03e25b,3,prob,rTPJ,some,0.07842799968383385
s03e25b,3,prob,rTPJ,full,0.3316937349509054
s03e25b,3,prob,visual_cortex,some,0.32379945082364586
s03e25b,3,prob,visual_cortex,full,0.7459541731486561
s03e25b,3,prob,auditory_cortex,some,-0.35617626039134004
s03e25b,3,prob,auditory_cortex,full,-0.035940449188985424
s03e25b,3,prob,dorsal_str,some,0.1489180226057023
s03e25b,3,prob,dorsal_str,full,0.011873527617585505
s03e25b,3,prob,ventral_str,some,-0.27362342887454394
s03e25b,3,prob,ventral_str,full,-0.26143213650417974
s03e25b,3,humor,rTPJ,some,0.04613540501036173
s03e25b,3,humor,rTPJ,full,0.6117455110759022
s03e25b,3,humor,visual_cortex,some,0.43124521748259376
s03e25b,3,humor,visual_cortex,full,0.7082392916914733
s03e25b,3,humor,auditory_cortex,some,-0.19469817430732986
s03e25b,3,humor,auditory_cortex,full,-0.3147323110543042
s03e25b,3,humor,dorsal_str,some,0.08973410013362536
s03e25b,3,humor,dorsal_str,full,0.10014756084489815
s03e25b,3,humor,ventral_str,some,-0.38328981460598754
s03e25b,3,humor,ventral_str,full,0.09026112526060776
s04e02a,4,rms,rTPJ,some,-0.048178419818629685
s04e02a,4,rms,rTPJ,full,0.2562709362660334
s04e02a,4,rms,visual_cortex,some,0.5808443097253165
s04e02a,4,rms,visual_cortex,full,0.6077299693881967
s04e02a,4,rms,auditory_cortex,some,-0.12913234332854925
s04e02a,4,rms,auditory_cortex,full,-0.43719483407443493
s04e02a,4,rms,dorsal_str,some,0.15417719298417332
s04e02a,4,rms,dorsal_str,full,0.11985368911169189
s04e02a,4,rms,ventral_str,some,-0.06596071734660243
s04e02a,4,rms,ventral_str,full,-0.19299418748609504
s04e02a,4,prob,rTPJ,some,0.42595910471156884
s04e02a,4,prob,rTPJ,full,-0.1166645812255474
s04e02a,4,prob,visual_cortex,some,0.9775632406440656
s04e02a,4,prob,visual_cortex,full,0.3056789016161062
s04e02a,4,prob,auditory_cortex,some,0.07769655209526148
s04e02a,4,prob,auditory_cortex,full,-0.5805468588031467
s04e02a,4,prob,dorsal_str,some,0.16586920306700198
s04e02a,4,prob,dorsal_str,full,0.11249140095551216
s04e02a,4,prob,ventral_str,some,-0.09488816684468984
s04e02a,4,prob,ventral_str,full,-0.16548565038135696
s04e02a,4,humor,rTPJ,some,0.1503380474873811
s04e02a,4,humor,rTPJ,full,0.10258447654844613
s04e02a,4,humor,visual_cortex,some,1.2505906590143705
s04e02a,4,humor,visual_cortex,full,0.30165439453908754
s04e02a,4,humor,auditory_cortex,some,0.012538457795227886
s04e02a,4,humor,auditory_cortex,full,-0.43530720831887115
s04e02a,4,humor,dorsal_str,some,0.06824658567151541
s04e02a,4,humor,dorsal_str,full,0.16568092591149558
s04e02a,4,humor,ventral_str,some,-0.20412600862794167
s04e02a,4,humor,ventral_str,full,-0.10405193443303198
s04e02b,4,rms,rTPJ,some,0.3943483008921345
s04e02b,4,rms,rTPJ,full,0.4967172084340176
s04e02b,4,rms,visual_cortex,some,0.20094551267860655
s04e02b,4,rms,visual_cortex,full,-0.1485562288447852
s04e02b,4,rms,auditory_cortex,some,-1.0348824518431416
s04e02b,4,rms,auditory_cortex,full,-0.6028354935904087
s04e02b,4,rms,dorsal_str,some,-0.11023295856387438
s04e02b,4,rms,dorsal_str,full,0.5492268067118746
s04e02b,4,rms,ventral_str,some,-0.1916037720757744
s04e02b,4,rms,ventral_str,full,0.0971450601002515
s04e02b,4,prob,rTPJ,some,0.28724929683230715
s04e02b,4,prob,rTPJ,full,0.626957699102648
s04e02b,4,prob,visual_cortex,some,-0.1595241279208382
s04e02b,4,prob,visual_cortex,full,0.5365771849010033
s04e02b,4,prob,auditory_cortex,some,-0.9303463154145629
s04e02b,4,prob,auditory_cortex,full,-0.9191039275908203
s04e02b,4,prob,dorsal_str,some,-0.12447149030763092
s04e02b,4,prob,dorsal_str,full,0.3369050764604301
s04e02b,4,prob,ventral_str,some,-0.15274342460931456
s04e02b,4,prob,ventral_str,full,-0.0659857322211033
s04e02b,4,humor,rTPJ,some,0.47187440674480985
s04e02b,4,humor,rTPJ,full,0.2930601356117515
s04e02b,4,humor,visual_cortex,some,0.1006859914244729
s04e02b,4,humor,visual_cortex,full,0.14265341086635983
s04e02b,4,humor,auditory_cortex,some,-0.9065167852797367
s04e02b,4,humor,auditory_cortex,full,-0.9737027690464526
s04e02b,4,humor,dorsal_str,some,-0.00321041100887956
s04e02b,4,humor,dorsal_str,full,0.20166071466473495
s04e02b,4,humor,ventral_str,some,-0.23636855041066468
s04e02b,4,humor,ventral_str,full,0.1701460523016231
s04e03a,4,rms,rTPJ,some,0.3703698692776104
s04e03a,4,rms,rTPJ,full,-0.45458732283381154
s04e03a,4,rms,visual_cortex,some,0.7020464511587339
s04e03a,4,rms,visual_cortex,full,-0.5925077954717418
s04e03a,4,rms,auditory_cortex,some,-1.0450748516317974
s04e03a,4,rms,auditory_cortex,full,-0.21799376009636168
s04e03a,4,rms,dorsal_str,some,0.10634231546065945
s04e03a,4,rms,dorsal_str,full,0.16463755480114334
s04e03a,4,rms,ventral_str,some,-0.08716111954233129
s04e03a,4,rms,ventral_str,full,-0.1183754734591582
s04e03a,4,prob,rTPJ,some,0.28538775432797797
s04e03a,4,prob,rTPJ,full,-0.4491917671536207
s04e03a,4,prob,visual_cortex,some,-0.13335188641471626
s04e03a,4,prob,visual_cortex,full,0.49093325001478105
s04e03a,4,prob,auditory_cortex,some,-0.0963297732005492
s04e03a,4,prob,auditory_cortex,full,-1.545672745530656
s04e03a,4,prob,dorsal_str,some,0.1332315421694086
s04e03a,4,prob,dorsal_str,full,0.13227843645144693
s04e03a,4,prob,ventral_str,some,-0.2088771561624645
s04e03a,4,prob,ventral_str,full,0.06327814919873428
s04e03a,4,humor,rTPJ,some,-0.04546223904596819
s04e03a,4,humor,rTPJ,full,0.05766078635927802
s04e03a,4,humor,visual_cortex,some,-0.11641601474822583
s04e03a,4,humor,visual_cortex,full,0.4664191257469664
s04e03a,4,humor,auditory_cortex,some,-0.7848038287832599
s04e03a,4,humor,auditory_cortex,full,-0.49075719534127904
s04e03a,4,humor,dorsal_str,some,0.13077032927245952
s04e03a,4,humor,dorsal_str,full,0.13605994809344202
s04e03a,4,humor,ventral_str,some,-0.07267791427106485
s04e03a,4,humor,ventral_str,full,-0.14544890152133788
s04e03b,4,rms,rTPJ,some,0.6361854802165444
s04e03b,4,rms,rTPJ,full,0.7535142165248137
s04e03b,4,rms,visual_cortex,some,1.37740677979868
s04e03b,4,rms,visual_cortex,full,0.9321765743224634
s04e03b,4,rms,auditory_cortex,some,-0.42450870935916274
s04e03b,4,rms,auditory_cortex,full,-0.0651137167677191
s04e03b,4,rms,dorsal_str,some,0.17402802585320618
s04e03b,4,rms,dorsal_str,full,0.28617297811873543
s04e03b,4,rms,ventral_str,some,-0.02027667770303848
s04e03b,4,rms,ventral_str,full,0.014088195155587721
s04e03b,4,prob,rTPJ,some,0.7986664227275035
s04e03b,4,prob,rTPJ,full,0.5508420155829252
s04e03b,4,prob,visual_cortex,some,1.5679493032668144
s04e03b,4,prob,visual_cortex,full,0.5348209630170649
s04e03b,4,prob,auditory_cortex,some,0.009311742161635439
s04e03b,4,prob,auditory_cortex,full,-0.5936053404473123
s04e03b,4,prob,dorsal_str,some,0.28587883197312786
s04e03b,4,prob,dorsal_str,full,0.15525128079377154
s04e03b,4,prob,ventral_str,some,-0.09612546259174473
s04e03b,4,prob,ventral_str,full,0.13312018794660563
s04e03b,4,humor,rTPJ,some,0.7725014170574005
s04e03b,4,humor,rTPJ,full,0.6734380226814889
s04e03b,4,humor,visual_cortex,some,0.7965229482771488
s04e03b,4,humor,visual_cortex,full,1.256242008746435
s04e03b,4,humor,auditory_cortex,some,-0.24305227408089827
s04e03b,4,humor,auditory_cortex,full,-0.2354202670990693
s04e03b,4,humor,dorsal_str,some,-0.1366320710425912
s04e03b,4,humor,dorsal_str,full,0.3496691576360748
s04e03b,4,humor,ventral_str,some,-0.29249490840437625
s04e03b,4,humor,ventral_str,full,0.08976268784295544
s04e04a,4,rms,rTPJ,some,0.37009128562523363
s04e04a,4,rms,rTPJ,full,0.5411094139297881
s04e04a,4,rms,visual_cortex,some,0.7280491104122802
s04e04a,4,rms,visual_cortex,full,0.2118064759445208
s04e04a,4,rms,auditory_cortex,some,-0.42832037350540314
s04e04a,4,rms,auditory_cortex,full,-0.8609235243232265
s04e04a,4,rms,dorsal_str,some,-0.06665721042950132
s04e04a,4,rms,dorsal_str,full,0.18874129326208886
s04e04a,4,rms,ventral_str,some,-0.11497025237145277
s04e04a,4,rms,ventral_str,full,0.24814767031969315
s04e04a,4,prob,rTPJ,some,0.4754454951488256
s04e04a,4,prob,rTPJ,full,0.43736525407319315
s04e04a,4,prob,visual_cortex,some,0.6401115225244245
s04e04a,4,prob,visual_cortex,full,0.3640783823823034
s04e04a,4,prob,auditory_cortex,some,-0.3924344431239684
s04e04a,4,prob,auditory_cortex,full,-0.80994555891718
s04e04a,4,prob,dorsal_str,some,-0.19482333943323354
s04e04a,4,prob,dorsal_str,full,0.23345309211093734
s04e04a,4,prob,ventral_str,some,-0.23955144972686637
s04e04a,4,prob,ventral_str,full,0.2714104968024611
s04e04a,4,humor,rTPJ,some,0.6815409970321662
s04e04a,4,humor,rTPJ,full,0.3503411384351875
s04e04a,4,humor,visual_cortex,some,0.5338059727111011
s04e04a,4,humor,visual_cortex,full,0.4524405930242956
s04e04a,4,humor,auditory_cortex,some,-0.3933820394531799
s04e04a,4,humor,auditory_cortex,full,-0.7481310302306844
s04e04a,4,humor,dorsal_str,some,-0.1471701539909983
s04e04a,4,humor,dorsal_str,full,0.14906530790743935
s04e04a,4,humor,ventral_str,some,-0.10227980143652496
s04e04a,4,humor,ventral_str,full,0.13458882425603083
s04e04b,4,rms,rTPJ,some,0.15269416001944802
s04e04b,4,rms,rTPJ,full,0.6061331779650883
s04e04b,4,rms,visual_cortex,some,0.30346840730101565
s04e04b,4,rms,visual_cortex,full,1.2876061162811814
s04e04b,4,rms,auditory_cortex,some,-0.007232835251780742
s04e04b,4,rms,auditory_cortex,full,-0.4486086090474408
s04e04b,4,rms,dorsal_str,some,0.17566610567235924
s04e04b,4,rms,dorsal_str,full,0.4320173222561092
s04e04b,4,rms,ventral_str,some,0.1589786356628683
s04e04b,4,rms,ventral_str,full,0.1615859075019401
s04e04b,4,prob,rTPJ,some,0.6371223361459989
s04e04b,4,prob,rTPJ,full,0.2564504611097205
s04e04b,4,prob,visual_cortex,some,0.7502990353031135
s04e04b,4,prob,visual_cortex,full,0.9235869760043889
s04e04b,4,prob,auditory_cortex,some,0.27172470524132125
s04e04b,4,prob,auditory_cortex,full,-0.5984853513432128
s04e04b,4,prob,dorsal_str,some,0.22179153224763193
s04e04b,4,prob,dorsal_str,full,0.38309742553502696
s04e04b,4,prob,ventral_str,some,0.49666398792953986
s04e04b,4,prob,ventral_str,full,-0.0591953064006312
s04e04b,4,humor,rTPJ,some,0.490660091312353
s04e04b,4,humor,rTPJ,full,0.3104066471828594
s04e04b,4,humor,visual_cortex,some,0.9506913706363317
s04e04b,4,humor,visual_cortex,full,0.7450986289931933
s04e04b,4,humor,auditory_cortex,some,-0.05146281802650103
s04e04b,4,humor,auditory_cortex,full,-0.4885215757308273
s04e04b,4,humor,dorsal_str,some,0.31229127458434575
s04e04b,4,humor,dorsal_str,full,0.32749900734125587
s04e04b,4,humor,ventral_str,some,0.2179711753445493
s04e04b,4,humor,ventral_str,full,0.09421563321550389
s04e05a,4,rms,rTPJ,some,0.6893437751893869
s04e05a,4,rms,rTPJ,full,0.5826804475731159
s04e05a,4,rms,visual_cortex,some,1.2483870690456944
s04e05a,4,rms,visual_cortex,full,0.5864023662684682
s04e05a,4,rms,auditory_cortex,some,-0.6169390905115427
s04e05a,4,rms,auditory_cortex,full,-0.6321816418936642
s04e05a,4,rms,dorsal_str,some,0.4772349568256753
s04e05a,4,rms,dorsal_str,full,0.346614330611906
s04e05a,4,rms,ventral_str,some,0.13590476780020655
s04e05a,4,rms,ventral_str,full,0.0201327694065035
s04e05a,4,prob,rTPJ,some,0.6516489951652369
s04e05a,4,prob,rTPJ,full,0.6013857218575854
s04e05a,4,prob,visual_cortex,some,1.2832471716611058
s04e05a,4,prob,visual_cortex,full,0.5055393680023268
s04e05a,4,prob,auditory_cortex,some,-0.3522113405091435
s04e05a,4,prob,auditory_cortex,full,-0.827421413425143
s04e05a,4,prob,dorsal_str,some,0.35113833818263407
s04e05a,4,prob,dorsal_str,full,0.4280895431936182
s04e05a,4,prob,ventral_str,some,0.01976156832022513
s04e05a,4,prob,ventral_str,full,0.09555598969736806
s04e05a,4,humor,rTPJ,some,0.32769250191492805
s04e05a,4,humor,rTPJ,full,0.9156859292904062
s04e05a,4,humor,visual_cortex,some,0.5249664668147038
s04e05a,4,humor,visual_cortex,full,1.141848896148344
s04e05a,4,humor,auditory_cortex,some,-0.5289614048339744
s04e05a,4,humor,auditory_cortex,full,-0.7233521765932371
s04e05a,4,humor,dorsal_str,some,0.44976074927754706
s04e05a,4,humor,dorsal_str,full,0.3416878785485135
s04e05a,4,humor,ventral_str,some,0.1630383209998016
s04e05a,4,humor,ventral_str,full,-0.03538616667629159
s04e05b,4,rms,rTPJ,some,0.3675915325895811
s04e05b,4,rms,rTPJ,full,0.6415640395755229
s04e05b,4,rms,visual_cortex,some,0.758252539313682
s04e05b,4,rms,visual_cortex,full,0.3641757920308538
s04e05b,4,rms,auditory_cortex,some,-0.4325667353684397
s04e05b,4,rms,auditory_cortex,full,-0.32936407920330446
s04e05b,4,rms,dorsal_str,some,0.4351621476929243
s04e05b,4,rms,dorsal_str,full,0.15458559014307352
s04e05b,4,rms,ventral_str,some,0.24448039647255065
s04e05b,4,rms,ventral_str,full,-0.13469135917011518
s04e05b,4,prob,rTPJ,some,0.8012246813458521
s04e05b,4,prob,rTPJ,full,0.29325547914691563
s04e05b,4,prob,visual_cortex,some,0.23932860563181044
s04e05b,4,prob,visual_cortex,full,0.7894030177272618
s04e05b,4,prob,auditory_cortex,some,0.3161711686207017
s04e05b,4,prob,auditory_cortex,full,-0.8837995948484169
s04e05b,4,prob,dorsal_str,some,0.25831354997325917
s04e05b,4,prob,dorsal_str,full,0.31808108599153967
s04e05b,4,prob,ventral_str,some,-0.020311052144923014
s04e05b,4,prob,ventral_str,full,0.10490832748035914
s04e05b,4,humor,rTPJ,some,0.43174084987822525
s04e05b,4,humor,rTPJ,full,0.6110788625806002
s04e05b,4,humor,visual_cortex,some,0.6550887938284851
s04e05b,4,humor,visual_cortex,full,0.4232954997980138
s04e05b,4,humor,auditory_cortex,some,-0.21607537119574938
s04e05b,4,humor,auditory_cortex,full,-0.6104719425839042
s04e05b,4,humor,dorsal_str,some,0.3109368230490869
s04e05b,4,humor,dorsal_str,full,0.2678587685123328
s04e05b,4,humor,ventral_str,some,0.024592524242569927
s04e05b,4,humor,ventral_str,full,0.09129871177817776
s04e06a,4,rms,rTPJ,some,1.0006933325173875
s04e06a,4,rms,rTPJ,full,0.21379613951418747
s04e06a,4,rms,visual_cortex,some,1.5897361473604894
s04e06a,4,rms,visual_cortex,full,0.6405816099063204
s04e06a,4,rms,auditory_cortex,some,-0.07664163240031258
s04e06a,4,rms,auditory_cortex,full,-0.6097264902424914
s04e06a,4,rms,dorsal_str,some,0.7542063859961858
s04e06a,4,rms,dorsal_str,full,0.48716775873500673
s04e06a,4,rms,ventral_str,some,0.17279338325697258
s04e06a,4,rms,ventral_str,full,0.19819250095927393
s04e06a,4,prob,rTPJ,some,0.5607661747197854
s04e06a,4,prob,rTPJ,full,0.6103386414727378
s04e06a,4,prob,visual_cortex,some,1.4680123323816507
s04e06a,4,prob,visual_cortex,full,0.8483038673986407
s04e06a,4,prob,auditory_cortex,some,-0.0689368073093038
s04e06a,4,prob,auditory_cortex,full,-0.5433978634636145
s04e06a,4,prob,dorsal_str,some,0.5144276801412435
s04e06a,4,prob,dorsal_str,full,0.6816135950199805
s04e06a,4,prob,ventral_str,some,0.2474119494682624
s04e06a,4,prob,ventral_str,full,0.14541288995376106
s04e06a,4,humor,rTPJ,some,0.6891564041687633
s04e06a,4,humor,rTPJ,full,0.4828604497754289
s04e06a,4,humor,visual_cortex,some,1.1397408164700669
s04e06a,4,humor,visual_cortex,full,1.0462592828678519
s04e06a,4,humor,auditory_cortex,some,-0.2269586947148459
s04e06a,4,humor,auditory_cortex,full,-0.493839301610709
s04e06a,4,humor,dorsal_str,some,0.5556059482387288
s04e06a,4,humor,dorsal_str,full,0.6800054483490181
s04e06a,4,humor,ventral_str,some,0.032144546275423944
s04e06a,4,humor,ventral_str,full,0.35424873027616405
s04e06b,4,rms,rTPJ,some,0.42826977116223014
s04e06b,4,rms,rTPJ,full,0.3393561974943233
s04e06b,4,rms,visual_cortex,some,0.9170049790611813
s04e06b,4,rms,visual_cortex,full,0.8407627737789656
s04e06b,4,rms,auditory_cortex,some,0.13683324197987712
s04e06b,4,rms,auditory_cortex,full,-0.16753163607144472
s04e06b,4,rms,dorsal_str,some,0.3715135385176834
s04e06b,4,rms,dorsal_str,full,0.4272076689653855
s04e06b,4,rms,ventral_str,some,0.2913570311158729
s04e06b,4,rms,ventral_str,full,0.2855075598819557
s04e06b,4,prob,rTPJ,some,0.18737237480251423
s04e06b,4,prob,rTPJ,full,0.5076529501685533
s04e06b,4,prob,visual_cortex,some,1.4305230801405777
s04e06b,4,prob,visual_cortex,full,0.5257347423886822
s04e06b,4,prob,auditory_cortex,some,0.03779133563188455
s04e06b,4,prob,auditory_cortex,full,-0.05427626254204551
s04e06b,4,prob,dorsal_str,some,0.3807226783447331
s04e06b,4,prob,dorsal_str,full,0.4121698956777722
s04e06b,4,prob,ventral_str,some,0.4439671924352126
s04e06b,4,prob,ventral_str,full,0.18912028085796426
s04e06b,4,humor,rTPJ,some,0.46602487156036226
s04e06b,4,humor,rTPJ,full,0.1565299610338568
s04e06b,4,humor,visual_cortex,some,0.8375125245975029
s04e06b,4,humor,visual_cortex,full,0.9887141980669626
s04e06b,4,humor,auditory_cortex,some,0.011786970608541466
s04e06b,4,humor,auditory_cortex,full,-0.10070108056860695
s04e06b,4,humor,dorsal_str,some,0.3911221497688116
s04e06b,4,humor,dorsal_str,full,0.4238941199169455
s04e06b,4,humor,ventral_str,some,0.20512619794728104
s04e06b,4,humor,ventral_str,full,0.5151360675905935
s04e07a,4,rms,rTPJ,some,-0.09286812175810213
s04e07a,4,rms,rTPJ,full,-0.1363087447479004
s04e07a,4,rms,visual_cortex,some,0.03873869056541274
s04e07a,4,rms,visual_cortex,full,0.7404516065568664
s04e07a,4,rms,auditory_cortex,some,-0.6229268083773469
s04e07a,4,rms,auditory_cortex,full,-0.7747535008474584
s04e07a,4,rms,dorsal_str,some,0.3217406110523251
s04e07a,4,rms,dorsal_str,full,-0.02224237844876588
s04e07a,4,rms,ventral_str,some,0.158523150688279
s04e07a,4,rms,ventral_str,full,-0.05766993300274739
s04e07a,4,prob,rTPJ,some,0.04048389156624596
s04e07a,4,prob,rTPJ,full,-0.2086086347652547
s04e07a,4,prob,visual_cortex,some,0.17280462368867947
s04e07a,4,prob,visual_cortex,full,0.4510726976345122
s04e07a,4,prob,auditory_cortex,some,-0.3028909562928487
s04e07a,4,prob,auditory_cortex,full,-0.9344386282157904
s04e07a,4,prob,dorsal_str,some,0.24200278448296952
s04e07a,4,prob,dorsal_str,full,0.12854029016962265
s04e07a,4,prob,ventral_str,some,0.08167165504453938
s04e07a,4,prob,ventral_str,full,0.05412457057582916
s04e07a,4,humor,rTPJ,some,-0.3500164344420323
s04e07a,4,humor,rTPJ,full,0.0688567637510693
s04e07a,4,humor,visual_cortex,some,0.15726645574651874
s04e07a,4,humor,visual_cortex,full,0.4833627676937159
s04e07a,4,humor,auditory_cortex,some,-0.32858343456749756
s04e07a,4,humor,auditory_cortex,full,-0.9615433537014357
s04e07a,4,humor,dorsal_str,some,0.23537654933116609
s04e07a,4,humor,dorsal_str,full,0.12519372475240345
s04e07a,4,humor,ventral_str,some,0.13633142901123818
s04e07a,4,humor,ventral_str,full,0.010684505850322497
s04e07b,4,rms,rTPJ,some,-0.1015005509288203
s04e07b,4,rms,rTPJ,full,0.47553004320643355
s04e07b,4,rms,visual_cortex,some,0.40138201896393927
s04e07b,4,rms,visual_cortex,full,0.3556310527858696
s04e07b,4,rms,auditory_cortex,some,0.3293396727584148
s04e07b,4,rms,auditory_cortex,full,0.2535398354126095
s04e07b,4,rms,dorsal_str,some,0.44318965996772136
s04e07b,4,rms,dorsal_str,full,0.47948697404173407
s04e07b,4,rms,ventral_str,some,0.167943107516569
s04e07b,4,rms,ventral_str,full,0.19534071353933208
s04e07b,4,prob,rTPJ,some,-0.1844559758064513
s04e07b,4,prob,rTPJ,full,0.48735576876714093
s04e07b,4,prob,visual_cortex,some,0.26926511587115737
s04e07b,4,prob,visual_cortex,full,0.5213256555751451
s04e07b,4,prob,auditory_cortex,some,0.7132343599375759
s04e07b,4,prob,auditory_cortex,full,-0.19614636624940102
s04e07b,4,prob,dorsal_str,some,0.5690082065885947
s04e07b,4,prob,dorsal_str,full,0.3227985515157373
s04e07b,4,prob,ventral_str,some,0.1881041924297414
s04e07b,4,prob,ventral_str,full,0.16694778416463843
s04e07b,4,humor,rTPJ,some,0.2941184601050301
s04e07b,4,humor,rTPJ,full,-0.15422703114769204
s04e07b,4,humor,visual_cortex,some,0.35856279855498074
s04e07b,4,humor,visual_cortex,full,0.42371989702500484
s04e07b,4,humor,auditory_cortex,some,0.47185741282005333
s04e07b,4,humor,auditory_cortex,full,0.02789820377331722
s04e07b,4,humor,dorsal_str,some,0.5895728846918115
s04e07b,4,humor,dorsal_str,full,0.24723356078694658
s04e07b,4,humor,ventral_str,some,0.2375856111323491
s04e07b,4,humor,ventral_str,full,0.0848014331743594
s04e08a,4,rms,rTPJ,some,-0.03918186665494056
s04e08a,4,rms,rTPJ,full,0.4227581135522878
s04e08a,4,rms,visual_cortex,some,-0.05229100487675577
s04e08a,4,rms,visual_cortex,full,0.8930879378180692
s04e08a,4,rms,auditory_cortex,some,-0.5530238827954094
s04e08a,4,rms,auditory_cortex,full,0.36958518954187114
s04e08a,4,rms,dorsal_str,some,0.23792952203628098
s04e08a,4,rms,dorsal_str,full,0.6171366932239648
s04e08a,4,rms,ventral_str,some,0.1314153783671378
s04e08a,4,rms,ventral_str,full,0.13698555590907083
s04e08a,4,prob,rTPJ,some,-0.08798397591145768
s04e08a,4,prob,rTPJ,full,0.08452184090029935
s04e08a,4,prob,visual_cortex,some,0.07880039136840777
s04e08a,4,prob,visual_cortex,full,-0.009769374815438062
s04e08a,4,prob,auditory_cortex,some,-0.2072658525023138
s04e08a,4,prob,auditory_cortex,full,-0.7101830746180297
s04e08a,4,prob,dorsal_str,some,0.03670960534905407
s04e08a,4,prob,dorsal_str,full,0.4864551984744647
s04e08a,4,prob,ventral_str,some,0.06356222961306102
s04e08a,4,prob,ventral_str,full,0.19425277255661136
s04e08a,4,humor,rTPJ,some,-0.047766520643857516
s04e08a,4,humor,rTPJ,full,0.0729359727972173
s04e08a,4,humor,visual_cortex,some,0.06221632137184724
s04e08a,4,humor,visual_cortex,full,-0.009567687374543023
s04e08a,4,humor,auditory_cortex,some,-0.3173221048629568
s04e08a,4,humor,auditory_cortex,full,-0.6865745351714828
s04e08a,4,humor,dorsal_str,some,0.16312489352700515
s04e08a,4,humor,dorsal_str,full,0.42576329795305645
s04e08a,4,humor,ventral_str,some,0.08655136692732607
s04e08a,4,humor,ventral_str,full,0.19605008549691363
s04e08b,4,rms,rTPJ,some,0.25992340611402165
s04e08b,4,rms,rTPJ,full,0.035404101542011665
s04e08b,4,rms,visual_cortex,some,0.7581327442674294
s04e08b,4,rms,visual_cortex,full,-0.1735334134958144
s04e08b,4,rms,auditory_cortex,some,-0.22602011177155962
s04e08b,4,rms,auditory_cortex,full,-0.5297157098292411
s04e08b,4,rms,dorsal_str,some,-0.013374403362764457
s04e08b,4,rms,dorsal_str,full,-0.007725275401844554
s04e08b,4,rms,ventral_str,some,-0.1814071807420934
s04e08b,4,rms,ventral_str,full,-0.178761142767144
s04e08b,4,prob,rTPJ,some,0.3719789842900401
s04e08b,4,prob,rTPJ,full,0.007016766073558334
s04e08b,4,prob,visual_cortex,some,0.11048283018068276
s04e08b,4,prob,visual_cortex,full,0.3391541410913227
s04e08b,4,prob,auditory_cortex,some,-0.14943158533689294
s04e08b,4,prob,auditory_cortex,full,-0.5256239645769376
s04e08b,4,prob,dorsal_str,some,-0.0917020683286025
s04e08b,4,prob,dorsal_str,full,0.03577629434644759
s04e08b,4,prob,ventral_str,some,-0.1387901081284694
s04e08b,4,prob,ventral_str,full,-0.2033242125408462
s04e08b,4,humor,rTPJ,some,0.09685573221375184
s04e08b,4,humor,rTPJ,full,0.24328975165016442
s04e08b,4,humor,visual_cortex,some,0.574504703092173
s04e08b,4,humor,visual_cortex,full,-0.530021720543895
s04e08b,4,humor,auditory_cortex,some,-0.22002970610921208
s04e08b,4,humor,auditory_cortex,full,-0.8087414338671643
s04e08b,4,humor,dorsal_str,some,0.05675377372009546
s04e08b,4,humor,dorsal_str,full,-0.17621592062032282
s04e08b,4,humor,ventral_str,some,-0.17032772464459506
s04e08b,4,humor,ventral_str,full,-0.20385518364068594
s04e09a,4,rms,rTPJ,some,0.11498435569242219
s04e09a,4,rms,rTPJ,full,0.7599086552674224
s04e09a,4,rms,visual_cortex,some,-0.14202644084031238
s04e09a,4,rms,visual_cortex,full,0.5285721430459172
s04e09a,4,rms,auditory_cortex,some,-0.4511243695691267
s04e09a,4,rms,auditory_cortex,full,-0.25266651739097795
s04e09a,4,rms,dorsal_str,some,0.143025805072802
s04e09a,4,rms,dorsal_str,full,0.321291102178067
s04e09a,4,rms,ventral_str,some,0.02788831462960783
s04e09a,4,rms,ventral_str,full,0.16074189713797626
s04e09a,4,prob,rTPJ,some,0.3708061121875539
s04e09a,4,prob,rTPJ,full,0.5929339803819097
s04e09a,4,prob,visual_cortex,some,0.3784733864211381
s04e09a,4,prob,visual_cortex,full,0.11595904431019426
s04e09a,4,prob,auditory_cortex,some,0.1044945971622506
s04e09a,4,prob,auditory_cortex,full,-0.7518947291487275
s04e09a,4,prob,dorsal_str,some,0.47168366013759316
s04e09a,4,prob,dorsal_str,full,0.03290463468733455
s04e09a,4,prob,ventral_str,some,0.2809747060562858
s04e09a,4,prob,ventral_str,full,-0.06183537306485057
s04e09a,4,humor,rTPJ,some,0.4727781132198149
s04e09a,4,humor,rTPJ,full,0.48827778490477913
s04e09a,4,humor,visual_cortex,some,0.836155826806547
s04e09a,4,humor,visual_cortex,full,0.10550605548812478
s04e09a,4,humor,auditory_cortex,some,-0.15152001531313444
s04e09a,4,humor,auditory_cortex,full,-0.3802169886563874
s04e09a,4,humor,dorsal_str,some,0.047994649289774434
s04e09a,4,humor,dorsal_str,full,0.29119934500566774
s04e09a,4,humor,ventral_str,some,-0.22185371352825875
s04e09a,4,humor,ventral_str,full,0.17982390430408432
s04e09b,4,rms,rTPJ,some,0.3319318362360507
s04e09b,4,rms,rTPJ,full,0.13246511873117225
s04e09b,4,rms,visual_cortex,some,0.778253017361988
s04e09b,4,rms,visual_cortex,full,0.30635536170904976
s04e09b,4,rms,auditory_cortex,some,-0.4482973190089417
s04e09b,4,rms,auditory_cortex,full,-0.2947311933509973
s04e09b,4,rms,dorsal_str,some,0.10288524261345088
s04e09b,4,rms,dorsal_str,full,0.6748033167357443
s04e09b,4,rms,ventral_str,some,-0.050302125506790835
s04e09b,4,rms,ventral_str,full,0.2919800770572124
s04e09b,4,prob,rTPJ,some,0.3256356082470603
s04e09b,4,prob,rTPJ,full,0.19690954165428695
s04e09b,4,prob,visual_cortex,some,0.7775142022800486
s04e09b,4,prob,visual_cortex,full,0.4434562226149577
s04e09b,4,prob,auditory_cortex,some,-0.08201348247563006
s04e09b,4,prob,auditory_cortex,full,-0.7365407720734478
s04e09b,4,prob,dorsal_str,some,0.39057066371174326
s04e09b,4,prob,dorsal_str,full,0.19744745909999395
s04e09b,4,prob,ventral_str,some,0.24586996100235808
s04e09b,4,prob,ventral_str,full,-0.12825846309559735
s04e09b,4,humor,rTPJ,some,0.26436858742855857
s04e09b,4,humor,rTPJ,full,0.2630587795997117
s04e09b,4,humor,visual_cortex,some,0.8972596802449059
s04e09b,4,humor,visual_cortex,full,0.574064907712056
s04e09b,4,humor,auditory_cortex,some,-0.3937974170992736
s04e09b,4,humor,auditory_cortex,full,-0.3951664550400489
s04e09b,4,humor,dorsal_str,some,-0.3195193124355222
s04e09b,4,humor,dorsal_str,full,0.4723142552500158
s04e09b,4,humor,ventral_str,some,-0.17386242133536822
s04e09b,4,humor,ventral_str,full,0.12251759320746622
s04e10a,4,rms,rTPJ,some,0.19691735502152957
s04e10a,4,rms,rTPJ,full,1.4496385832708603
s04e10a,4,rms,visual_cortex,some,0.5279994928610344
s04e10a,4,rms,visual_cortex,full,1.0031500075155773
s04e10a,4,rms,auditory_cortex,some,-0.7627590008290386
s04e10a,4,rms,auditory_cortex,full,-0.9069203310203376
s04e10a,4,rms,dorsal_str,some,0.02059589045248083
s04e10a,4,rms,dorsal_str,full,0.4270508458272364
s04e10a,4,rms,ventral_str,some,-0.12299053311673698
s04e10a,4,rms,ventral_str,full,-0.33487481952502407
s04e10a,4,prob,rTPJ,some,0.4087693776244286
s04e10a,4,prob,rTPJ,full,0.6838775719425476
s04e10a,4,prob,visual_cortex,some,0.6437802240783245
s04e10a,4,prob,visual_cortex,full,0.6996064870590859
s04e10a,4,prob,auditory_cortex,some,-0.6259020446839887
s04e10a,4,prob,auditory_cortex,full,-0.8783945381780212
s04e10a,4,prob,dorsal_str,some,0.054575176602825126
s04e10a,4,prob,dorsal_str,full,0.1914411239172467
s04e10a,4,prob,ventral_str,some,-0.2400231153856297
s04e10a,4,prob,ventral_str,full,-0.17534111898687704
s04e10a,4,humor,rTPJ,some,0.2323471702699791
s04e10a,4,humor,rTPJ,full,0.9508909425785558
s04e10a,4,humor,visual_cortex,some,0.5383113916209616
s04e10a,4,humor,visual_cortex,full,0.8168055578988103
s04e10a,4,humor,auditory_cortex,some,-0.6030504173720299
s04e10a,4,humor,auditory_cortex,full,-0.9976703274958448
s04e10a,4,humor,dorsal_str,some,-0.044598675296505644
s04e10a,4,humor,dorsal_str,full,0.3345949304848453
s04e10a,4,humor,ventral_str,some,-0.31156220743348656
s04e10a,4,humor,ventral_str,full,-0.08537323764509788
s04e10b,4,rms,rTPJ,some,-0.16315127404289576
s04e10b,4,rms,rTPJ,full,0.5866693268092452
s04e10b,4,rms,visual_cortex,some,0.3323839393971376
s04e10b,4,rms,visual_cortex,full,1.0233711947187265
s04e10b,4,rms,auditory_cortex,some,-0.6303755271494141
s04e10b,4,rms,auditory_cortex,full,0.268329218758772
s04e10b,4,rms,dorsal_str,some,0.05266256891916303
s04e10b,4,rms,dorsal_str,full,0.30815553037085947
s04e10b,4,rms,ventral_str,some,0.05347502735221593
s04e10b,4,rms,ventral_str,full,0.21851660835614017
s04e10b,4,prob,rTPJ,some,-0.3080995524202035
s04e10b,4,prob,rTPJ,full,0.6381199852576048
s04e10b,4,prob,visual_cortex,some,0.21668174551693709
s04e10b,4,prob,visual_cortex,full,1.0524604395984334
s04e10b,4,prob,auditory_cortex,some,-0.5188465002516801
s04e10b,4,prob,auditory_cortex,full,0.03753236465698792
s04e10b,4,prob,dorsal_str,some,-0.12471729512469573
s04e10b,4,prob,dorsal_str,full,0.45691004301345584
s04e10b,4,prob,ventral_str,some,-0.09483892011345463
s04e10b,4,prob,ventral_str,full,0.3491913697955941
s04e10b,4,humor,rTPJ,some,0.11608597972950356
s04e10b,4,humor,rTPJ,full,0.18050903629787815
s04e10b,4,humor,visual_cortex,some,0.23245855008197752
s04e10b,4,humor,visual_cortex,full,0.826772976521522
s04e10b,4,humor,auditory_cortex,some,0.18443666168586756
s04e10b,4,humor,auditory_cortex,full,-0.45728910612085727
s04e10b,4,humor,dorsal_str,some,0.3200189440726584
s04e10b,4,humor,dorsal_str,full,0.0841059862515058
s04e10b,4,humor,ventral_str,some,0.09296971155063113
s04e10b,4,humor,ventral_str,full,0.1400439206896062
s04e11a,4,rms,rTPJ,some,-0.43204265822063237
s04e11a,4,rms,rTPJ,full,0.8221197630385854
s04e11a,4,rms,visual_cortex,some,0.1965397731098345
s04e11a,4,rms,visual_cortex,full,1.3616007389222462
s04e11a,4,rms,auditory_cortex,some,-0.7153691722621709
s04e11a,4,rms,auditory_cortex,full,0.056899640724587995
s04e11a,4,rms,dorsal_str,some,0.001358887256025832
s04e11a,4,rms,dorsal_str,full,0.5521066494417028
s04e11a,4,rms,ventral_str,some,-0.141236773857223
s04e11a,4,rms,ventral_str,full,0.33746475329779235
s04e11a,4,prob,rTPJ,some,0.17780152781778627
s04e11a,4,prob,rTPJ,full,0.16183281335932728
s04e11a,4,prob,visual_cortex,some,1.0352005835520937
s04e11a,4,prob,visual_cortex,full,0.606176457614992
s04e11a,4,prob,auditory_cortex,some,0.28538234999053985
s04e11a,4,prob,auditory_cortex,full,-0.6760261771442636
s04e11a,4,prob,dorsal_str,some,0.2477252044146308
s04e11a,4,prob,dorsal_str,full,0.27334076340490515
s04e11a,4,prob,ventral_str,some,0.038901537586588306
s04e11a,4,prob,ventral_str,full,0.11291204057480893
s04e11a,4,humor,rTPJ,some,-0.2235917761211734
s04e11a,4,humor,rTPJ,full,0.32459246264467895
s04e11a,4,humor,visual_cortex,some,0.5343955062701735
s04e11a,4,humor,visual_cortex,full,0.8413939831345847
s04e11a,4,humor,auditory_cortex,some,-0.07050051186528652
s04e11a,4,humor,auditory_cortex,full,-0.45728406831100993
s04e11a,4,humor,dorsal_str,some,0.03286678492539541
s04e11a,4,humor,dorsal_str,full,0.35777839241765874
s04e11a,4,humor,ventral_str,some,-0.12042104151844951
s04e11a,4,humor,ventral_str,full,0.17120129548225083
s04e11b,4,rms,rTPJ,some,0.19243482978381873
s04e11b,4,rms,rTPJ,full,0.34712739394962533
s04e11b,4,rms,visual_cortex,some,0.9620477122471441
s04e11b,4,rms,visual_cortex,full,0.22470279898797682
s04e11b,4,rms,auditory_cortex,some,-0.1720769961702981
s04e11b,4,rms,auditory_cortex,full,0.24715405544641048
s04e11b,4,rms,dorsal_str,some,0.38896752693267655
s04e11b,4,rms,dorsal_str,full,0.8015148032974817
s04e11b,4,rms,ventral_str,some,0.2690299050024228
s04e11b,4,rms,ventral_str,full,0.3992085898909029
s04e11b,4,prob,rTPJ,some,0.3213491055733384
s04e11b,4,prob,rTPJ,full,0.1964045652496809
s04e11b,4,prob,visual_cortex,some,0.806722405899164
s04e11b,4,prob,visual_cortex,full,0.6182184759764534
s04e11b,4,prob,auditory_cortex,some,0.04686027844571112
s04e11b,4,prob,auditory_cortex,full,-0.06902051289154977
s04e11b,4,prob,dorsal_str,some,0.5059847571358966
s04e11b,4,prob,dorsal_str,full,0.5600329571682229
s04e11b,4,prob,ventral_str,some,0.21282810943156621
s04e11b,4,prob,ventral_str,full,0.3889086504325685
s04e11b,4,humor,rTPJ,some,0.2621276059075595
s04e11b,4,humor,rTPJ,full,0.2373780700998455
s04e11b,4,humor,visual_cortex,some,0.7404790920661906
s04e11b,4,humor,visual_cortex,full,0.6621393876532713
s04e11b,4,humor,auditory_cortex,some,-0.01973827360414404
s04e11b,4,humor,auditory_cortex,full,-0.02197766532985937
s04e11b,4,humor,dorsal_str,some,0.6600822883233692
s04e11b,4,humor,dorsal_str,full,0.44279215397636207
s04e11b,4,humor,ventral_str,some,0.15696939191068537
s04e11b,4,humor,ventral_str,full,0.4390774251479821
s04e12a,4,rms,rTPJ,some,0.8709634844269446
s04e12a,4,rms,rTPJ,full,0.6387930625366248
s04e12a,4,rms,visual_cortex,some,1.2443363918370431
s04e12a,4,rms,visual_cortex,full,1.2564575255721973
s04e12a,4,rms,auditory_cortex,some,-0.38017551741699
s04e12a,4,rms,auditory_cortex,full,-0.5818398098604668
s04e12a,4,rms,dorsal_str,some,0.18846965747312905
s04e12a,4,rms,dorsal_str,full,0.47111755815797135
s04e12a,4,rms,ventral_str,some,-0.11777090836146545
s04e12a,4,rms,ventral_str,full,-0.05281764691937991
s04e12a,4,prob,rTPJ,some,0.49827560156070594
s04e12a,4,prob,rTPJ,full,1.0195139034454777
s04e12a,4,prob,visual_cortex,some,0.9140993184438475
s04e12a,4,prob,visual_cortex,full,1.5063351107359018
s04e12a,4,prob,auditory_cortex,some,-0.37425462066374315
s04e12a,4,prob,auditory_cortex,full,-0.5054277171770287
s04e12a,4,prob,dorsal_str,some,0.04593145189721491
s04e12a,4,prob,dorsal_str,full,0.46757262503255476
s04e12a,4,prob,ventral_str,some,-0.24665762485770784
s04e12a,4,prob,ventral_str,full,0.02052321252965591
s04e12a,4,humor,rTPJ,some,0.9903311784336114
s04e12a,4,humor,rTPJ,full,0.5828521996258356
s04e12a,4,humor,visual_cortex,some,1.6090254854497834
s04e12a,4,humor,visual_cortex,full,0.8661943793847647
s04e12a,4,humor,auditory_cortex,some,-0.13603922124793774
s04e12a,4,humor,auditory_cortex,full,-0.7793132531957974
s04e12a,4,humor,dorsal_str,some,0.32341182035028126
s04e12a,4,humor,dorsal_str,full,0.2421372467230013
s04e12a,4,humor,ventral_str,some,-0.08116004751555497
s04e12a,4,humor,ventral_str,full,-0.11137489057196924
s04e12b,4,rms,rTPJ,some,-0.006785798028306533
s04e12b,4,rms,rTPJ,full,0.35849586271076583
s04e12b,4,rms,visual_cortex,some,0.583263880849324
s04e12b,4,rms,visual_cortex,full,0.5188622619437739
s04e12b,4,rms,auditory_cortex,some,-0.8050153074580384
s04e12b,4,rms,auditory_cortex,full,0.032117313638377346
s04e12b,4,rms,dorsal_str,some,0.03505403927280866
s04e12b,4,rms,dorsal_str,full,-0.013365238279230682
s04e12b,4,rms,ventral_str,some,-0.1044139673998708
s04e12b,4,rms,ventral_str,full,0.19306037995461287
s04e12b,4,prob,rTPJ,some,0.5101165311712212
s04e12b,4,prob,rTPJ,full,-0.14165035349991761
s04e12b,4,prob,visual_cortex,some,0.48228385237925964
s04e12b,4,prob,visual_cortex,full,0.6134514518117281
s04e12b,4,prob,auditory_cortex,some,-0.4015744392670634
s04e12b,4,prob,auditory_cortex,full,-0.6055612423028298
s04e12b,4,prob,dorsal_str,some,0.10904188283018773
s04e12b,4,prob,dorsal_str,full,-0.03983794968493206
s04e12b,4,prob,ventral_str,some,0.23136148843417645
s04e12b,4,prob,ventral_str,full,-0.15879638109649502
s04e12b,4,humor,rTPJ,some,-0.1909287525357884
s04e12b,4,humor,rTPJ,full,0.257734795161646
s04e12b,4,humor,visual_cortex,some,0.6173972218491731
s04e12b,4,humor,visual_cortex,full,0.5358517657972193
s04e12b,4,humor,auditory_cortex,some,-0.7094614396395246
s04e12b,4,humor,auditory_cortex,full,-0.4394284667702969
s04e12b,4,humor,dorsal_str,some,0.011591999311151867
s04e12b,4,humor,dorsal_str,full,0.022247226356066865
s04e12b,4,humor,ventral_str,some,-0.007309965169562352
s04e12b,4,humor,ventral_str,full,-0.00386246570231194
s04e14a,4,rms,rTPJ,some,0.25404638054410994
s04e14a,4,rms,rTPJ,full,0.05102087657141815
s04e14a,4,rms,visual_cortex,some,0.707589097757265
s04e14a,4,rms,visual_cortex,full,0.5167368484145355
s04e14a,4,rms,auditory_cortex,some,-0.9706087742601293
s04e14a,4,rms,auditory_cortex,full,-0.14563674887094974
s04e14a,4,rms,dorsal_str,some,0.059101856713632384
s04e14a,4,rms,dorsal_str,full,0.36999496664953024
s04e14a,4,rms,ventral_str,some,-0.34940838363483734
s04e14a,4,rms,ventral_str,full,0.16218908995553571
s04e14a,4,prob,rTPJ,some,-0.048770003178633135
s04e14a,4,prob,rTPJ,full,0.3553855448820604
s04e14a,4,prob,visual_cortex,some,0.6781801351343923
s04e14a,4,prob,visual_cortex,full,0.5573191867956474
s04e14a,4,prob,auditory_cortex,some,-0.4883110604083266
s04e14a,4,prob,auditory_cortex,full,-0.6627098872779364
s04e14a,4,prob,dorsal_str,some,0.17827768324637
s04e14a,4,prob,dorsal_str,full,0.23533139021895613
s04e14a,4,prob,ventral_str,some,-0.07083262571068141
s04e14a,4,prob,ventral_str,full,-0.13873335580205634
s04e14a,4,humor,rTPJ,some,0.08859567318596742
s04e14a,4,humor,rTPJ,full,0.18294256300361977
s04e14a,4,humor,visual_cortex,some,0.7753699497523534
s04e14a,4,humor,visual_cortex,full,0.5570855610560301
s04e14a,4,humor,auditory_cortex,some,-0.25759226980370664
s04e14a,4,humor,auditory_cortex,full,-0.6969438973073209
s04e14a,4,humor,dorsal_str,some,0.3257619015927884
s04e14a,4,humor,dorsal_str,full,0.16299840582417832
s04e14a,4,humor,ventral_str,some,-0.1824550356506616
s04e14a,4,humor,ventral_str,full,-0.07658898558434717
s04e14b,4,rms,rTPJ,some,0.13311103472985175
s04e14b,4,rms,rTPJ,full,0.20869179331831642
s04e14b,4,rms,visual_cortex,some,0.5162305673424088
s04e14b,4,rms,visual_cortex,full,0.3888004954440345
s04e14b,4,rms,auditory_cortex,some,-0.8070498324125934
s04e14b,4,rms,auditory_cortex,full,-0.10486016314141147
s04e14b,4,rms,dorsal_str,some,-0.1643882219750788
s04e14b,4,rms,dorsal_str,full,0.43513597560915485
s04e14b,4,rms,ventral_str,some,-0.15416982886037445
s04e14b,4,rms,ventral_str,full,0.027311611237214165
s04e14b,4,prob,rTPJ,some,0.0361574966115765
s04e14b,4,prob,rTPJ,full,0.2974601228281295
s04e14b,4,prob,visual_cortex,some,0.13193870159486198
s04e14b,4,prob,visual_cortex,full,0.8287970925815893
s04e14b,4,prob,auditory_cortex,some,-0.6816811184483066
s04e14b,4,prob,auditory_cortex,full,-0.38477460863607044
s04e14b,4,prob,dorsal_str,some,0.011951872110718824
s04e14b,4,prob,dorsal_str,full,0.12154424244828181
s04e14b,4,prob,ventral_str,some,-0.2569339436282157
s04e14b,4,prob,ventral_str,full,0.10047368982780022
s04e14b,4,humor,rTPJ,some,0.7246487206476286
s04e14b,4,humor,rTPJ,full,-0.07542114761318769
s04e14b,4,humor,visual_cortex,some,0.6366720476030736
s04e14b,4,humor,visual_cortex,full,0.42395086349690625
s04e14b,4,humor,auditory_cortex,some,-0.343999192832647
s04e14b,4,humor,auditory_cortex,full,-0.6179054621591187
s04e14b,4,humor,dorsal_str,some,0.09594362013946979
s04e14b,4,humor,dorsal_str,full,0.08088782049202471
s04e14b,4,humor,ventral_str,some,-0.12994227667560657
s04e14b,4,humor,ventral_str,full,-0.025640123965463897
s04e15a,4,rms,rTPJ,some,0.22871567108326402
s04e15a,4,rms,rTPJ,full,0.40861912966606745
s04e15a,4,rms,visual_cortex,some,0.4837575853792127
s04e15a,4,rms,visual_cortex,full,0.4284164685442587
s04e15a,4,rms,auditory_cortex,some,-0.44390553778016567
s04e15a,4,rms,auditory_cortex,full,-0.7134141881286767
s04e15a,4,rms,dorsal_str,some,0.25420295263317
s04e15a,4,rms,dorsal_str,full,0.11852495955807454
s04e15a,4,rms,ventral_str,some,0.10329259850727478
s04e15a,4,rms,ventral_str,full,-0.07545130997191543
s04e15a,4,prob,rTPJ,some,0.24498081086086676
s04e15a,4,prob,rTPJ,full,0.3508587449129751
s04e15a,4,prob,visual_cortex,some,0.41237743067965954
s04e15a,4,prob,visual_cortex,full,0.5161174793391152
s04e15a,4,prob,auditory_cortex,some,-0.21239551436901818
s04e15a,4,prob,auditory_cortex,full,-0.896470376064196
s04e15a,4,prob,dorsal_str,some,0.021170887340070457
s04e15a,4,prob,dorsal_str,full,0.39467949676991054
s04e15a,4,prob,ventral_str,some,-0.07285040571967344
s04e15a,4,prob,ventral_str,full,0.15049088637344293
s04e15a,4,humor,rTPJ,some,0.16941561357213564
s04e15a,4,humor,rTPJ,full,0.3904148735684975
s04e15a,4,humor,visual_cortex,some,0.23331217225059506
s04e15a,4,humor,visual_cortex,full,0.6324331212890026
s04e15a,4,humor,auditory_cortex,some,-0.4860169001480756
s04e15a,4,humor,auditory_cortex,full,-0.5894425561732237
s04e15a,4,humor,dorsal_str,some,-0.09676250084388112
s04e15a,4,humor,dorsal_str,full,0.4244568349199932
s04e15a,4,humor,ventral_str,some,-0.2791038571184477
s04e15a,4,humor,ventral_str,full,0.26853203437566203
s04e15b,4,rms,rTPJ,some,0.4787523489951625
s04e15b,4,rms,rTPJ,full,0.700696337260351
s04e15b,4,rms,visual_cortex,some,0.9016034698976226
s04e15b,4,rms,visual_cortex,full,0.5970266503258188
s04e15b,4,rms,auditory_cortex,some,-0.40750343234706066
s04e15b,4,rms,auditory_cortex,full,0.20278916223562238
s04e15b,4,rms,dorsal_str,some,0.48018409258528383
s04e15b,4,rms,dorsal_str,full,0.2596851186935976
s04e15b,4,rms,ventral_str,some,0.22216918438449726
s04e15b,4,rms,ventral_str,full,0.02773049491205215
s04e15b,4,prob,rTPJ,some,0.7514486225697211
s04e15b,4,prob,rTPJ,full,0.2876959614472464
s04e15b,4,prob,visual_cortex,some,0.7575616892375614
s04e15b,4,prob,visual_cortex,full,0.8343504647181754
s04e15b,4,prob,auditory_cortex,some,-0.15115869300279364
s04e15b,4,prob,auditory_cortex,full,-0.22654982807659085
s04e15b,4,prob,dorsal_str,some,0.26662938038246353
s04e15b,4,prob,dorsal_str,full,0.5878931180595763
s04e15b,4,prob,ventral_str,some,0.1281594352113063
s04e15b,4,prob,ventral_str,full,0.18217666906007776
s04e15b,4,humor,rTPJ,some,0.840159983729244
s04e15b,4,humor,rTPJ,full,0.29781448612462863
s04e15b,4,humor,visual_cortex,some,0.6022801981293231
s04e15b,4,humor,visual_cortex,full,0.9649287544618386
s04e15b,4,humor,auditory_cortex,some,-0.2605922807321049
s04e15b,4,humor,auditory_cortex,full,-0.10839580041348765
s04e15b,4,humor,dorsal_str,some,0.28422756351489564
s04e15b,4,humor,dorsal_str,full,0.5065195035408341
s04e15b,4,humor,ventral_str,some,0.1387252610710955
s04e15b,4,humor,ventral_str,full,0.16133883063516843
s04e16a,4,rms,rTPJ,some,0.5107130617839657
s04e16a,4,rms,rTPJ,full,0.11498139090770086
s04e16a,4,rms,visual_cortex,some,0.5937996384786653
s04e16a,4,rms,visual_cortex,full,0.46534414202827973
s04e16a,4,rms,auditory_cortex,some,-0.09661864752679483
s04e16a,4,rms,auditory_cortex,full,-0.5456717848486342
s04e16a,4,rms,dorsal_str,some,0.363705020088436
s04e16a,4,rms,dorsal_str,full,-0.07982458821230431
s04e16a,4,rms,ventral_str,some,-0.0343461694269325
s04e16a,4,rms,ventral_str,full,-0.29427008479557093
s04e16a,4,prob,rTPJ,some,0.32276940467830184
s04e16a,4,prob,rTPJ,full,0.3349651241322989
s04e16a,4,prob,visual_cortex,some,0.33484200194649916
s04e16a,4,prob,visual_cortex,full,0.6919742363719381
s04e16a,4,prob,auditory_cortex,some,-0.38471142502480904
s04e16a,4,prob,auditory_cortex,full,-0.23737291805616853
s04e16a,4,prob,dorsal_str,some,0.011197871537303256
s04e16a,4,prob,dorsal_str,full,0.2779713042909936
s04e16a,4,prob,ventral_str,some,-0.3075626467775181
s04e16a,4,prob,ventral_str,full,-0.03233742654859201
s04e16a,4,humor,rTPJ,some,0.44824153840569514
s04e16a,4,humor,rTPJ,full,0.20952260273971865
s04e16a,4,humor,visual_cortex,some,0.40852062421450014
s04e16a,4,humor,visual_cortex,full,0.6630439668567649
s04e16a,4,humor,auditory_cortex,some,-0.08956682214063305
s04e16a,4,humor,auditory_cortex,full,-0.5172826920852831
s04e16a,4,humor,dorsal_str,some,0.065794417233078
s04e16a,4,humor,dorsal_str,full,0.25680660186362103
s04e16a,4,humor,ventral_str,some,-0.305121470131115
s04e16a,4,humor,ventral_str,full,0.0003691242280652804
s04e16b,4,rms,rTPJ,some,-0.022025929427496066
s04e16b,4,rms,rTPJ,full,-0.24771940059523959
s04e16b,4,rms,visual_cortex,some,-0.10019481001962426
s04e16b,4,rms,visual_cortex,full,0.23225635383304247
s04e16b,4,rms,auditory_cortex,some,-0.6549481428919736
s04e16b,4,rms,auditory_cortex,full,-1.1666458305722873
s04e16b,4,rms,dorsal_str,some,-0.18509627306237073
s04e16b,4,rms,dorsal_str,full,-0.3453398119823876
s04e16b,4,rms,ventral_str,some,-0.1887077766777436
s04e16b,4,rms,ventral_str,full,-0.29797892315015023
s04e16b,4,prob,rTPJ,some,-0.38473781411858066
s04e16b,4,prob,rTPJ,full,0.05498540717261755
s04e16b,4,prob,visual_cortex,some,-0.24073046339714907
s04e16b,4,prob,visual_cortex,full,0.32893832753009694
s04e16b,4,prob,auditory_cortex,some,-1.2414515037856322
s04e16b,4,prob,auditory_cortex,full,-0.6699728084171991
s04e16b,4,prob,dorsal_str,some,-0.4670113541734588
s04e16b,4,prob,dorsal_str,full,-0.11080938346293508
s04e16b,4,prob,ventral_str,some,-0.38650164736847686
s04e16b,4,prob,ventral_str,full,-0.1335854097584059
s04e16b,4,humor,rTPJ,some,-0.017324684738555085
s04e16b,4,humor,rTPJ,full,-0.21113606359793255
s04e16b,4,humor,visual_cortex,some,0.11999828909341596
s04e16b,4,humor,visual_cortex,full,0.08347524309276226
s04e16b,4,humor,auditory_cortex,some,-0.9105165116718444
s04e16b,4,humor,auditory_cortex,full,-0.9263680040936616
s04e16b,4,humor,dorsal_str,some,-0.13020879499393992
s04e16b,4,humor,dorsal_str,full,-0.40806290173491533
s04e16b,4,humor,ventral_str,some,-0.21560129492083768
s04e16b,4,humor,ventral_str,full,-0.2850502521519784
s04e17a,4,rms,rTPJ,some,0.5506791437849217
s04e17a,4,rms,rTPJ,full,0.1735593485100596
s04e17a,4,rms,visual_cortex,some,0.9564640343280689
s04e17a,4,rms,visual_cortex,full,0.7305543323015596
s04e17a,4,rms,auditory_cortex,some,-0.43842630537788563
s04e17a,4,rms,auditory_cortex,full,0.23301022618932382
s04e17a,4,rms,dorsal_str,some,0.030764693599378945
s04e17a,4,rms,dorsal_str,full,0.6555998958495706
s04e17a,4,rms,ventral_str,some,0.032641840149360425
s04e17a,4,rms,ventral_str,full,0.2176174551287069
s04e17a,4,prob,rTPJ,some,0.2424901001017429
s04e17a,4,prob,rTPJ,full,0.48166520203798274
s04e17a,4,prob,visual_cortex,some,0.5957181753700649
s04e17a,4,prob,visual_cortex,full,1.0250013895386936
s04e17a,4,prob,auditory_cortex,some,-0.3137234222025348
s04e17a,4,prob,auditory_cortex,full,-0.05103062620937372
s04e17a,4,prob,dorsal_str,some,-0.22497423203537578
s04e17a,4,prob,dorsal_str,full,0.6232158413473639
s04e17a,4,prob,ventral_str,some,-0.24615519336777886
s04e17a,4,prob,ventral_str,full,0.334729162112852
s04e17a,4,humor,rTPJ,some,0.31848275183010577
s04e17a,4,humor,rTPJ,full,0.4430248997910479
s04e17a,4,humor,visual_cortex,some,1.0002271838421841
s04e17a,4,humor,visual_cortex,full,0.7554078152570284
s04e17a,4,humor,auditory_cortex,some,0.04562986416502179
s04e17a,4,humor,auditory_cortex,full,-0.29951697179088077
s04e17a,4,humor,dorsal_str,some,0.13532072850067067
s04e17a,4,humor,dorsal_str,full,0.4183705709371745
s04e17a,4,humor,ventral_str,some,-0.09190000208260204
s04e17a,4,humor,ventral_str,full,0.2635190234561493
s04e17b,4,rms,rTPJ,some,-0.7108501843942236
s04e17b,4,rms,rTPJ,full,0.039307645502512506
s04e17b,4,rms,visual_cortex,some,0.14924974049812786
s04e17b,4,rms,visual_cortex,full,0.19535465510273956
s04e17b,4,rms,auditory_cortex,some,-0.3495962428195353
s04e17b,4,rms,auditory_cortex,full,-0.6918106099083623
s04e17b,4,rms,dorsal_str,some,0.10236745290662212
s04e17b,4,rms,dorsal_str,full,0.004674872044262063
s04e17b,4,rms,ventral_str,some,-0.11688810819514023
s04e17b,4,rms,ventral_str,full,-0.06279062691616011
s04e17b,4,prob,rTPJ,some,-0.6058304654296969
s04e17b,4,prob,rTPJ,full,-0.07617071308498313
s04e17b,4,prob,visual_cortex,some,-0.20867863804030637
s04e17b,4,prob,visual_cortex,full,0.5574036700273128
s04e17b,4,prob,auditory_cortex,some,-0.606206874003206
s04e17b,4,prob,auditory_cortex,full,-0.42770058262417227
s04e17b,4,prob,dorsal_str,some,0.005413392013048274
s04e17b,4,prob,dorsal_str,full,0.1040796061388042
s04e17b,4,prob,ventral_str,some,-0.22760634236427543
s04e17b,4,prob,ventral_str,full,0.04871976320794705
s04e17b,4,humor,rTPJ,some,-0.32502712561715047
s04e17b,4,humor,rTPJ,full,-0.32314104487149553
s04e17b,4,humor,visual_cortex,some,0.07810992859110658
s04e17b,4,humor,visual_cortex,full,0.36795373803506404
s04e17b,4,humor,auditory_cortex,some,-0.13716376649200498
s04e17b,4,humor,auditory_cortex,full,-0.8480693917293494
s04e17b,4,humor,dorsal_str,some,0.12312186143287307
s04e17b,4,humor,dorsal_str,full,0.05348025475749901
s04e17b,4,humor,ventral_str,some,0.04716659384063379
s04e17b,4,humor,ventral_str,full,-0.1812125823471743
s04e18a,4,rms,rTPJ,some,-0.4300160885368755
s04e18a,4,rms,rTPJ,full,0.08499585167344767
s04e18a,4,rms,visual_cortex,some,0.39084614697445613
s04e18a,4,rms,visual_cortex,full,0.31072666750754685
s04e18a,4,rms,auditory_cortex,some,-0.20782026822042682
s04e18a,4,rms,auditory_cortex,full,0.12298563290052335
s04e18a,4,rms,dorsal_str,some,0.009457271948382459
s04e18a,4,rms,dorsal_str,full,0.20996873492861678
s04e18a,4,rms,ventral_str,some,-0.008682149966313335
s04e18a,4,rms,ventral_str,full,0.08224127521038013
s04e18a,4,prob,rTPJ,some,-0.38204932906392125
s04e18a,4,prob,rTPJ,full,-0.17326169593248328
s04e18a,4,prob,visual_cortex,some,0.30755820910945675
s04e18a,4,prob,visual_cortex,full,0.393711568819105
s04e18a,4,prob,auditory_cortex,some,-0.3908404568082261
s04e18a,4,prob,auditory_cortex,full,0.07782009863634758
s04e18a,4,prob,dorsal_str,some,-0.027075921064486336
s04e18a,4,prob,dorsal_str,full,0.14058877179856352
s04e18a,4,prob,ventral_str,some,-0.18836931918084188
s04e18a,4,prob,ventral_str,full,0.14287197079715883
s04e18a,4,humor,rTPJ,some,-0.3383632761439518
s04e18a,4,humor,rTPJ,full,-0.16132300661809643
s04e18a,4,humor,visual_cortex,some,0.32063738713096934
s04e18a,4,humor,visual_cortex,full,0.4034482780773362
s04e18a,4,humor,auditory_cortex,some,-0.3130171187092323
s04e18a,4,humor,auditory_cortex,full,0.12429625623822743
s04e18a,4,humor,dorsal_str,some,-0.020019618742919243
s04e18a,4,humor,dorsal_str,full,0.1774258091561075
s04e18a,4,humor,ventral_str,some,-0.14343627924946656
s04e18a,4,humor,ventral_str,full,0.1855130048281422
s04e18b,4,rms,rTPJ,some,-0.15110688929753033
s04e18b,4,rms,rTPJ,full,0.5943351199576051
s04e18b,4,rms,visual_cortex,some,0.20951432081097776
s04e18b,4,rms,visual_cortex,full,1.485612537842095
s04e18b,4,rms,auditory_cortex,some,-0.26399452879289587
s04e18b,4,rms,auditory_cortex,full,0.31627403104196095
s04e18b,4,rms,dorsal_str,some,0.03783465276672007
s04e18b,4,rms,dorsal_str,full,0.21866608222484135
s04e18b,4,rms,ventral_str,some,-0.22639195905373724
s04e18b,4,rms,ventral_str,full,0.08149303624500516
s04e18b,4,prob,rTPJ,some,0.09460249938132997
s04e18b,4,prob,rTPJ,full,0.17817016246093806
s04e18b,4,prob,visual_cortex,some,0.2955913909303988
s04e18b,4,prob,visual_cortex,full,1.0941454123079086
s04e18b,4,prob,auditory_cortex,some,0.12755499211589566
s04e18b,4,prob,auditory_cortex,full,-0.19982429209841684
s04e18b,4,prob,dorsal_str,some,0.26073703783528895
s04e18b,4,prob,dorsal_str,full,-0.03895107733149013
s04e18b,4,prob,ventral_str,some,-0.010966938935170867
s04e18b,4,prob,ventral_str,full,-0.1997046593206399
s04e18b,4,humor,rTPJ,some,0.13944340200452474
s04e18b,4,humor,rTPJ,full,0.13520267244615888
s04e18b,4,humor,visual_cortex,some,0.7259195107886197
s04e18b,4,humor,visual_cortex,full,0.6818371351851642
s04e18b,4,humor,auditory_cortex,some,-0.009847758530308115
s04e18b,4,humor,auditory_cortex,full,-0.06730625815676075
s04e18b,4,humor,dorsal_str,some,0.0008639324423309336
s04e18b,4,humor,dorsal_str,full,0.20784891444842873
s04e18b,4,humor,ventral_str,some,-0.15807526303732966
s04e18b,4,humor,ventral_str,full,-0.05976760140482829
s04e19a,4,rms,rTPJ,some,0.1285804943721539
s04e19a,4,rms,rTPJ,full,-0.04683014504536605
s04e19a,4,rms,visual_cortex,some,1.132992113112632
s04e19a,4,rms,visual_cortex,full,0.34605404319168626
s04e19a,4,rms,auditory_cortex,some,-0.2797038326878143
s04e19a,4,rms,auditory_cortex,full,-0.6480846345946116
s04e19a,4,rms,dorsal_str,some,0.27249130369661634
s04e19a,4,rms,dorsal_str,full,0.1723899050464868
s04e19a,4,rms,ventral_str,some,0.021243075709010337
s04e19a,4,rms,ventral_str,full,-0.03519211891637
s04e19a,4,prob,rTPJ,some,0.2345052063866127
s04e19a,4,prob,rTPJ,full,-0.08843799678678442
s04e19a,4,prob,visual_cortex,some,1.0151879084360989
s04e19a,4,prob,visual_cortex,full,0.6512971638893998
s04e19a,4,prob,auditory_cortex,some,-0.030901669408099512
s04e19a,4,prob,auditory_cortex,full,-0.7573223144724655
s04e19a,4,prob,dorsal_str,some,0.430672963230925
s04e19a,4,prob,dorsal_str,full,0.06757467374824806
s04e19a,4,prob,ventral_str,some,0.03829717728603513
s04e19a,4,prob,ventral_str,full,-0.03445610218874132
s04e19a,4,humor,rTPJ,some,-0.04710481913234024
s04e19a,4,humor,rTPJ,full,0.10988002583528973
s04e19a,4,humor,visual_cortex,some,0.9749658446989118
s04e19a,4,humor,visual_cortex,full,0.7379313676017725
s04e19a,4,humor,auditory_cortex,some,-0.0056361906719971586
s04e19a,4,humor,auditory_cortex,full,-0.6365030886284453
s04e19a,4,humor,dorsal_str,some,0.37525501262666405
s04e19a,4,humor,dorsal_str,full,0.16156720385021295
s04e19a,4,humor,ventral_str,some,0.10083680300610223
s04e19a,4,humor,ventral_str,full,-0.05198826882292676
s04e19b,4,rms,rTPJ,some,0.4274850202142151
s04e19b,4,rms,rTPJ,full,0.24832302397120373
s04e19b,4,rms,visual_cortex,some,1.055951899266437
s04e19b,4,rms,visual_cortex,full,0.5784440154910647
s04e19b,4,rms,auditory_cortex,some,-0.060654946952175104
s04e19b,4,rms,auditory_cortex,full,-0.20671920936975416
s04e19b,4,rms,dorsal_str,some,0.44472000566620085
s04e19b,4,rms,dorsal_str,full,0.06914025228920946
s04e19b,4,rms,ventral_str,some,0.03803922532340127
s04e19b,4,rms,ventral_str,full,-0.030211178199271854
s04e19b,4,prob,rTPJ,some,0.45580257530032586
s04e19b,4,prob,rTPJ,full,0.23298251619525023
s04e19b,4,prob,visual_cortex,some,0.4883272606513228
s04e19b,4,prob,visual_cortex,full,1.229961397350599
s04e19b,4,prob,auditory_cortex,some,-0.13817335376450887
s04e19b,4,prob,auditory_cortex,full,-0.11090778146786069
s04e19b,4,prob,dorsal_str,some,0.29056654649701674
s04e19b,4,prob,dorsal_str,full,0.26686782502266526
s04e19b,4,prob,ventral_str,some,-0.07312102524074628
s04e19b,4,prob,ventral_str,full,0.09524223700584303
s04e19b,4,humor,rTPJ,some,0.15147471070403803
s04e19b,4,humor,rTPJ,full,0.9451714605583507
s04e19b,4,humor,visual_cortex,some,1.022356629288646
s04e19b,4,humor,visual_cortex,full,0.3097426672260819
s04e19b,4,humor,auditory_cortex,some,-0.11648645655471561
s04e19b,4,humor,auditory_cortex,full,-0.15095818940370492
s04e19b,4,humor,dorsal_str,some,0.3055758103966566
s04e19b,4,humor,dorsal_str,full,0.19914392891845745
s04e19b,4,humor,ventral_str,some,0.04320606434310606
s04e19b,4,humor,ventral_str,full,-0.09880459352329937
s04e20a,4,rms,rTPJ,some,0.3839404754921006
s04e20a,4,rms,rTPJ,full,0.33044403712523496
s04e20a,4,rms,visual_cortex,some,0.8951600357622124
s04e20a,4,rms,visual_cortex,full,0.46658607069394464
s04e20a,4,rms,auditory_cortex,some,-0.7783108010042386
s04e20a,4,rms,auditory_cortex,full,-0.17300038953445288
s04e20a,4,rms,dorsal_str,some,0.24809838615415708
s04e20a,4,rms,dorsal_str,full,0.49809337433702217
s04e20a,4,rms,ventral_str,some,-0.06946583106798057
s04e20a,4,rms,ventral_str,full,0.2818024338260767
s04e20a,4,prob,rTPJ,some,0.3728179035168559
s04e20a,4,prob,rTPJ,full,0.36056311241350075
s04e20a,4,prob,visual_cortex,some,0.5527825382721869
s04e20a,4,prob,visual_cortex,full,0.826668966700603
s04e20a,4,prob,auditory_cortex,some,-0.4137542852216207
s04e20a,4,prob,auditory_cortex,full,-0.6257556659638537
s04e20a,4,prob,dorsal_str,some,0.12537000454934813
s04e20a,4,prob,dorsal_str,full,0.43928494939502827
s04e20a,4,prob,ventral_str,some,-0.0591862747365098
s04e20a,4,prob,ventral_str,full,0.11346762286398421
s04e20a,4,humor,rTPJ,some,0.6212747544796631
s04e20a,4,humor,rTPJ,full,0.008977050129047093
s04e20a,4,humor,visual_cortex,some,0.9729663034331091
s04e20a,4,humor,visual_cortex,full,0.4156420434438362
s04e20a,4,humor,auditory_cortex,some,-0.29732732852279486
s04e20a,4,humor,auditory_cortex,full,-0.9190245868805379
s04e20a,4,humor,dorsal_str,some,0.4004008005996243
s04e20a,4,humor,dorsal_str,full,0.25414096235882944
s04e20a,4,humor,ventral_str,some,0.12565568969092006
s04e20a,4,humor,ventral_str,full,-0.03484061588811049
s04e20b,4,rms,rTPJ,some,-0.3829828995066794
s04e20b,4,rms,rTPJ,full,0.6211267763496949
s04e20b,4,rms,visual_cortex,some,-0.024407445384036358
s04e20b,4,rms,visual_cortex,full,0.349289914207764
s04e20b,4,rms,auditory_cortex,some,-1.0034082124840797
s04e20b,4,rms,auditory_cortex,full,0.03989149058024191
s04e20b,4,rms,dorsal_str,some,-0.14757487353363186
s04e20b,4,rms,dorsal_str,full,-0.049033560610737326
s04e20b,4,rms,ventral_str,some,-0.11245256050850103
s04e20b,4,rms,ventral_str,full,-0.15017991305089332
s04e20b,4,prob,rTPJ,some,-0.025065383894346552
s04e20b,4,prob,rTPJ,full,0.10631794719416951
s04e20b,4,prob,visual_cortex,some,0.2564009332239603
s04e20b,4,prob,visual_cortex,full,0.09242833211078844
s04e20b,4,prob,auditory_cortex,some,-0.8047316586275641
s04e20b,4,prob,auditory_cortex,full,-0.4184209325220274
s04e20b,4,prob,dorsal_str,some,-0.28694671646060455
s04e20b,4,prob,dorsal_str,full,-0.022397674015745515
s04e20b,4,prob,ventral_str,some,-0.2975932824621879
s04e20b,4,prob,ventral_str,full,-0.05491889066442186
s04e20b,4,humor,rTPJ,some,-0.08419985206579408
s04e20b,4,humor,rTPJ,full,0.3418081773487123
s04e20b,4,humor,visual_cortex,some,-0.03259833493666227
s04e20b,4,humor,visual_cortex,full,0.46448633790466776
s04e20b,4,humor,auditory_cortex,some,-0.4841127722757241
s04e20b,4,humor,auditory_cortex,full,-0.6336967486202658
s04e20b,4,humor,dorsal_str,some,-0.19470103718935505
s04e20b,4,humor,dorsal_str,full,0.06388324645390135
s04e20b,4,humor,ventral_str,some,-0.21863476899203904
s04e20b,4,humor,ventral_str,full,0.034616708259992975
s04e21a,4,rms,rTPJ,some,0.35812480938645863
s04e21a,4,rms,rTPJ,full,-0.01600974252390064
s04e21a,4,rms,visual_cortex,some,1.4815655177067495
s04e21a,4,rms,visual_cortex,full,1.2720429262323465
s04e21a,4,rms,auditory_cortex,some,-0.9517546796482841
s04e21a,4,rms,auditory_cortex,full,-0.13999924385217416
s04e21a,4,rms,dorsal_str,some,0.03571919132947874
s04e21a,4,rms,dorsal_str,full,0.10655401554243474
s04e21a,4,rms,ventral_str,some,0.2229437400407226
s04e21a,4,rms,ventral_str,full,-0.21246614724610224
s04e21a,4,prob,rTPJ,some,0.3474738202677793
s04e21a,4,prob,rTPJ,full,-0.10470918396398884
s04e21a,4,prob,visual_cortex,some,1.697945577906859
s04e21a,4,prob,visual_cortex,full,1.0178600093536603
s04e21a,4,prob,auditory_cortex,some,-0.16417447557893228
s04e21a,4,prob,auditory_cortex,full,-0.650698212072221
s04e21a,4,prob,dorsal_str,some,0.3611114334170216
s04e21a,4,prob,dorsal_str,full,-0.17408876652847677
s04e21a,4,prob,ventral_str,some,0.1487137345519924
s04e21a,4,prob,ventral_str,full,-0.258818114247483
s04e21a,4,humor,rTPJ,some,0.0024377934971457904
s04e21a,4,humor,rTPJ,full,0.24107101192718858
s04e21a,4,humor,visual_cortex,some,1.2971374663965527
s04e21a,4,humor,visual_cortex,full,1.3986018019385233
s04e21a,4,humor,auditory_cortex,some,-0.2808713911432117
s04e21a,4,humor,auditory_cortex,full,-0.5788513755952048
s04e21a,4,humor,dorsal_str,some,0.017035244298624595
s04e21a,4,humor,dorsal_str,full,0.15933535602873009
s04e21a,4,humor,ventral_str,some,-0.10010301607062591
s04e21a,4,humor,ventral_str,full,-0.020476642957129306
s04e21b,4,rms,rTPJ,some,0.6079813187973091
s04e21b,4,rms,rTPJ,full,-0.022496095856627527
s04e21b,4,rms,visual_cortex,some,0.7604231220096909
s04e21b,4,rms,visual_cortex,full,0.5402240265910833
s04e21b,4,rms,auditory_cortex,some,-0.4786904947768177
s04e21b,4,rms,auditory_cortex,full,0.07395871930742914
s04e21b,4,rms,dorsal_str,some,0.34922917942043374
s04e21b,4,rms,dorsal_str,full,0.3960200169256418
s04e21b,4,rms,ventral_str,some,0.22428399089245676
s04e21b,4,rms,ventral_str,full,0.2503439045910586
s04e21b,4,prob,rTPJ,some,0.2019602545449676
s04e21b,4,prob,rTPJ,full,0.13472490742067367
s04e21b,4,prob,visual_cortex,some,0.749873299541006
s04e21b,4,prob,visual_cortex,full,0.40653952002335547
s04e21b,4,prob,auditory_cortex,some,0.17941450030727146
s04e21b,4,prob,auditory_cortex,full,-0.49807633936412327
s04e21b,4,prob,dorsal_str,some,0.3671033869357254
s04e21b,4,prob,dorsal_str,full,0.401965641037189
s04e21b,4,prob,ventral_str,some,0.20343836237636503
s04e21b,4,prob,ventral_str,full,0.2979110338843661
s04e21b,4,humor,rTPJ,some,-0.3187678224273401
s04e21b,4,humor,rTPJ,full,0.9846948059515472
s04e21b,4,humor,visual_cortex,some,0.40890224360645117
s04e21b,4,humor,visual_cortex,full,0.9377509121568001
s04e21b,4,humor,auditory_cortex,some,0.052947319490249986
s04e21b,4,humor,auditory_cortex,full,-0.3476362391249975
s04e21b,4,humor,dorsal_str,some,0.2943061771167521
s04e21b,4,humor,dorsal_str,full,0.5245386785802607
s04e21b,4,humor,ventral_str,some,0.14617119939753145
s04e21b,4,humor,ventral_str,full,0.4000129563091526
s04e22a,4,rms,rTPJ,some,0.38662788102238316
s04e22a,4,rms,rTPJ,full,0.2516747953982839
s04e22a,4,rms,visual_cortex,some,1.1596616330176486
s04e22a,4,rms,visual_cortex,full,0.8201585670185617
s04e22a,4,rms,auditory_cortex,some,-0.1345883329811038
s04e22a,4,rms,auditory_cortex,full,-0.09503777125801385
s04e22a,4,rms,dorsal_str,some,0.5343670058880856
s04e22a,4,rms,dorsal_str,full,0.25825915573342423
s04e22a,4,rms,ventral_str,some,0.2346962987845601
s04e22a,4,rms,ventral_str,full,0.2020655707194398
s04e22a,4,prob,rTPJ,some,0.13073551676159004
s04e22a,4,prob,rTPJ,full,0.5023627145779689
s04e22a,4,prob,visual_cortex,some,0.8078782429549307
s04e22a,4,prob,visual_cortex,full,1.1562725486357106
s04e22a,4,prob,auditory_cortex,some,0.35639402299902206
s04e22a,4,prob,auditory_cortex,full,-0.588165829233567
s04e22a,4,prob,dorsal_str,some,0.5381483458462637
s04e22a,4,prob,dorsal_str,full,0.23917628036345207
s04e22a,4,prob,ventral_str,some,0.17504710327732992
s04e22a,4,prob,ventral_str,full,0.26043674270829487
s04e22a,4,humor,rTPJ,some,0.11227867737640813
s04e22a,4,humor,rTPJ,full,0.4042456129716546
s04e22a,4,humor,visual_cortex,some,0.8508381954485887
s04e22a,4,humor,visual_cortex,full,1.0380720024634325
s04e22a,4,humor,auditory_cortex,some,0.19413446008773302
s04e22a,4,humor,auditory_cortex,full,-0.24778300612923518
s04e22a,4,humor,dorsal_str,some,0.49393687531319563
s04e22a,4,humor,dorsal_str,full,0.34380497466485294
s04e22a,4,humor,ventral_str,some,0.31171900999321994
s04e22a,4,humor,ventral_str,full,0.17658802303177762
s04e22b,4,rms,rTPJ,some,0.7207769943331939
s04e22b,4,rms,rTPJ,full,0.06264575411035185
s04e22b,4,rms,visual_cortex,some,0.6354616853212217
s04e22b,4,rms,visual_cortex,full,0.3382860358178412
s04e22b,4,rms,auditory_cortex,some,-0.4210706633203836
s04e22b,4,rms,auditory_cortex,full,0.04839123290408537
s04e22b,4,rms,dorsal_str,some,0.18163413089593203
s04e22b,4,rms,dorsal_str,full,0.5077149908462458
s04e22b,4,rms,ventral_str,some,0.09260618810012515
s04e22b,4,rms,ventral_str,full,0.3528862987237251
s04e22b,4,prob,rTPJ,some,0.1593921494400338
s04e22b,4,prob,rTPJ,full,0.6663977638969141
s04e22b,4,prob,visual_cortex,some,0.14475635109023166
s04e22b,4,prob,visual_cortex,full,0.8243961731430225
s04e22b,4,prob,auditory_cortex,some,-0.10761120944336015
s04e22b,4,prob,auditory_cortex,full,-0.30399048246502736
s04e22b,4,prob,dorsal_str,some,0.37655860954600023
s04e22b,4,prob,dorsal_str,full,0.2834753477451773
s04e22b,4,prob,ventral_str,some,0.41435048621211
s04e22b,4,prob,ventral_str,full,0.024360896367167546
s04e22b,4,humor,rTPJ,some,0.7560385769606743
s04e22b,4,humor,rTPJ,full,-0.0991393626336324
s04e22b,4,humor,visual_cortex,some,0.6980579013728887
s04e22b,4,humor,visual_cortex,full,0.19087971754685934
s04e22b,4,humor,auditory_cortex,some,-0.08673986762506264
s04e22b,4,humor,auditory_cortex,full,-0.4088715321931266
s04e22b,4,humor,dorsal_str,some,0.3425825208116423
s04e22b,4,humor,dorsal_str,full,0.30364669082284623
s04e22b,4,humor,ventral_str,some,0.2776910919929875
s04e22b,4,humor,ventral_str,full,0.09980857038831559
s04e23a,4,rms,rTPJ,some,0.4002649258841382
s04e23a,4,rms,rTPJ,full,0.6319545756812062
s04e23a,4,rms,visual_cortex,some,0.2337646081963526
s04e23a,4,rms,visual_cortex,full,0.4254664126897794
s04e23a,4,rms,auditory_cortex,some,-1.0651853638413662
s04e23a,4,rms,auditory_cortex,full,-0.4068325526617853
s04e23a,4,rms,dorsal_str,some,0.028753267321543576
s04e23a,4,rms,dorsal_str,full,0.4550341151635731
s04e23a,4,rms,ventral_str,some,-0.13221428369186997
s04e23a,4,rms,ventral_str,full,0.18083186570996895
s04e23a,4,prob,rTPJ,some,0.4779594087679732
s04e23a,4,prob,rTPJ,full,0.4823956291476726
s04e23a,4,prob,visual_cortex,some,0.666299494461311
s04e23a,4,prob,visual_cortex,full,-0.14211714493561411
s04e23a,4,prob,auditory_cortex,some,-0.6133184542438955
s04e23a,4,prob,auditory_cortex,full,-1.1103394367951112
s04e23a,4,prob,dorsal_str,some,0.08093889904599366
s04e23a,4,prob,dorsal_str,full,0.28925668016395106
s04e23a,4,prob,ventral_str,some,-0.06742305725117174
s04e23a,4,prob,ventral_str,full,0.027189853036662465
s04e23a,4,humor,rTPJ,some,0.4076221914415345
s04e23a,4,humor,rTPJ,full,0.5457372270039309
s04e23a,4,humor,visual_cortex,some,0.17231043469125806
s04e23a,4,humor,visual_cortex,full,0.41552582928514636
s04e23a,4,humor,auditory_cortex,some,-0.8297098586896726
s04e23a,4,humor,auditory_cortex,full,-0.8468685101392356
s04e23a,4,humor,dorsal_str,some,0.030790405172167364
s04e23a,4,humor,dorsal_str,full,0.3068577172892221
s04e23a,4,humor,ventral_str,some,0.13194210801500228
s04e23a,4,humor,ventral_str,full,-0.16674591455846505
s04e23b,4,rms,rTPJ,some,0.11493724019709795
s04e23b,4,rms,rTPJ,full,0.5061026221361001
s04e23b,4,rms,visual_cortex,some,-0.5814978445359886
s04e23b,4,rms,visual_cortex,full,-0.5868576422944476
s04e23b,4,rms,auditory_cortex,some,-0.7084497030578153
s04e23b,4,rms,auditory_cortex,full,-0.027105266022699942
s04e23b,4,rms,dorsal_str,some,0.07147693132581623
s04e23b,4,rms,dorsal_str,full,0.132261706528234
s04e23b,4,rms,ventral_str,some,-0.16536290016511163
s04e23b,4,rms,ventral_str,full,0.04022232123986519
s04e23b,4,prob,rTPJ,some,0.01697545865273028
s04e23b,4,prob,rTPJ,full,0.5275667174702177
s04e23b,4,prob,visual_cortex,some,-0.846372694878736
s04e23b,4,prob,visual_cortex,full,-0.2186703469483079
s04e23b,4,prob,auditory_cortex,some,-0.3216161900925749
s04e23b,4,prob,auditory_cortex,full,-0.7613292777906542
s04e23b,4,prob,dorsal_str,some,0.012677083934125657
s04e23b,4,prob,dorsal_str,full,0.19591393860303907
s04e23b,4,prob,ventral_str,some,-0.3108190516802082
s04e23b,4,prob,ventral_str,full,0.18157110252606473
s04e23b,4,humor,rTPJ,some,-0.04164485774039785
s04e23b,4,humor,rTPJ,full,0.5202058288127078
s04e23b,4,humor,visual_cortex,some,-0.7662295998766868
s04e23b,4,humor,visual_cortex,full,-0.38901603240757326
s04e23b,4,humor,auditory_cortex,some,-0.5660152619777169
s04e23b,4,humor,auditory_cortex,full,-0.44250218006583575
s04e23b,4,humor,dorsal_str,some,-0.061269166226361076
s04e23b,4,humor,dorsal_str,full,0.2493403478794865
s04e23b,4,humor,ventral_str,some,-0.12965568498616248
s04e23b,4,humor,ventral_str,full,-0.07741305868183401
s04e23c,4,rms,rTPJ,some,0.0904187620902086
s04e23c,4,rms,rTPJ,full,0.5034098480717613
s04e23c,4,rms,visual_cortex,some,0.2850728080003566
s04e23c,4,rms,visual_cortex,full,0.11669489108630392
s04e23c,4,rms,auditory_cortex,some,-0.3028533671849821
s04e23c,4,rms,auditory_cortex,full,-0.8398416084436743
s04e23c,4,rms,dorsal_str,some,0.1835636883002166
s04e23c,4,rms,dorsal_str,full,0.2281428625643652
s04e23c,4,rms,ventral_str,some,-0.11144912052343894
s04e23c,4,rms,ventral_str,full,0.12151259818385518
s04e23c,4,prob,rTPJ,some,0.4385402765510078
s04e23c,4,prob,rTPJ,full,0.09581515055819312
s04e23c,4,prob,visual_cortex,some,0.08166505060383113
s04e23c,4,prob,visual_cortex,full,0.3516570124492882
s04e23c,4,prob,auditory_cortex,some,-0.44846704857515407
s04e23c,4,prob,auditory_cortex,full,-0.6533904913415494
s04e23c,4,prob,dorsal_str,some,0.35596127821607293
s04e23c,4,prob,dorsal_str,full,0.03330141137832181
s04e23c,4,prob,ventral_str,some,-0.019625796987300353
s04e23c,4,prob,ventral_str,full,0.00856734259582884
s04e23c,4,humor,rTPJ,some,0.4965897102561953
s04e23c,4,humor,rTPJ,full,0.18795355375840017
s04e23c,4,humor,visual_cortex,some,-0.18186806152900442
s04e23c,4,humor,visual_cortex,full,0.3671018833671166
s04e23c,4,humor,auditory_cortex,some,-0.3335559185460861
s04e23c,4,humor,auditory_cortex,full,-0.6307140970577046
s04e23c,4,humor,dorsal_str,some,0.21540698539270642
s04e23c,4,humor,dorsal_str,full,0.19894174061940834
s04e23c,4,humor,ventral_str,some,-0.05768007065738098
s04e23c,4,humor,ventral_str,full,0.014438306501352041
s04e23d,4,rms,rTPJ,some,0.3407253565623378
s04e23d,4,rms,rTPJ,full,-0.030474746530180938
s04e23d,4,rms,visual_cortex,some,1.067509725511978
s04e23d,4,rms,visual_cortex,full,-0.08649429310952633
s04e23d,4,rms,auditory_cortex,some,-0.14588404553348783
s04e23d,4,rms,auditory_cortex,full,-0.8236302275708655
s04e23d,4,rms,dorsal_str,some,0.26486299347739506
s04e23d,4,rms,dorsal_str,full,-0.09116534473705007
s04e23d,4,rms,ventral_str,some,-0.036710644887916484
s04e23d,4,rms,ventral_str,full,-0.12531753854878785
s04e23d,4,prob,rTPJ,some,0.05363541201463621
s04e23d,4,prob,rTPJ,full,0.24554794952129658
s04e23d,4,prob,visual_cortex,some,0.4720921337030339
s04e23d,4,prob,visual_cortex,full,0.3140660642077192
s04e23d,4,prob,auditory_cortex,some,-0.41756043398944254
s04e23d,4,prob,auditory_cortex,full,-0.7085243021654202
s04e23d,4,prob,dorsal_str,some,0.22713403098213622
s04e23d,4,prob,dorsal_str,full,-0.19238296439072972
s04e23d,4,prob,ventral_str,some,0.0560314848879144
s04e23d,4,prob,ventral_str,full,-0.30779702368455
s04e23d,4,humor,rTPJ,some,0.2436421421378801
s04e23d,4,humor,rTPJ,full,-0.015205154393843935
s04e23d,4,humor,visual_cortex,some,0.5405787093994932
s04e23d,4,humor,visual_cortex,full,0.23069408279366518
s04e23d,4,humor,auditory_cortex,some,-0.4437569703450977
s04e23d,4,humor,auditory_cortex,full,-0.6101342368805919
s04e23d,4,humor,dorsal_str,some,0.1756548196639942
s04e23d,4,humor,dorsal_str,full,-0.0023538173691004353
s04e23d,4,humor,ventral_str,some,-0.09242756579555744
s04e23d,4,humor,ventral_str,full,-0.040626407534019464
s05e01a,5,rms,rTPJ,some,0.8046399890221652
s05e01a,5,rms,rTPJ,full,0.6574652961252094
s05e01a,5,rms,visual_cortex,some,0.8986089085775398
s05e01a,5,rms,visual_cortex,full,0.7116240116306187
s05e01a,5,rms,auditory_cortex,some,-0.21317019392194625
s05e01a,5,rms,auditory_cortex,full,-0.4254219828582604
s05e01a,5,rms,dorsal_str,some,0.26777558094355736
s05e01a,5,rms,dorsal_str,full,0.14179249291304552
s05e01a,5,rms,ventral_str,some,0.2738024072040425
s05e01a,5,rms,ventral_str,full,0.13779458328440614
s05e01a,5,prob,rTPJ,some,0.6465336677729986
s05e01a,5,prob,rTPJ,full,0.7735205364913155
s05e01a,5,prob,visual_cortex,some,0.5215504326160868
s05e01a,5,prob,visual_cortex,full,1.0316655979779745
s05e01a,5,prob,auditory_cortex,some,-0.3740031278527919
s05e01a,5,prob,auditory_cortex,full,-0.32386469873317864
s05e01a,5,prob,dorsal_str,some,0.13884274498563634
s05e01a,5,prob,dorsal_str,full,0.23485977044155487
s05e01a,5,prob,ventral_str,some,0.0725030490641676
s05e01a,5,prob,ventral_str,full,0.299108568224793
s05e01a,5,humor,rTPJ,some,0.41555372042130784
s05e01a,5,humor,rTPJ,full,1.1272772884902524
s05e01a,5,humor,visual_cortex,some,0.48581310354093665
s05e01a,5,humor,visual_cortex,full,1.19342236982116
s05e01a,5,humor,auditory_cortex,some,-0.2375233286802439
s05e01a,5,humor,auditory_cortex,full,-0.5055767167569369
s05e01a,5,humor,dorsal_str,some,0.16120152705896418
s05e01a,5,humor,dorsal_str,full,0.22425005626391845
s05e01a,5,humor,ventral_str,some,0.20360861750523707
s05e01a,5,humor,ventral_str,full,0.16348903098615844
s05e01b,5,rms,rTPJ,some,0.40460305681238296
s05e01b,5,rms,rTPJ,full,0.1275996116267143
s05e01b,5,rms,visual_cortex,some,1.373293724265375
s05e01b,5,rms,visual_cortex,full,0.4522705858107314
s05e01b,5,rms,auditory_cortex,some,-0.06968760991824341
s05e01b,5,rms,auditory_cortex,full,0.17873384218288765
s05e01b,5,rms,dorsal_str,some,0.48162472483617025
s05e01b,5,rms,dorsal_str,full,0.23780933650957492
s05e01b,5,rms,ventral_str,some,-0.047108994131732196
s05e01b,5,rms,ventral_str,full,0.08371906188564457
s05e01b,5,prob,rTPJ,some,0.23411801714599456
s05e01b,5,prob,rTPJ,full,0.16805353478855223
s05e01b,5,prob,visual_cortex,some,1.2296431946564201
s05e01b,5,prob,visual_cortex,full,0.21103961871515237
s05e01b,5,prob,auditory_cortex,some,0.6574693141337496
s05e01b,5,prob,auditory_cortex,full,-0.3674007547896057
s05e01b,5,prob,dorsal_str,some,0.2914512217751115
s05e01b,5,prob,dorsal_str,full,0.30903172421863234
s05e01b,5,prob,ventral_str,some,-0.06511707876074056
s05e01b,5,prob,ventral_str,full,0.15208985251136536
s05e01b,5,humor,rTPJ,some,0.001741861494097597
s05e01b,5,humor,rTPJ,full,0.5630507205530949
s05e01b,5,humor,visual_cortex,some,0.44470957747933737
s05e01b,5,humor,visual_cortex,full,1.1424981679126867
s05e01b,5,humor,auditory_cortex,some,0.42364532616900774
s05e01b,5,humor,auditory_cortex,full,-0.4552387075986969
s05e01b,5,humor,dorsal_str,some,0.2934437582571375
s05e01b,5,humor,dorsal_str,full,0.31426006415564295
s05e01b,5,humor,ventral_str,some,0.0987037029669828
s05e01b,5,humor,ventral_str,full,-0.03997340413789585
s05e02a,5,rms,rTPJ,some,0.43473570104064496
s05e02a,5,rms,rTPJ,full,0.6002754035754894
s05e02a,5,rms,visual_cortex,some,0.7921181113333885
s05e02a,5,rms,visual_cortex,full,0.3202553309495014
s05e02a,5,rms,auditory_cortex,some,-0.44004248200556456
s05e02a,5,rms,auditory_cortex,full,-0.5214632483323803
s05e02a,5,rms,dorsal_str,some,0.0693525695633156
s05e02a,5,rms,dorsal_str,full,0.30106274619970447
s05e02a,5,rms,ventral_str,some,-0.08861050010682113
s05e02a,5,rms,ventral_str,full,-0.09853295470717582
s05e02a,5,prob,rTPJ,some,0.2846801722152274
s05e02a,5,prob,rTPJ,full,0.6052864713905932
s05e02a,5,prob,visual_cortex,some,0.7208234150715133
s05e02a,5,prob,visual_cortex,full,0.5122373662948863
s05e02a,5,prob,auditory_cortex,some,-0.2625208217617119
s05e02a,5,prob,auditory_cortex,full,-0.5667983799211062
s05e02a,5,prob,dorsal_str,some,-0.09483767025277737
s05e02a,5,prob,dorsal_str,full,0.28912667922380203
s05e02a,5,prob,ventral_str,some,-0.1289841225326248
s05e02a,5,prob,ventral_str,full,-0.07842750211797253
s05e02a,5,humor,rTPJ,some,0.4824538726288743
s05e02a,5,humor,rTPJ,full,0.5369600303890828
s05e02a,5,humor,visual_cortex,some,0.6897865817277054
s05e02a,5,humor,visual_cortex,full,0.47125490592247427
s05e02a,5,humor,auditory_cortex,some,-0.16211136608365403
s05e02a,5,humor,auditory_cortex,full,-0.7540643260508051
s05e02a,5,humor,dorsal_str,some,0.1320075751319016
s05e02a,5,humor,dorsal_str,full,0.21605899651783367
s05e02a,5,humor,ventral_str,some,-0.19842577755560323
s05e02a,5,humor,ventral_str,full,-0.0011462652978709853
s05e02b,5,rms,rTPJ,some,0.06285251014260557
s05e02b,5,rms,rTPJ,full,0.511013989488676
s05e02b,5,rms,visual_cortex,some,0.14622125871702807
s05e02b,5,rms,visual_cortex,full,0.5017650439020436
s05e02b,5,rms,auditory_cortex,some,-0.5037944120318287
s05e02b,5,rms,auditory_cortex,full,0.06658768826808935
s05e02b,5,rms,dorsal_str,some,0.11902467092665503
s05e02b,5,rms,dorsal_str,full,0.2631446751865564
s05e02b,5,rms,ventral_str,some,-0.031263556878032096
s05e02b,5,rms,ventral_str,full,0.28099281543121446
s05e02b,5,prob,rTPJ,some,0.4309096092269149
s05e02b,5,prob,rTPJ,full,0.2118206604583598
s05e02b,5,prob,visual_cortex,some,0.09169700783492078
s05e02b,5,prob,visual_cortex,full,0.601780120501156
s05e02b,5,prob,auditory_cortex,some,-0.18213982491466743
s05e02b,5,prob,auditory_cortex,full,-0.1712950250677244
s05e02b,5,prob,dorsal_str,some,0.20040809162104475
s05e02b,5,prob,dorsal_str,full,0.2029310267373197
s05e02b,5,prob,ventral_str,some,0.225726648039692
s05e02b,5,prob,ventral_str,full,0.07199783910615595
s05e02b,5,humor,rTPJ,some,0.0664590534465597
s05e02b,5,humor,rTPJ,full,0.5970971684952768
s05e02b,5,humor,visual_cortex,some,0.4156200931441024
s05e02b,5,humor,visual_cortex,full,0.2785386271478945
s05e02b,5,humor,auditory_cortex,some,-0.026482188098400507
s05e02b,5,humor,auditory_cortex,full,-0.3408820777647413
s05e02b,5,humor,dorsal_str,some,0.11269072642728949
s05e02b,5,humor,dorsal_str,full,0.299023456943762
s05e02b,5,humor,ventral_str,some,0.05542355984652972
s05e02b,5,humor,ventral_str,full,0.2489075444658454
s05e03a,5,rms,rTPJ,some,0.05136835939826244
s05e03a,5,rms,rTPJ,full,-0.31912177315684565
s05e03a,5,rms,visual_cortex,some,0.3762375958258767
s05e03a,5,rms,visual_cortex,full,1.966933275299234
s05e03a,5,rms,auditory_cortex,some,-0.40420508350737605
s05e03a,5,rms,auditory_cortex,full,0.3431848282063942
s05e03a,5,rms,dorsal_str,some,0.033296710864242074
s05e03a,5,rms,dorsal_str,full,0.625286732995339
s05e03a,5,rms,ventral_str,some,-0.020450925933949867
s05e03a,5,rms,ventral_str,full,0.17426777791400408
s05e03a,5,prob,rTPJ,some,0.047381341465573296
s05e03a,5,prob,rTPJ,full,-0.07645926020428676
s05e03a,5,prob,visual_cortex,some,0.28823942373946465
s05e03a,5,prob,visual_cortex,full,0.9807072088691431
s05e03a,5,prob,auditory_cortex,some,0.46335141928742407
s05e03a,5,prob,auditory_cortex,full,-0.6013189191743956
s05e03a,5,prob,dorsal_str,some,0.14538418758150662
s05e03a,5,prob,dorsal_str,full,0.18158606173838232
s05e03a,5,prob,ventral_str,some,-0.10032681497900789
s05e03a,5,prob,ventral_str,full,0.09012276195630012
s05e03a,5,humor,rTPJ,some,-0.10249078858379605
s05e03a,5,humor,rTPJ,full,0.014066951976329359
s05e03a,5,humor,visual_cortex,some,0.9680778675468988
s05e03a,5,humor,visual_cortex,full,0.5839532787140208
s05e03a,5,humor,auditory_cortex,some,-0.1862679135570846
s05e03a,5,humor,auditory_cortex,full,-0.2650055386537928
s05e03a,5,humor,dorsal_str,some,0.1401508681332949
s05e03a,5,humor,dorsal_str,full,0.18905178172508189
s05e03a,5,humor,ventral_str,some,0.050691218828593315
s05e03a,5,humor,ventral_str,full,0.005878995110192086
s05e03b,5,rms,rTPJ,some,0.05480837345186164
s05e03b,5,rms,rTPJ,full,0.0895023936232912
s05e03b,5,rms,visual_cortex,some,0.20247927014250094
s05e03b,5,rms,visual_cortex,full,0.5142494206659174
s05e03b,5,rms,auditory_cortex,some,-0.6482573863141219
s05e03b,5,rms,auditory_cortex,full,-0.40093733113662844
s05e03b,5,rms,dorsal_str,some,-0.13533917614466007
s05e03b,5,rms,dorsal_str,full,0.19183940340339692
s05e03b,5,rms,ventral_str,some,-0.13057483963055627
s05e03b,5,rms,ventral_str,full,0.11074874103921277
s05e03b,5,prob,rTPJ,some,-0.12745239300396052
s05e03b,5,prob,rTPJ,full,0.17641457888534987
s05e03b,5,prob,visual_cortex,some,0.4107384308411837
s05e03b,5,prob,visual_cortex,full,0.3416657527898392
s05e03b,5,prob,auditory_cortex,some,0.032627186925518054
s05e03b,5,prob,auditory_cortex,full,-0.8042157668290654
s05e03b,5,prob,dorsal_str,some,-0.20263406966984288
s05e03b,5,prob,dorsal_str,full,0.15837960817148095
s05e03b,5,prob,ventral_str,some,-0.09527691615027829
s05e03b,5,prob,ventral_str,full,0.04219672928393316
s05e03b,5,humor,rTPJ,some,0.09108811922594305
s05e03b,5,humor,rTPJ,full,0.03342299510861482
s05e03b,5,humor,visual_cortex,some,0.45379068812712725
s05e03b,5,humor,visual_cortex,full,0.17265617535723501
s05e03b,5,humor,auditory_cortex,some,-0.4395216137201719
s05e03b,5,humor,auditory_cortex,full,-0.6922912048383807
s05e03b,5,humor,dorsal_str,some,0.006632043196024569
s05e03b,5,humor,dorsal_str,full,0.09796640133180193
s05e03b,5,humor,ventral_str,some,-0.033300917728213836
s05e03b,5,humor,ventral_str,full,0.05768276980782812
s05e04a,5,rms,rTPJ,some,0.4004412999560249
s05e04a,5,rms,rTPJ,full,0.5262217091208263
s05e04a,5,rms,visual_cortex,some,0.2089612965834189
s05e04a,5,rms,visual_cortex,full,0.7763578566542612
s05e04a,5,rms,auditory_cortex,some,-1.0047922068301556
s05e04a,5,rms,auditory_cortex,full,-0.39477859269377935
s05e04a,5,rms,dorsal_str,some,0.055585569404713625
s05e04a,5,rms,dorsal_str,full,0.21497095854865778
s05e04a,5,rms,ventral_str,some,-0.013856929542268942
s05e04a,5,rms,ventral_str,full,0.04170491543320705
s05e04a,5,prob,rTPJ,some,1.2402201934099337
s05e04a,5,prob,rTPJ,full,-0.15094958395624486
s05e04a,5,prob,visual_cortex,some,0.8337045650853205
s05e04a,5,prob,visual_cortex,full,0.1836966076958117
s05e04a,5,prob,auditory_cortex,some,-0.518445265565751
s05e04a,5,prob,auditory_cortex,full,-0.8877248743944183
s05e04a,5,prob,dorsal_str,some,0.18471502183742622
s05e04a,5,prob,dorsal_str,full,0.08457307283317385
s05e04a,5,prob,ventral_str,some,-0.01331539942358323
s05e04a,5,prob,ventral_str,full,0.030860222239557922
s05e04a,5,humor,rTPJ,some,0.9340249846940808
s05e04a,5,humor,rTPJ,full,0.22672009227047912
s05e04a,5,humor,visual_cortex,some,1.1264569040658419
s05e04a,5,humor,visual_cortex,full,0.14854352235437165
s05e04a,5,humor,auditory_cortex,some,-0.6809638716062931
s05e04a,5,humor,auditory_cortex,full,-0.7480272797061748
s05e04a,5,humor,dorsal_str,some,-0.03251189858754636
s05e04a,5,humor,dorsal_str,full,0.2065331214009591
s05e04a,5,humor,ventral_str,some,-0.10619060792363043
s05e04a,5,humor,ventral_str,full,0.06868490466275996
s05e04b,5,rms,rTPJ,some,-0.5149131535289581
s05e04b,5,rms,rTPJ,full,1.0280394834785163
s05e04b,5,rms,visual_cortex,some,0.2958951981664571
s05e04b,5,rms,visual_cortex,full,1.0089419402119164
s05e04b,5,rms,auditory_cortex,some,-0.2611341461115527
s05e04b,5,rms,auditory_cortex,full,0.41498741819981116
s05e04b,5,rms,dorsal_str,some,-0.23640493067384596
s05e04b,5,rms,dorsal_str,full,0.37952101700347285
s05e04b,5,rms,ventral_str,some,-0.1364337220745459
s05e04b,5,rms,ventral_str,full,0.047429873840378486
s05e04b,5,prob,rTPJ,some,0.29154733936228017
s05e04b,5,prob,rTPJ,full,0.26957753144940866
s05e04b,5,prob,visual_cortex,some,-0.31063556089020217
s05e04b,5,prob,visual_cortex,full,1.498334129578914
s05e04b,5,prob,auditory_cortex,some,0.18510796529004303
s05e04b,5,prob,auditory_cortex,full,0.002988812760570364
s05e04b,5,prob,dorsal_str,some,-0.11917158279531971
s05e04b,5,prob,dorsal_str,full,0.2523247754456396
s05e04b,5,prob,ventral_str,some,-0.1426758557161452
s05e04b,5,prob,ventral_str,full,0.04483070923888092
s05e04b,5,humor,rTPJ,some,0.1937983028714867
s05e04b,5,humor,rTPJ,full,0.3442361626366598
s05e04b,5,humor,visual_cortex,some,0.5803595804242825
s05e04b,5,humor,visual_cortex,full,0.725261567724377
s05e04b,5,humor,auditory_cortex,some,0.3666784159822538
s05e04b,5,humor,auditory_cortex,full,-0.12286572037241884
s05e04b,5,humor,dorsal_str,some,0.012637278947620553
s05e04b,5,humor,dorsal_str,full,0.1319840621933354
s05e04b,5,humor,ventral_str,some,0.029256642668848892
s05e04b,5,humor,ventral_str,full,-0.09505180920387418
s05e05a,5,rms,rTPJ,some,0.7275702040791311
s05e05a,5,rms,rTPJ,full,0.49189799840389903
s05e05a,5,rms,visual_cortex,some,0.7384143799709815
s05e05a,5,rms,visual_cortex,full,0.7631128337960584
s05e05a,5,rms,auditory_cortex,some,-0.2781190075829013
s05e05a,5,rms,auditory_cortex,full,-0.5453148254825577
s05e05a,5,rms,dorsal_str,some,0.30661778080186214
s05e05a,5,rms,dorsal_str,full,0.38462053325608153
s05e05a,5,rms,ventral_str,some,-0.010994137837906613
s05e05a,5,rms,ventral_str,full,0.008446541234034016
s05e05a,5,prob,rTPJ,some,-0.18739951988683956
s05e05a,5,prob,rTPJ,full,1.2611976922863983
s05e05a,5,prob,visual_cortex,some,-0.0538146609288116
s05e05a,5,prob,visual_cortex,full,1.402056190889424
s05e05a,5,prob,auditory_cortex,some,-0.5583301039323819
s05e05a,5,prob,auditory_cortex,full,-0.2865634253283695
s05e05a,5,prob,dorsal_str,some,0.14598947817947974
s05e05a,5,prob,dorsal_str,full,0.5055037687240835
s05e05a,5,prob,ventral_str,some,-0.18250602456946224
s05e05a,5,prob,ventral_str,full,0.14510004542599036
s05e05a,5,humor,rTPJ,some,0.9942074283433618
s05e05a,5,humor,rTPJ,full,0.37267775245543855
s05e05a,5,humor,visual_cortex,some,0.7994897625028972
s05e05a,5,humor,visual_cortex,full,0.7195500032493958
s05e05a,5,humor,auditory_cortex,some,-0.06189916200636286
s05e05a,5,humor,auditory_cortex,full,-0.6262738207413066
s05e05a,5,humor,dorsal_str,some,0.2730922644649254
s05e05a,5,humor,dorsal_str,full,0.38961790035175287
s05e05a,5,humor,ventral_str,some,-0.14659369088271976
s05e05a,5,humor,ventral_str,full,0.08982023602766996
s05e05b,5,rms,rTPJ,some,-0.1683696349310592
s05e05b,5,rms,rTPJ,full,0.718153391146723
s05e05b,5,rms,visual_cortex,some,-0.42844965201007856
s05e05b,5,rms,visual_cortex,full,0.3732871236803137
s05e05b,5,rms,auditory_cortex,some,-0.8877238667952898
s05e05b,5,rms,auditory_cortex,full,-0.2135380133386372
s05e05b,5,rms,dorsal_str,some,0.028794364418070456
s05e05b,5,rms,dorsal_str,full,0.48235836354926465
s05e05b,5,rms,ventral_str,some,0.15581209174905378
s05e05b,5,rms,ventral_str,full,0.03695154315181454
s05e05b,5,prob,rTPJ,some,0.21351295096898262
s05e05b,5,prob,rTPJ,full,0.5048389198356308
s05e05b,5,prob,visual_cortex,some,0.04544855203640147
s05e05b,5,prob,visual_cortex,full,0.06699124913749152
s05e05b,5,prob,auditory_cortex,some,-0.5952714662456726
s05e05b,5,prob,auditory_cortex,full,-0.3775570020644056
s05e05b,5,prob,dorsal_str,some,0.2510296457402634
s05e05b,5,prob,dorsal_str,full,0.34953269121923763
s05e05b,5,prob,ventral_str,some,0.28809842097265964
s05e05b,5,prob,ventral_str,full,-0.09630066042323537
s05e05b,5,humor,rTPJ,some,0.6025789526588913
s05e05b,5,humor,rTPJ,full,-0.07259011219720907
s05e05b,5,humor,visual_cortex,some,-0.1136356093482123
s05e05b,5,humor,visual_cortex,full,0.3778191582343365
s05e05b,5,humor,auditory_cortex,some,-0.48820610479644677
s05e05b,5,humor,auditory_cortex,full,-0.4633882274217939
s05e05b,5,humor,dorsal_str,some,0.14785903676697493
s05e05b,5,humor,dorsal_str,full,0.5960196795883412
s05e05b,5,humor,ventral_str,some,-0.02006468789485431
s05e05b,5,humor,ventral_str,full,0.2794320120667009
s05e06a,5,rms,rTPJ,some,0.40595244982893086
s05e06a,5,rms,rTPJ,full,1.248464613546225
s05e06a,5,rms,visual_cortex,some,1.0358774279659526
s05e06a,5,rms,visual_cortex,full,0.5035443094743459
s05e06a,5,rms,auditory_cortex,some,-1.2297128802926591
s05e06a,5,rms,auditory_cortex,full,-0.0645712235249461
s05e06a,5,rms,dorsal_str,some,0.24877881217505657
s05e06a,5,rms,dorsal_str,full,0.885002713770981
s05e06a,5,rms,ventral_str,some,0.2608603327902083
s05e06a,5,rms,ventral_str,full,0.2031952956488695
s05e06a,5,prob,rTPJ,some,0.26620984192951846
s05e06a,5,prob,rTPJ,full,0.826610953151099
s05e06a,5,prob,visual_cortex,some,1.2673485754631322
s05e06a,5,prob,visual_cortex,full,0.6233804890243041
s05e06a,5,prob,auditory_cortex,some,-0.719284543624459
s05e06a,5,prob,auditory_cortex,full,-1.3690102930748551
s05e06a,5,prob,dorsal_str,some,0.310680551655093
s05e06a,5,prob,dorsal_str,full,0.3948809289770597
s05e06a,5,prob,ventral_str,some,0.17165457506207382
s05e06a,5,prob,ventral_str,full,0.3332754667505998
s05e06a,5,humor,rTPJ,some,0.8011846076750779
s05e06a,5,humor,rTPJ,full,0.369662375832676
s05e06a,5,humor,visual_cortex,some,1.194232697033305
s05e06a,5,humor,visual_cortex,full,0.7848437762704192
s05e06a,5,humor,auditory_cortex,some,-0.6791482530839218
s05e06a,5,humor,auditory_cortex,full,-1.2825739395340308
s05e06a,5,humor,dorsal_str,some,0.18546572013716223
s05e06a,5,humor,dorsal_str,full,0.46425016418476805
s05e06a,5,humor,ventral_str,some,0.14372050656734825
s05e06a,5,humor,ventral_str,full,0.32382496187562315
s05e06b,5,rms,rTPJ,some,0.1812754354779174
s05e06b,5,rms,rTPJ,full,0.25475188149923955
s05e06b,5,rms,visual_cortex,some,0.06677849230576467
s05e06b,5,rms,visual_cortex,full,-0.20554736640234797
s05e06b,5,rms,auditory_cortex,some,0.24059213517939054
s05e06b,5,rms,auditory_cortex,full,-0.2947523393829283
s05e06b,5,rms,dorsal_str,some,-0.04145579645206186
s05e06b,5,rms,dorsal_str,full,0.14560457563498064
s05e06b,5,rms,ventral_str,some,-0.252603600977666
s05e06b,5,rms,ventral_str,full,0.05369918171176857
s05e06b,5,prob,rTPJ,some,0.5940483319310856
s05e06b,5,prob,rTPJ,full,-0.006151028383073381
s05e06b,5,prob,visual_cortex,some,0.11636684418682927
s05e06b,5,prob,visual_cortex,full,-0.21093543953671384
s05e06b,5,prob,auditory_cortex,some,0.6108865172223811
s05e06b,5,prob,auditory_cortex,full,-0.4732987415432791
s05e06b,5,prob,dorsal_str,some,0.35533136378014685
s05e06b,5,prob,dorsal_str,full,-0.11594268611538847
s05e06b,5,prob,ventral_str,some,0.26554636972810863
s05e06b,5,prob,ventral_str,full,-0.2935721431219235
s05e06b,5,humor,rTPJ,some,0.20570364203293628
s05e06b,5,humor,rTPJ,full,0.2428987809282862
s05e06b,5,humor,visual_cortex,some,0.09034655500613648
s05e06b,5,humor,visual_cortex,full,-0.299367966108826
s05e06b,5,humor,auditory_cortex,some,0.12219487151012559
s05e06b,5,humor,auditory_cortex,full,-0.28032381253892097
s05e06b,5,humor,dorsal_str,some,0.1488937684361738
s05e06b,5,humor,dorsal_str,full,-0.03928799830073926
s05e06b,5,humor,ventral_str,some,-0.1889606744138913
s05e06b,5,humor,ventral_str,full,0.050392485907928664
s05e07a,5,rms,rTPJ,some,0.14121160093369944
s05e07a,5,rms,rTPJ,full,0.004493103587771025
s05e07a,5,rms,visual_cortex,some,0.20311482041964057
s05e07a,5,rms,visual_cortex,full,0.6651923737195299
s05e07a,5,rms,auditory_cortex,some,-0.5978995484495943
s05e07a,5,rms,auditory_cortex,full,-0.6777800974282535
s05e07a,5,rms,dorsal_str,some,0.3138390525352056
s05e07a,5,rms,dorsal_str,full,0.09937712737336257
s05e07a,5,rms,ventral_str,some,0.28059691261578923
s05e07a,5,rms,ventral_str,full,-0.05776226721278164
s05e07a,5,prob,rTPJ,some,-0.03340732781206429
s05e07a,5,prob,rTPJ,full,0.21398494252999906
s05e07a,5,prob,visual_cortex,some,0.13426840342277205
s05e07a,5,prob,visual_cortex,full,1.0777828013775617
s05e07a,5,prob,auditory_cortex,some,-0.5112904734542051
s05e07a,5,prob,auditory_cortex,full,-0.8761415404792624
s05e07a,5,prob,dorsal_str,some,0.023302493215440985
s05e07a,5,prob,dorsal_str,full,0.45625986807414926
s05e07a,5,prob,ventral_str,some,-0.1003543258586406
s05e07a,5,prob,ventral_str,full,0.3736274080111741
s05e07a,5,humor,rTPJ,some,0.10690626833864576
s05e07a,5,humor,rTPJ,full,-0.010618806336114589
s05e07a,5,humor,visual_cortex,some,0.6094542840234028
s05e07a,5,humor,visual_cortex,full,0.30589518775707797
s05e07a,5,humor,auditory_cortex,some,-0.44190045438267583
s05e07a,5,humor,auditory_cortex,full,-0.9353842651626932
s05e07a,5,humor,dorsal_str,some,0.1413437915945499
s05e07a,5,humor,dorsal_str,full,0.24338831244852152
s05e07a,5,humor,ventral_str,some,-0.004703167279193891
s05e07a,5,humor,ventral_str,full,0.18803197971903512
s05e07b,5,rms,rTPJ,some,0.33658532625333126
s05e07b,5,rms,rTPJ,full,-0.1429210629199137
s05e07b,5,rms,visual_cortex,some,0.9323522170128937
s05e07b,5,rms,visual_cortex,full,-0.24510313043963328
s05e07b,5,rms,auditory_cortex,some,-0.8429386536376774
s05e07b,5,rms,auditory_cortex,full,-1.0193383226126136
s05e07b,5,rms,dorsal_str,some,0.1773339245460539
s05e07b,5,rms,dorsal_str,full,0.08044816656354353
s05e07b,5,rms,ventral_str,some,0.018925825000247854
s05e07b,5,rms,ventral_str,full,0.20099012170158684
s05e07b,5,prob,rTPJ,some,0.13987066114784324
s05e07b,5,prob,rTPJ,full,0.019304210523895915
s05e07b,5,prob,visual_cortex,some,-0.1352738522636418
s05e07b,5,prob,visual_cortex,full,0.5604282068210413
s05e07b,5,prob,auditory_cortex,some,-0.6991552708779435
s05e07b,5,prob,auditory_cortex,full,-1.1102140886264467
s05e07b,5,prob,dorsal_str,some,0.07759064036037593
s05e07b,5,prob,dorsal_str,full,0.1550155322778045
s05e07b,5,prob,ventral_str,some,0.09943213377660653
s05e07b,5,prob,ventral_str,full,0.13534396839933527
s05e07b,5,humor,rTPJ,some,0.032830632475953914
s05e07b,5,humor,rTPJ,full,0.154253846399133
s05e07b,5,humor,visual_cortex,some,0.33756195164288183
s05e07b,5,humor,visual_cortex,full,0.12571833984423114
s05e07b,5,humor,auditory_cortex,some,-0.8871936929363691
s05e07b,5,humor,auditory_cortex,full,-1.070325920163173
s05e07b,5,humor,dorsal_str,some,0.09848122765953424
s05e07b,5,humor,dorsal_str,full,0.18201002198999242
s05e07b,5,humor,ventral_str,some,0.14345830165883455
s05e07b,5,humor,ventral_str,full,0.06630330506968664
s05e08a,5,rms,rTPJ,some,0.4579076966648996
s05e08a,5,rms,rTPJ,full,1.0051024674201745
s05e08a,5,rms,visual_cortex,some,0.5830995801433779
s05e08a,5,rms,visual_cortex,full,0.5801097893306213
s05e08a,5,rms,auditory_cortex,some,-0.7815003798464467
s05e08a,5,rms,auditory_cortex,full,-1.133718223470734
s05e08a,5,rms,dorsal_str,some,-0.0439822197207157
s05e08a,5,rms,dorsal_str,full,-0.32187810942835293
s05e08a,5,rms,ventral_str,some,-0.048198564008716395
s05e08a,5,rms,ventral_str,full,-0.24904758749110212
s05e08a,5,prob,rTPJ,some,0.9743956256773155
s05e08a,5,prob,rTPJ,full,0.4679692817976762
s05e08a,5,prob,visual_cortex,some,0.5402991788309076
s05e08a,5,prob,visual_cortex,full,0.6259201928349261
s05e08a,5,prob,auditory_cortex,some,-0.8146638488456426
s05e08a,5,prob,auditory_cortex,full,-1.1089550534058257
s05e08a,5,prob,dorsal_str,some,-0.25820380413543165
s05e08a,5,prob,dorsal_str,full,-0.10065600955286856
s05e08a,5,prob,ventral_str,some,-0.2631402165079463
s05e08a,5,prob,ventral_str,full,-0.024689967514070474
s05e08a,5,humor,rTPJ,some,0.9334581122925267
s05e08a,5,humor,rTPJ,full,0.6394917548039396
s05e08a,5,humor,visual_cortex,some,0.32640755456817355
s05e08a,5,humor,visual_cortex,full,0.695207115211716
s05e08a,5,humor,auditory_cortex,some,-0.834347816286837
s05e08a,5,humor,auditory_cortex,full,-1.0111083667229772
s05e08a,5,humor,dorsal_str,some,-0.5056785323321091
s05e08a,5,humor,dorsal_str,full,-0.0381939261289643
s05e08a,5,humor,ventral_str,some,-0.3939982216742325
s05e08a,5,humor,ventral_str,full,-0.03862522677519854
s05e08b,5,rms,rTPJ,some,-0.11820608985820344
s05e08b,5,rms,rTPJ,full,-0.1482703748954526
s05e08b,5,rms,visual_cortex,some,0.27319144997045375
s05e08b,5,rms,visual_cortex,full,0.3254739688454764
s05e08b,5,rms,auditory_cortex,some,-0.8765816947187329
s05e08b,5,rms,auditory_cortex,full,-0.4256918121013357
s05e08b,5,rms,dorsal_str,some,-0.2136377668879146
s05e08b,5,rms,dorsal_str,full,0.258544350248929
s05e08b,5,rms,ventral_str,some,-0.5073256484801192
s05e08b,5,rms,ventral_str,full,0.2002342099834592
s05e08b,5,prob,rTPJ,some,-0.11156611692405884
s05e08b,5,prob,rTPJ,full,-0.20876923170642017
s05e08b,5,prob,visual_cortex,some,0.2788240189507809
s05e08b,5,prob,visual_cortex,full,0.38436032263548037
s05e08b,5,prob,auditory_cortex,some,-0.4340095287341857
s05e08b,5,prob,auditory_cortex,full,-0.9802084139934856
s05e08b,5,prob,dorsal_str,some,0.14335114186175357
s05e08b,5,prob,dorsal_str,full,-0.03504155989928526
s05e08b,5,prob,ventral_str,some,0.00933487542051941
s05e08b,5,prob,ventral_str,full,-0.19040199952973919
s05e08b,5,humor,rTPJ,some,-0.15922516682180363
s05e08b,5,humor,rTPJ,full,-0.11278778761618477
s05e08b,5,humor,visual_cortex,some,0.28473468316767003
s05e08b,5,humor,visual_cortex,full,0.3339514598468063
s05e08b,5,humor,auditory_cortex,some,-0.02017643037668347
s05e08b,5,humor,auditory_cortex,full,-1.240992189377031
s05e08b,5,humor,dorsal_str,some,0.14495140192541606
s05e08b,5,humor,dorsal_str,full,0.036560668622210274
s05e08b,5,humor,ventral_str,some,-0.055803113610860725
s05e08b,5,humor,ventral_str,full,-0.03166938946411636
s05e09a,5,rms,rTPJ,some,-0.15125739088067008
s05e09a,5,rms,rTPJ,full,0.22755890625518904
s05e09a,5,rms,visual_cortex,some,0.6394516003499323
s05e09a,5,rms,visual_cortex,full,0.629245454175351
s05e09a,5,rms,auditory_cortex,some,-0.7928590528218912
s05e09a,5,rms,auditory_cortex,full,-0.8823708954447803
s05e09a,5,rms,dorsal_str,some,0.49245109898078493
s05e09a,5,rms,dorsal_str,full,0.0688136898319664
s05e09a,5,rms,ventral_str,some,0.07098362990527805
s05e09a,5,rms,ventral_str,full,-0.008234874483094776
s05e09a,5,prob,rTPJ,some,0.34467024368225835
s05e09a,5,prob,rTPJ,full,-0.19980220864020257
s05e09a,5,prob,visual_cortex,some,1.2684467228511207
s05e09a,5,prob,visual_cortex,full,0.03193088236990124
s05e09a,5,prob,auditory_cortex,some,-0.7887677034666444
s05e09a,5,prob,auditory_cortex,full,-0.8963340613054215
s05e09a,5,prob,dorsal_str,some,0.36216071000855876
s05e09a,5,prob,dorsal_str,full,0.14457201655030227
s05e09a,5,prob,ventral_str,some,0.32959882342821634
s05e09a,5,prob,ventral_str,full,-0.2622772203922239
s05e09a,5,humor,rTPJ,some,0.06204894172423663
s05e09a,5,humor,rTPJ,full,0.0674981801333932
s05e09a,5,humor,visual_cortex,some,1.1140610594516431
s05e09a,5,humor,visual_cortex,full,0.2667989723506162
s05e09a,5,humor,auditory_cortex,some,-0.8534095323944499
s05e09a,5,humor,auditory_cortex,full,-0.8368017665239788
s05e09a,5,humor,dorsal_str,some,0.17147177700263017
s05e09a,5,humor,dorsal_str,full,0.3107527689336558
s05e09a,5,humor,ventral_str,some,-0.01810406518562257
s05e09a,5,humor,ventral_str,full,0.05919894769910375
s05e09b,5,rms,rTPJ,some,-0.12232384986026582
s05e09b,5,rms,rTPJ,full,0.15433794089763064
s05e09b,5,rms,visual_cortex,some,0.03597731172509208
s05e09b,5,rms,visual_cortex,full,0.6790439845749481
s05e09b,5,rms,auditory_cortex,some,-0.905738369931102
s05e09b,5,rms,auditory_cortex,full,-0.31130731249804794
s05e09b,5,rms,dorsal_str,some,-0.13422823706405604
s05e09b,5,rms,dorsal_str,full,0.36963679239145925
s05e09b,5,rms,ventral_str,some,-0.310090837249702
s05e09b,5,rms,ventral_str,full,0.08879418551528492
s05e09b,5,prob,rTPJ,some,-0.03824589751000887
s05e09b,5,prob,rTPJ,full,0.15018591472804146
s05e09b,5,prob,visual_cortex,some,0.4211992709347544
s05e09b,5,prob,visual_cortex,full,0.31126622852321817
s05e09b,5,prob,auditory_cortex,some,-0.4568729598301299
s05e09b,5,prob,auditory_cortex,full,-0.8263358851310477
s05e09b,5,prob,dorsal_str,some,0.19336622004553056
s05e09b,5,prob,dorsal_str,full,0.032863315908000235
s05e09b,5,prob,ventral_str,some,-0.06618471375395066
s05e09b,5,prob,ventral_str,full,-0.14868938929357373
s05e09b,5,humor,rTPJ,some,0.4213038200923406
s05e09b,5,humor,rTPJ,full,-0.20720731410581608
s05e09b,5,humor,visual_cortex,some,0.638791476531988
s05e09b,5,humor,visual_cortex,full,0.23123120393485444
s05e09b,5,humor,auditory_cortex,some,-0.0486645480469135
s05e09b,5,humor,auditory_cortex,full,-0.9033860728311983
s05e09b,5,humor,dorsal_str,some,0.36660343703628395
s05e09b,5,humor,dorsal_str,full,0.0018252826621081297
s05e09b,5,humor,ventral_str,some,-0.1297799175065716
s05e09b,5,humor,ventral_str,full,-0.07396084917905008
s05e10a,5,rms,rTPJ,some,1.3118665359818338
s05e10a,5,rms,rTPJ,full,1.4905901941844344
s05e10a,5,rms,visual_cortex,some,0.6253033250470196
s05e10a,5,rms,visual_cortex,full,0.9611189821905245
s05e10a,5,rms,auditory_cortex,some,-0.5437694479250679
s05e10a,5,rms,auditory_cortex,full,-0.0030491997506085222
s05e10a,5,rms,dorsal_str,some,0.3282889066448988
s05e10a,5,rms,dorsal_str,full,0.7919574697887397
s05e10a,5,rms,ventral_str,some,0.08879089974585198
s05e10a,5,rms,ventral_str,full,0.22146846103529721
s05e10a,5,prob,rTPJ,some,1.2923943337490584
s05e10a,5,prob,rTPJ,full,1.4848701441117298
s05e10a,5,prob,visual_cortex,some,0.35532660899519375
s05e10a,5,prob,visual_cortex,full,1.1574224055153999
s05e10a,5,prob,auditory_cortex,some,-0.5524613075156168
s05e10a,5,prob,auditory_cortex,full,-0.06490798575956153
s05e10a,5,prob,dorsal_str,some,0.40994986421878404
s05e10a,5,prob,dorsal_str,full,0.6598557322833634
s05e10a,5,prob,ventral_str,some,-0.03372060051831811
s05e10a,5,prob,ventral_str,full,0.3130840976497701
s05e10a,5,humor,rTPJ,some,1.2348947100070444
s05e10a,5,humor,rTPJ,full,1.5180404366941078
s05e10a,5,humor,visual_cortex,some,0.8561602069112911
s05e10a,5,humor,visual_cortex,full,0.7215869893337572
s05e10a,5,humor,auditory_cortex,some,-0.2072575089238547
s05e10a,5,humor,auditory_cortex,full,-0.36144079549847363
s05e10a,5,humor,dorsal_str,some,0.44477672962726084
s05e10a,5,humor,dorsal_str,full,0.6180419368333712
s05e10a,5,humor,ventral_str,some,-0.00022664927090708387
s05e10a,5,humor,ventral_str,full,0.26656016622213413
s05e10b,5,rms,rTPJ,some,0.4065878953170016
s05e10b,5,rms,rTPJ,full,0.7464660497671856
s05e10b,5,rms,visual_cortex,some,0.23524487102329517
s05e10b,5,rms,visual_cortex,full,0.719890697217424
s05e10b,5,rms,auditory_cortex,some,-0.4861176650853153
s05e10b,5,rms,auditory_cortex,full,-0.2550832426243931
s05e10b,5,rms,dorsal_str,some,0.18753483930010323
s05e10b,5,rms,dorsal_str,full,0.44027301167370536
s05e10b,5,rms,ventral_str,some,-0.03942916723028042
s05e10b,5,rms,ventral_str,full,0.4220715454968076
s05e10b,5,prob,rTPJ,some,0.944423615432724
s05e10b,5,prob,rTPJ,full,0.2898613292721201
s05e10b,5,prob,visual_cortex,some,0.5908883738102257
s05e10b,5,prob,visual_cortex,full,0.40033559247491024
s05e10b,5,prob,auditory_cortex,some,0.06002523540213306
s05e10b,5,prob,auditory_cortex,full,-0.7110031053273217
s05e10b,5,prob,dorsal_str,some,0.2947329503288779
s05e10b,5,prob,dorsal_str,full,0.33671965281636707
s05e10b,5,prob,ventral_str,some,0.2716375123970798
s05e10b,5,prob,ventral_str,full,0.14001993717922243
s05e10b,5,humor,rTPJ,some,0.7934827486758567
s05e10b,5,humor,rTPJ,full,0.39896963887944353
s05e10b,5,humor,visual_cortex,some,0.4241986305732177
s05e10b,5,humor,visual_cortex,full,0.5383420109549957
s05e10b,5,humor,auditory_cortex,some,-0.1565104949003271
s05e10b,5,humor,auditory_cortex,full,-0.5489520451990755
s05e10b,5,humor,dorsal_str,some,0.4447597013282578
s05e10b,5,humor,dorsal_str,full,0.2082475213682295
s05e10b,5,humor,ventral_str,some,0.3055170421955033
s05e10b,5,humor,ventral_str,full,0.10636548372163315
s05e11a,5,rms,rTPJ,some,0.6817438549119499
s05e11a,5,rms,rTPJ,full,0.7868647392197605
s05e11a,5,rms,visual_cortex,some,0.6553179312580972
s05e11a,5,rms,visual_cortex,full,-0.2651670687238977
s05e11a,5,rms,auditory_cortex,some,-0.6882422427585277
s05e11a,5,rms,auditory_cortex,full,-0.2631107197752232
s05e11a,5,rms,dorsal_str,some,0.4848512563218877
s05e11a,5,rms,dorsal_str,full,0.46380270656426653
s05e11a,5,rms,ventral_str,some,0.07227308411856669
s05e11a,5,rms,ventral_str,full,0.19157375254226897
s05e11a,5,prob,rTPJ,some,0.6392704018093601
s05e11a,5,prob,rTPJ,full,0.8526815689801477
s05e11a,5,prob,visual_cortex,some,0.033347221257035334
s05e11a,5,prob,visual_cortex,full,1.1264610919728375
s05e11a,5,prob,auditory_cortex,some,-0.5656927641026347
s05e11a,5,prob,auditory_cortex,full,-0.579705119424961
s05e11a,5,prob,dorsal_str,some,0.2804611900567801
s05e11a,5,prob,dorsal_str,full,0.8721667641983287
s05e11a,5,prob,ventral_str,some,0.023569981957629854
s05e11a,5,prob,ventral_str,full,0.26725943814973374
s05e11a,5,humor,rTPJ,some,1.0833434235287465
s05e11a,5,humor,rTPJ,full,0.47361559527180785
s05e11a,5,humor,visual_cortex,some,0.6443508509817972
s05e11a,5,humor,visual_cortex,full,0.24459886617884016
s05e11a,5,humor,auditory_cortex,some,-0.604991996725061
s05e11a,5,humor,auditory_cortex,full,-0.5483553747141017
s05e11a,5,humor,dorsal_str,some,0.4274131529276155
s05e11a,5,humor,dorsal_str,full,0.5118894527447438
s05e11a,5,humor,ventral_str,some,-0.07079237605655234
s05e11a,5,humor,ventral_str,full,0.21754730786494178
s05e11b,5,rms,rTPJ,some,0.43060393339434905
s05e11b,5,rms,rTPJ,full,0.6705190883175957
s05e11b,5,rms,visual_cortex,some,0.35378757301611713
s05e11b,5,rms,visual_cortex,full,0.6450793543125493
s05e11b,5,rms,auditory_cortex,some,-0.5079361216644828
s05e11b,5,rms,auditory_cortex,full,-0.15593049045241678
s05e11b,5,rms,dorsal_str,some,0.12583900012042845
s05e11b,5,rms,dorsal_str,full,0.16593350834800305
s05e11b,5,rms,ventral_str,some,0.08784025962907531
s05e11b,5,rms,ventral_str,full,0.18197090985395306
s05e11b,5,prob,rTPJ,some,0.508327136000032
s05e11b,5,prob,rTPJ,full,0.5881722079065802
s05e11b,5,prob,visual_cortex,some,0.7272175497867389
s05e11b,5,prob,visual_cortex,full,0.21393744001453205
s05e11b,5,prob,auditory_cortex,some,-0.08253034562785871
s05e11b,5,prob,auditory_cortex,full,-0.6462496470699436
s05e11b,5,prob,dorsal_str,some,0.3111251242008009
s05e11b,5,prob,dorsal_str,full,-0.05229139836406044
s05e11b,5,prob,ventral_str,some,0.06806836379786942
s05e11b,5,prob,ventral_str,full,0.20931295556098253
s05e11b,5,humor,rTPJ,some,0.6111212575696621
s05e11b,5,humor,rTPJ,full,0.3825074329888072
s05e11b,5,humor,visual_cortex,some,0.4200439393505138
s05e11b,5,humor,visual_cortex,full,0.669919847175099
s05e11b,5,humor,auditory_cortex,some,-0.20882020946095423
s05e11b,5,humor,auditory_cortex,full,-0.6624120693942311
s05e11b,5,humor,dorsal_str,some,0.10942415051627359
s05e11b,5,humor,dorsal_str,full,0.23189239797274255
s05e11b,5,humor,ventral_str,some,0.16397578141396438
s05e11b,5,humor,ventral_str,full,0.05596527825487558
s05e12a,5,rms,rTPJ,some,0.24339769580576473
s05e12a,5,rms,rTPJ,full,0.35478015278021297
s05e12a,5,rms,visual_cortex,some,0.05268676319818694
s05e12a,5,rms,visual_cortex,full,0.7153223437529682
s05e12a,5,rms,auditory_cortex,some,-0.8730452696788651
s05e12a,5,rms,auditory_cortex,full,-0.3730463648216352
s05e12a,5,rms,dorsal_str,some,0.0020931478703608633
s05e12a,5,rms,dorsal_str,full,0.21505895030572905
s05e12a,5,rms,ventral_str,some,0.1135556173870661
s05e12a,5,rms,ventral_str,full,0.14646493428032753
s05e12a,5,prob,rTPJ,some,0.35287843814422315
s05e12a,5,prob,rTPJ,full,0.22573080742272872
s05e12a,5,prob,visual_cortex,some,0.6686050091706099
s05e12a,5,prob,visual_cortex,full,0.00701568198000703
s05e12a,5,prob,auditory_cortex,some,-0.46645340931569246
s05e12a,5,prob,auditory_cortex,full,-0.8098796620883341
s05e12a,5,prob,dorsal_str,some,0.05034803644323828
s05e12a,5,prob,dorsal_str,full,0.23871210346851826
s05e12a,5,prob,ventral_str,some,0.05224833078489281
s05e12a,5,prob,ventral_str,full,0.26555517097192527
s05e12a,5,humor,rTPJ,some,0.5692203029550557
s05e12a,5,humor,rTPJ,full,0.15153873854783792
s05e12a,5,humor,visual_cortex,some,0.8088857779121059
s05e12a,5,humor,visual_cortex,full,0.19574323096825835
s05e12a,5,humor,auditory_cortex,some,-0.26006438439188195
s05e12a,5,humor,auditory_cortex,full,-0.789821409435667
s05e12a,5,humor,dorsal_str,some,0.04764923044071942
s05e12a,5,humor,dorsal_str,full,0.1632566167776664
s05e12a,5,humor,ventral_str,some,0.014683112129259004
s05e12a,5,humor,ventral_str,full,0.20023645677006524
s05e12b,5,rms,rTPJ,some,0.22889785642666322
s05e12b,5,rms,rTPJ,full,0.5600000375329225
s05e12b,5,rms,visual_cortex,some,0.13651475667285248
s05e12b,5,rms,visual_cortex,full,1.2564044335230449
s05e12b,5,rms,auditory_cortex,some,-1.0561298712677831
s05e12b,5,rms,auditory_cortex,full,0.13223947693250776
s05e12b,5,rms,dorsal_str,some,-0.06591311345385645
s05e12b,5,rms,dorsal_str,full,0.18570507803968597
s05e12b,5,rms,ventral_str,some,-0.15105960133286683
s05e12b,5,rms,ventral_str,full,0.12950804493801749
s05e12b,5,prob,rTPJ,some,0.5492855030779249
s05e12b,5,prob,rTPJ,full,0.33836939912770425
s05e12b,5,prob,visual_cortex,some,0.8678243800709373
s05e12b,5,prob,visual_cortex,full,1.093019086473363
s05e12b,5,prob,auditory_cortex,some,-0.2455023713162212
s05e12b,5,prob,auditory_cortex,full,-0.09870440698567742
s05e12b,5,prob,dorsal_str,some,-0.011714112954903409
s05e12b,5,prob,dorsal_str,full,0.33220514926013284
s05e12b,5,prob,ventral_str,some,-0.08503848319215854
s05e12b,5,prob,ventral_str,full,0.2835686032619078
s05e12b,5,humor,rTPJ,some,0.28121793943339574
s05e12b,5,humor,rTPJ,full,0.614337973634377
s05e12b,5,humor,visual_cortex,some,0.4202774447970629
s05e12b,5,humor,visual_cortex,full,1.3586432904028631
s05e12b,5,humor,auditory_cortex,some,0.39990162561954656
s05e12b,5,humor,auditory_cortex,full,-0.6411245336743527
s05e12b,5,humor,dorsal_str,some,0.1920532299953958
s05e12b,5,humor,dorsal_str,full,0.060384067317042545
s05e12b,5,humor,ventral_str,some,0.05430357415888731
s05e12b,5,humor,ventral_str,full,0.05259690342749259
s05e13a,5,rms,rTPJ,some,0.45579056347481595
s05e13a,5,rms,rTPJ,full,0.17291627341840243
s05e13a,5,rms,visual_cortex,some,0.9936288823019358
s05e13a,5,rms,visual_cortex,full,0.8896909267881307
s05e13a,5,rms,auditory_cortex,some,-0.8021704404525878
s05e13a,5,rms,auditory_cortex,full,-1.018698715097181
s05e13a,5,rms,dorsal_str,some,-0.13103275728173375
s05e13a,5,rms,dorsal_str,full,-0.055199316425003475
s05e13a,5,rms,ventral_str,some,-0.24479370311754473
s05e13a,5,rms,ventral_str,full,-0.17398125159905486
s05e13a,5,prob,rTPJ,some,0.27449711956073025
s05e13a,5,prob,rTPJ,full,0.25378299306801394
s05e13a,5,prob,visual_cortex,some,0.6414208214919426
s05e13a,5,prob,visual_cortex,full,1.2140255343996962
s05e13a,5,prob,auditory_cortex,some,-0.3775001016219489
s05e13a,5,prob,auditory_cortex,full,-1.5380503272701642
s05e13a,5,prob,dorsal_str,some,-0.063458812818701
s05e13a,5,prob,dorsal_str,full,-0.0964503544443393
s05e13a,5,prob,ventral_str,some,-0.37365693186348226
s05e13a,5,prob,ventral_str,full,-0.01447055267320091
s05e13a,5,humor,rTPJ,some,0.29623150145169536
s05e13a,5,humor,rTPJ,full,0.23148467300938344
s05e13a,5,humor,visual_cortex,some,0.830271095862906
s05e13a,5,humor,visual_cortex,full,1.018847907365489
s05e13a,5,humor,auditory_cortex,some,-1.3400920068633906
s05e13a,5,humor,auditory_cortex,full,-0.5465413731500963
s05e13a,5,humor,dorsal_str,some,-0.3819411425890966
s05e13a,5,humor,dorsal_str,full,0.2309337976993754
s05e13a,5,humor,ventral_str,some,-0.5364566128132238
s05e13a,5,humor,ventral_str,full,0.15216632185535028
s05e13b,5,rms,rTPJ,some,0.21300975097420916
s05e13b,5,rms,rTPJ,full,0.21522880422801582
s05e13b,5,rms,visual_cortex,some,1.1595739675238175
s05e13b,5,rms,visual_cortex,full,1.275258433971304
s05e13b,5,rms,auditory_cortex,some,-0.7137499045515974
s05e13b,5,rms,auditory_cortex,full,0.8274965546540887
s05e13b,5,rms,dorsal_str,some,0.6238344442531755
s05e13b,5,rms,dorsal_str,full,0.4189749069490678
s05e13b,5,rms,ventral_str,some,-0.003276915147894355
s05e13b,5,rms,ventral_str,full,0.2820216439877442
s05e13b,5,prob,rTPJ,some,-0.1009178242048669
s05e13b,5,prob,rTPJ,full,0.6995363607816535
s05e13b,5,prob,visual_cortex,some,1.076160981139041
s05e13b,5,prob,visual_cortex,full,1.505905031019031
s05e13b,5,prob,auditory_cortex,some,0.44428196281400134
s05e13b,5,prob,auditory_cortex,full,0.41359781085496417
s05e13b,5,prob,dorsal_str,some,0.5398871825441852
s05e13b,5,prob,dorsal_str,full,0.36647301135527677
s05e13b,5,prob,ventral_str,some,0.30705051514000836
s05e13b,5,prob,ventral_str,full,0.05795698665503593
s05e13b,5,humor,rTPJ,some,0.6572431182462237
s05e13b,5,humor,rTPJ,full,0.06481427459944647
s05e13b,5,humor,visual_cortex,some,1.6621368465469322
s05e13b,5,humor,visual_cortex,full,1.1045554506567483
s05e13b,5,humor,auditory_cortex,some,0.6013569496819448
s05e13b,5,humor,auditory_cortex,full,0.3749082267964908
s05e13b,5,humor,dorsal_str,some,0.2756083767129721
s05e13b,5,humor,dorsal_str,full,0.5378483952647036
s05e13b,5,humor,ventral_str,some,-0.08201619904142665
s05e13b,5,humor,ventral_str,full,0.30732298662980545
s05e14a,5,rms,rTPJ,some,0.5830979568990334
s05e14a,5,rms,rTPJ,full,0.3961545046285023
s05e14a,5,rms,visual_cortex,some,0.6512873398160822
s05e14a,5,rms,visual_cortex,full,0.4672697029017867
s05e14a,5,rms,auditory_cortex,some,-0.6977282375103249
s05e14a,5,rms,auditory_cortex,full,-0.2549847467391293
s05e14a,5,rms,dorsal_str,some,0.2911029128734347
s05e14a,5,rms,dorsal_str,full,0.20100990893200538
s05e14a,5,rms,ventral_str,some,0.37530050291412204
s05e14a,5,rms,ventral_str,full,-0.2800992748666441
s05e14a,5,prob,rTPJ,some,0.24113551483229395
s05e14a,5,prob,rTPJ,full,0.5943215590096195
s05e14a,5,prob,visual_cortex,some,0.19517432158114817
s05e14a,5,prob,visual_cortex,full,0.7319962522409305
s05e14a,5,prob,auditory_cortex,some,-0.2049896768049924
s05e14a,5,prob,auditory_cortex,full,-0.5394402745108098
s05e14a,5,prob,dorsal_str,some,0.027765506765181303
s05e14a,5,prob,dorsal_str,full,0.35395128466191456
s05e14a,5,prob,ventral_str,some,-0.21379497758555976
s05e14a,5,prob,ventral_str,full,0.05919274397525802
s05e14a,5,humor,rTPJ,some,0.3755052410595873
s05e14a,5,humor,rTPJ,full,0.5033608302446326
s05e14a,5,humor,visual_cortex,some,0.3751308084416917
s05e14a,5,humor,visual_cortex,full,0.6044375620074901
s05e14a,5,humor,auditory_cortex,some,0.010327820784263447
s05e14a,5,humor,auditory_cortex,full,-0.6042300524547332
s05e14a,5,humor,dorsal_str,some,0.062039009067096584
s05e14a,5,humor,dorsal_str,full,0.3095190779707932
s05e14a,5,humor,ventral_str,some,-0.597988629762016
s05e14a,5,humor,ventral_str,full,0.20391322881528356
s05e14b,5,rms,rTPJ,some,0.7360062045525296
s05e14b,5,rms,rTPJ,full,0.2792898421088759
s05e14b,5,rms,visual_cortex,some,0.7585201533539268
s05e14b,5,rms,visual_cortex,full,0.4992830853871827
s05e14b,5,rms,auditory_cortex,some,-0.2701405119751006
s05e14b,5,rms,auditory_cortex,full,-0.2880281871017651
s05e14b,5,rms,dorsal_str,some,0.2949946944965334
s05e14b,5,rms,dorsal_str,full,0.27758802403055455
s05e14b,5,rms,ventral_str,some,-0.09804221126188273
s05e14b,5,rms,ventral_str,full,-0.10682028703530372
s05e14b,5,prob,rTPJ,some,0.43124302871671333
s05e14b,5,prob,rTPJ,full,0.41038461072758914
s05e14b,5,prob,visual_cortex,some,0.7744128475228146
s05e14b,5,prob,visual_cortex,full,0.4382191689078446
s05e14b,5,prob,auditory_cortex,some,0.11001011045868872
s05e14b,5,prob,auditory_cortex,full,-0.5641199032673645
s05e14b,5,prob,dorsal_str,some,0.35582335640249935
s05e14b,5,prob,dorsal_str,full,0.23062360490994332
s05e14b,5,prob,ventral_str,some,-0.06860599827134911
s05e14b,5,prob,ventral_str,full,-0.1296152558273202
s05e14b,5,humor,rTPJ,some,0.41536754050196606
s05e14b,5,humor,rTPJ,full,0.4288964001332355
s05e14b,5,humor,visual_cortex,some,0.6353940524054722
s05e14b,5,humor,visual_cortex,full,0.42949196958741254
s05e14b,5,humor,auditory_cortex,some,-0.1274653691715045
s05e14b,5,humor,auditory_cortex,full,-0.6901064805634343
s05e14b,5,humor,dorsal_str,some,0.2127614963277023
s05e14b,5,humor,dorsal_str,full,0.46727675657009843
s05e14b,5,humor,ventral_str,some,-0.1806410262641529
s05e14b,5,humor,ventral_str,full,0.096921886572549
s05e15a,5,rms,rTPJ,some,0.13906974981932074
s05e15a,5,rms,rTPJ,full,0.07009529965108358
s05e15a,5,rms,visual_cortex,some,0.16792585077322028
s05e15a,5,rms,visual_cortex,full,0.21094370191185757
s05e15a,5,rms,auditory_cortex,some,-0.46525885733029476
s05e15a,5,rms,auditory_cortex,full,-0.11747374777980235
s05e15a,5,rms,dorsal_str,some,0.054774535679526025
s05e15a,5,rms,dorsal_str,full,0.26522613204656503
s05e15a,5,rms,ventral_str,some,0.027199525963662388
s05e15a,5,rms,ventral_str,full,0.08594793363974079
s05e15a,5,prob,rTPJ,some,0.27206252778401596
s05e15a,5,prob,rTPJ,full,-0.15405886650969125
s05e15a,5,prob,visual_cortex,some,0.14387258243785145
s05e15a,5,prob,visual_cortex,full,0.25933847564874496
s05e15a,5,prob,auditory_cortex,some,-0.16782931237657017
s05e15a,5,prob,auditory_cortex,full,-0.4896831963357986
s05e15a,5,prob,dorsal_str,some,0.15161661478167832
s05e15a,5,prob,dorsal_str,full,0.1690338293367894
s05e15a,5,prob,ventral_str,some,0.06078540368433146
s05e15a,5,prob,ventral_str,full,0.04892608242069153
s05e15a,5,humor,rTPJ,some,-0.16863687586713896
s05e15a,5,humor,rTPJ,full,0.2927638140904722
s05e15a,5,humor,visual_cortex,some,0.11098850416742614
s05e15a,5,humor,visual_cortex,full,0.24268059043433834
s05e15a,5,humor,auditory_cortex,some,-0.2095767616190607
s05e15a,5,humor,auditory_cortex,full,-0.35178429866301597
s05e15a,5,humor,dorsal_str,some,0.012231964376563827
s05e15a,5,humor,dorsal_str,full,0.25868279813135553
s05e15a,5,humor,ventral_str,some,-0.08773475077968028
s05e15a,5,humor,ventral_str,full,0.15477842971733555
s05e15b,5,rms,rTPJ,some,-0.041305966889556844
s05e15b,5,rms,rTPJ,full,0.5222786218433108
s05e15b,5,rms,visual_cortex,some,0.044916503621066695
s05e15b,5,rms,visual_cortex,full,0.5064367645461243
s05e15b,5,rms,auditory_cortex,some,-0.760207805792151
s05e15b,5,rms,auditory_cortex,full,-0.47463969319592947
s05e15b,5,rms,dorsal_str,some,-0.3143736914300887
s05e15b,5,rms,dorsal_str,full,-0.06378533031508803
s05e15b,5,rms,ventral_str,some,-0.1908190800510995
s05e15b,5,rms,ventral_str,full,0.0579067044554509
s05e15b,5,prob,rTPJ,some,0.16500454498952666
s05e15b,5,prob,rTPJ,full,0.6081640462957871
s05e15b,5,prob,visual_cortex,some,0.45544325546041325
s05e15b,5,prob,visual_cortex,full,0.32341981109840334
s05e15b,5,prob,auditory_cortex,some,-0.5937879947286303
s05e15b,5,prob,auditory_cortex,full,-0.4960188784029417
s05e15b,5,prob,dorsal_str,some,-0.2625876386278954
s05e15b,5,prob,dorsal_str,full,0.01629481954046623
s05e15b,5,prob,ventral_str,some,-0.0994713766010236
s05e15b,5,prob,ventral_str,full,0.09549884148132348
s05e15b,5,humor,rTPJ,some,0.0391816498991312
s05e15b,5,humor,rTPJ,full,0.8523918481053808
s05e15b,5,humor,visual_cortex,some,0.219646478194723
s05e15b,5,humor,visual_cortex,full,0.62693673360994
s05e15b,5,humor,auditory_cortex,some,-0.5590308352149432
s05e15b,5,humor,auditory_cortex,full,-0.5282148683029695
s05e15b,5,humor,dorsal_str,some,-0.303455382167109
s05e15b,5,humor,dorsal_str,full,0.11723580781643902
s05e15b,5,humor,ventral_str,some,-0.10448251478370724
s05e15b,5,humor,ventral_str,full,0.1336286034608562
s05e16a,5,rms,rTPJ,some,0.5173388165729012
s05e16a,5,rms,rTPJ,full,0.36587927818457844
s05e16a,5,rms,visual_cortex,some,0.4451696029847082
s05e16a,5,rms,visual_cortex,full,0.17999938520267095
s05e16a,5,rms,auditory_cortex,some,-0.06693381179555127
s05e16a,5,rms,auditory_cortex,full,-0.048408336957269066
s05e16a,5,rms,dorsal_str,some,0.1787003856796726
s05e16a,5,rms,dorsal_str,full,0.3222522158584348
s05e16a,5,rms,ventral_str,some,0.06198478549431714
s05e16a,5,rms,ventral_str,full,0.2216171257616832
s05e16a,5,prob,rTPJ,some,0.7180492050013452
s05e16a,5,prob,rTPJ,full,0.16079870378054872
s05e16a,5,prob,visual_cortex,some,0.5993113597417868
s05e16a,5,prob,visual_cortex,full,0.04344379477039226
s05e16a,5,prob,auditory_cortex,some,0.2824712988140197
s05e16a,5,prob,auditory_cortex,full,-0.4451236401924691
s05e16a,5,prob,dorsal_str,some,0.2993726880916927
s05e16a,5,prob,dorsal_str,full,0.16594411875583243
s05e16a,5,prob,ventral_str,some,0.23822563625596085
s05e16a,5,prob,ventral_str,full,0.0003684886542432708
s05e16a,5,humor,rTPJ,some,0.5304305399677942
s05e16a,5,humor,rTPJ,full,0.3307553762599893
s05e16a,5,humor,visual_cortex,some,0.23795481005264418
s05e16a,5,humor,visual_cortex,full,0.5072213525279222
s05e16a,5,humor,auditory_cortex,some,0.1602366042925628
s05e16a,5,humor,auditory_cortex,full,-0.43052465032679993
s05e16a,5,humor,dorsal_str,some,0.21424194576846933
s05e16a,5,humor,dorsal_str,full,0.2745515795824689
s05e16a,5,humor,ventral_str,some,0.056582438136596656
s05e16a,5,humor,ventral_str,full,0.24445517748498935
s05e16b,5,rms,rTPJ,some,0.26694674422522446
s05e16b,5,rms,rTPJ,full,0.20079208937197351
s05e16b,5,rms,visual_cortex,some,0.06492707990476375
s05e16b,5,rms,visual_cortex,full,0.26223225885628937
s05e16b,5,rms,auditory_cortex,some,-0.5615372547666715
s05e16b,5,rms,auditory_cortex,full,-0.45272394611461886
s05e16b,5,rms,dorsal_str,some,0.03177075466972536
s05e16b,5,rms,dorsal_str,full,0.2489691778955648
s05e16b,5,rms,ventral_str,some,-0.027710665867462236
s05e16b,5,rms,ventral_str,full,0.09050268634645019
s05e16b,5,prob,rTPJ,some,0.24464901512256432
s05e16b,5,prob,rTPJ,full,0.21970750995713942
s05e16b,5,prob,visual_cortex,some,0.007377372257195724
s05e16b,5,prob,visual_cortex,full,0.2787758987573451
s05e16b,5,prob,auditory_cortex,some,-0.05097678703780037
s05e16b,5,prob,auditory_cortex,full,-0.7625410818660632
s05e16b,5,prob,dorsal_str,some,0.12514702662992466
s05e16b,5,prob,dorsal_str,full,0.1750045459609404
s05e16b,5,prob,ventral_str,some,-0.026591329076950686
s05e16b,5,prob,ventral_str,full,0.0794775073616714
s05e16b,5,humor,rTPJ,some,0.1660434863687043
s05e16b,5,humor,rTPJ,full,0.30092290723163906
s05e16b,5,humor,visual_cortex,some,-0.1576396880966704
s05e16b,5,humor,visual_cortex,full,0.5626598943589547
s05e16b,5,humor,auditory_cortex,some,-0.4476655228425152
s05e16b,5,humor,auditory_cortex,full,-0.5578060535184939
s05e16b,5,humor,dorsal_str,some,0.019011887209158085
s05e16b,5,humor,dorsal_str,full,0.3139192798997218
s05e16b,5,humor,ventral_str,some,0.046525602380150036
s05e16b,5,humor,ventral_str,full,0.032955621802745576
s05e17a,5,rms,rTPJ,some,1.0918787572655975
s05e17a,5,rms,rTPJ,full,0.5035810553893371
s05e17a,5,rms,visual_cortex,some,0.7498492611057946
s05e17a,5,rms,visual_cortex,full,0.26643701696190286
s05e17a,5,rms,auditory_cortex,some,-0.7619325943261646
s05e17a,5,rms,auditory_cortex,full,-0.7819978671341032
s05e17a,5,rms,dorsal_str,some,0.25790514296721256
s05e17a,5,rms,dorsal_str,full,0.18559346980935248
s05e17a,5,rms,ventral_str,some,-0.024372738522014
s05e17a,5,rms,ventral_str,full,-0.1463407225713201
s05e17a,5,prob,rTPJ,some,0.9101482671766928
s05e17a,5,prob,rTPJ,full,0.507054225045337
s05e17a,5,prob,visual_cortex,some,0.49726208564480423
s05e17a,5,prob,visual_cortex,full,0.31585691129819127
s05e17a,5,prob,auditory_cortex,some,-0.0672868788833837
s05e17a,5,prob,auditory_cortex,full,-1.0979407174173859
s05e17a,5,prob,dorsal_str,some,0.4747390267995461
s05e17a,5,prob,dorsal_str,full,0.07816058934002637
s05e17a,5,prob,ventral_str,some,0.3374737529789207
s05e17a,5,prob,ventral_str,full,-0.32579471770747376
s05e17a,5,humor,rTPJ,some,0.46489768953320165
s05e17a,5,humor,rTPJ,full,0.9204994865687757
s05e17a,5,humor,visual_cortex,some,0.24534624037040428
s05e17a,5,humor,visual_cortex,full,0.5906173080384478
s05e17a,5,humor,auditory_cortex,some,-0.8184685304726483
s05e17a,5,humor,auditory_cortex,full,-0.7072836160680187
s05e17a,5,humor,dorsal_str,some,0.1785332862382128
s05e17a,5,humor,dorsal_str,full,0.24080718389075878
s05e17a,5,humor,ventral_str,some,-0.08562813811516666
s05e17a,5,humor,ventral_str,full,-0.17819032977306648
s05e17b,5,rms,rTPJ,some,0.4186896793917467
s05e17b,5,rms,rTPJ,full,0.46377359118724454
s05e17b,5,rms,visual_cortex,some,0.8020867419668167
s05e17b,5,rms,visual_cortex,full,0.3394944890573978
s05e17b,5,rms,auditory_cortex,some,-1.1968276148831662
s05e17b,5,rms,auditory_cortex,full,-0.3171251453888423
s05e17b,5,rms,dorsal_str,some,-0.09464930131780254
s05e17b,5,rms,dorsal_str,full,0.16796847946920057
s05e17b,5,rms,ventral_str,some,-0.24444826038444908
s05e17b,5,rms,ventral_str,full,-0.0706358016633646
s05e17b,5,prob,rTPJ,some,0.15993930955450755
s05e17b,5,prob,rTPJ,full,0.6166935006023077
s05e17b,5,prob,visual_cortex,some,0.7146258896598666
s05e17b,5,prob,visual_cortex,full,0.29440768859857785
s05e17b,5,prob,auditory_cortex,some,-0.28849555460508597
s05e17b,5,prob,auditory_cortex,full,-0.6437232787158096
s05e17b,5,prob,dorsal_str,some,-0.13771353239514422
s05e17b,5,prob,dorsal_str,full,0.24508775981461597
s05e17b,5,prob,ventral_str,some,-0.06647700439493898
s05e17b,5,prob,ventral_str,full,-0.13433300270674545
s05e17b,5,humor,rTPJ,some,0.5371036884447372
s05e17b,5,humor,rTPJ,full,0.24318361893056326
s05e17b,5,humor,visual_cortex,some,0.274920432451051
s05e17b,5,humor,visual_cortex,full,0.8714173974189348
s05e17b,5,humor,auditory_cortex,some,-0.5383654294074167
s05e17b,5,humor,auditory_cortex,full,-0.46263448814449426
s05e17b,5,humor,dorsal_str,some,0.10822361625318441
s05e17b,5,humor,dorsal_str,full,0.10866562534243523
s05e17b,5,humor,ventral_str,some,-0.12151062723152833
s05e17b,5,humor,ventral_str,full,-0.08135714604541693
s05e18a,5,rms,rTPJ,some,0.7031454217822051
s05e18a,5,rms,rTPJ,full,-0.0893630504421028
s05e18a,5,rms,visual_cortex,some,0.2845882559570161
s05e18a,5,rms,visual_cortex,full,0.16344940941483493
s05e18a,5,rms,auditory_cortex,some,-0.603022267923539
s05e18a,5,rms,auditory_cortex,full,-0.453997221007396
s05e18a,5,rms,dorsal_str,some,0.1640644767983749
s05e18a,5,rms,dorsal_str,full,0.33914403914627067
s05e18a,5,rms,ventral_str,some,-0.19393126726221374
s05e18a,5,rms,ventral_str,full,0.0037809514824448387
s05e18a,5,prob,rTPJ,some,0.1302528562171832
s05e18a,5,prob,rTPJ,full,0.29199291420830015
s05e18a,5,prob,visual_cortex,some,-0.15235395538499824
s05e18a,5,prob,visual_cortex,full,0.5225705376587121
s05e18a,5,prob,auditory_cortex,some,-0.17851221800426784
s05e18a,5,prob,auditory_cortex,full,-0.7984748677555266
s05e18a,5,prob,dorsal_str,some,0.2154119222821283
s05e18a,5,prob,dorsal_str,full,0.31965973980167334
s05e18a,5,prob,ventral_str,some,-0.13164190699486406
s05e18a,5,prob,ventral_str,full,-0.021928243215303525
s05e18a,5,humor,rTPJ,some,0.6115560096517603
s05e18a,5,humor,rTPJ,full,0.06337943100897177
s05e18a,5,humor,visual_cortex,some,0.40751196889603813
s05e18a,5,humor,visual_cortex,full,0.13340811580061077
s05e18a,5,humor,auditory_cortex,some,-0.31432542688855825
s05e18a,5,humor,auditory_cortex,full,-0.5885714412967148
s05e18a,5,humor,dorsal_str,some,0.5052671346080795
s05e18a,5,humor,dorsal_str,full,0.1802494595740383
s05e18a,5,humor,ventral_str,some,0.06814504785750744
s05e18a,5,humor,ventral_str,full,-0.12760316223355578
s05e18b,5,rms,rTPJ,some,0.7471447155847837
s05e18b,5,rms,rTPJ,full,-0.04886700240113023
s05e18b,5,rms,visual_cortex,some,0.7204734215925241
s05e18b,5,rms,visual_cortex,full,0.5346231214684041
s05e18b,5,rms,auditory_cortex,some,-0.9416955316565699
s05e18b,5,rms,auditory_cortex,full,-0.11805983864862468
s05e18b,5,rms,dorsal_str,some,0.22058663747589657
s05e18b,5,rms,dorsal_str,full,0.44057324125230346
s05e18b,5,rms,ventral_str,some,0.150363446509871
s05e18b,5,rms,ventral_str,full,0.3212293183148103
s05e18b,5,prob,rTPJ,some,0.5096042799441702
s05e18b,5,prob,rTPJ,full,0.12434861653224812
s05e18b,5,prob,visual_cortex,some,0.7980089158397359
s05e18b,5,prob,visual_cortex,full,0.4851700517323311
s05e18b,5,prob,auditory_cortex,some,-0.33252637788621553
s05e18b,5,prob,auditory_cortex,full,-0.5429072485754189
s05e18b,5,prob,dorsal_str,some,0.15316387752902044
s05e18b,5,prob,dorsal_str,full,0.4826481145718363
s05e18b,5,prob,ventral_str,some,0.03213489813881023
s05e18b,5,prob,ventral_str,full,0.39842602862997023
s05e18b,5,humor,rTPJ,some,0.15345622350848798
s05e18b,5,humor,rTPJ,full,0.3727451752773497
s05e18b,5,humor,visual_cortex,some,0.8149465760578809
s05e18b,5,humor,visual_cortex,full,0.46135779161878865
s05e18b,5,humor,auditory_cortex,some,-0.4929326004405285
s05e18b,5,humor,auditory_cortex,full,-0.43236716720664853
s05e18b,5,humor,dorsal_str,some,0.034941978590887296
s05e18b,5,humor,dorsal_str,full,0.5816742870915139
s05e18b,5,humor,ventral_str,some,0.14080479773030513
s05e18b,5,humor,ventral_str,full,0.33164652519778137
s05e19a,5,rms,rTPJ,some,0.17032221533386732
s05e19a,5,rms,rTPJ,full,0.2285118083458693
s05e19a,5,rms,visual_cortex,some,-0.2954463240017776
s05e19a,5,rms,visual_cortex,full,-0.17831697629720938
s05e19a,5,rms,auditory_cortex,some,-1.0837785071023656
s05e19a,5,rms,auditory_cortex,full,-1.0641769960934755
s05e19a,5,rms,dorsal_str,some,0.1486417853881897
s05e19a,5,rms,dorsal_str,full,-0.018257935893546955
s05e19a,5,rms,ventral_str,some,0.21665818896631703
s05e19a,5,rms,ventral_str,full,0.02007156268531179
s05e19a,5,prob,rTPJ,some,0.3531571683080873
s05e19a,5,prob,rTPJ,full,0.07253373960035986
s05e19a,5,prob,visual_cortex,some,-0.007583006844216589
s05e19a,5,prob,visual_cortex,full,-0.41946093268837736
s05e19a,5,prob,auditory_cortex,some,-0.8289410137419002
s05e19a,5,prob,auditory_cortex,full,-1.2922716980143627
s05e19a,5,prob,dorsal_str,some,-0.1317906288674203
s05e19a,5,prob,dorsal_str,full,0.2074844411736173
s05e19a,5,prob,ventral_str,some,-0.10320173575934395
s05e19a,5,prob,ventral_str,full,0.2764708433043303
s05e19a,5,humor,rTPJ,some,0.3791718443640359
s05e19a,5,humor,rTPJ,full,0.15703134874514152
s05e19a,5,humor,visual_cortex,some,-0.2856411551838834
s05e19a,5,humor,visual_cortex,full,-0.20575197219403546
s05e19a,5,humor,auditory_cortex,some,-0.44046124196719
s05e19a,5,humor,auditory_cortex,full,-1.250755600839417
s05e19a,5,humor,dorsal_str,some,0.22101026673725302
s05e19a,5,humor,dorsal_str,full,-0.003652422157822313
s05e19a,5,humor,ventral_str,some,0.012599143861963702
s05e19a,5,humor,ventral_str,full,0.1193240391248131
s05e19b,5,rms,rTPJ,some,0.11050206303605217
s05e19b,5,rms,rTPJ,full,0.029617574832791663
s05e19b,5,rms,visual_cortex,some,0.3007519141257507
s05e19b,5,rms,visual_cortex,full,0.1637744001319868
s05e19b,5,rms,auditory_cortex,some,-0.4579314830750816
s05e19b,5,rms,auditory_cortex,full,-0.6786592685716681
s05e19b,5,rms,dorsal_str,some,0.2635084508287942
s05e19b,5,rms,dorsal_str,full,0.3441268616235499
s05e19b,5,rms,ventral_str,some,0.0459436531500923
s05e19b,5,rms,ventral_str,full,0.023244161161077158
s05e19b,5,prob,rTPJ,some,-0.0072939158017499076
s05e19b,5,prob,rTPJ,full,0.1508955562104321
s05e19b,5,prob,visual_cortex,some,0.45763617085221897
s05e19b,5,prob,visual_cortex,full,-0.14659003189357464
s05e19b,5,prob,auditory_cortex,some,-0.3362670340039637
s05e19b,5,prob,auditory_cortex,full,-0.9889948894010829
s05e19b,5,prob,dorsal_str,some,0.34447174964371474
s05e19b,5,prob,dorsal_str,full,0.27599208851850776
s05e19b,5,prob,ventral_str,some,0.02683335646445388
s05e19b,5,prob,ventral_str,full,0.03709377184868154
s05e19b,5,humor,rTPJ,some,0.09069658387480409
s05e19b,5,humor,rTPJ,full,-0.01898848538529774
s05e19b,5,humor,visual_cortex,some,0.27760450456411495
s05e19b,5,humor,visual_cortex,full,0.057671525425873456
s05e19b,5,humor,auditory_cortex,some,-0.6437658873726168
s05e19b,5,humor,auditory_cortex,full,-0.5096548404218967
s05e19b,5,humor,dorsal_str,some,0.1361135502619026
s05e19b,5,humor,dorsal_str,full,0.729351023747251
s05e19b,5,humor,ventral_str,some,-0.11170029683367272
s05e19b,5,humor,ventral_str,full,0.35771250652916775
s05e21a,5,rms,rTPJ,some,0.49391793872137557
s05e21a,5,rms,rTPJ,full,0.337640482660831
s05e21a,5,rms,visual_cortex,some,0.7984123643009529
s05e21a,5,rms,visual_cortex,full,0.6964737840490582
s05e21a,5,rms,auditory_cortex,some,-0.9884288662579721
s05e21a,5,rms,auditory_cortex,full,-0.7764642347007427
s05e21a,5,rms,dorsal_str,some,0.28406276111593387
s05e21a,5,rms,dorsal_str,full,0.4137916527065376
s05e21a,5,rms,ventral_str,some,-0.11528613012380153
s05e21a,5,rms,ventral_str,full,0.370791250515438
s05e21a,5,prob,rTPJ,some,0.48709027367071517
s05e21a,5,prob,rTPJ,full,0.37921504232112063
s05e21a,5,prob,visual_cortex,some,-0.04607967043972326
s05e21a,5,prob,visual_cortex,full,1.252855896899846
s05e21a,5,prob,auditory_cortex,some,-0.5315654560483871
s05e21a,5,prob,auditory_cortex,full,-1.1148639095580977
s05e21a,5,prob,dorsal_str,some,0.2313614265852391
s05e21a,5,prob,dorsal_str,full,0.416055078698903
s05e21a,5,prob,ventral_str,some,0.041017471176284834
s05e21a,5,prob,ventral_str,full,0.15638125291946575
s05e21a,5,humor,rTPJ,some,0.012124602582464755
s05e21a,5,humor,rTPJ,full,0.5103957329585316
s05e21a,5,humor,visual_cortex,some,-0.09908766141438519
s05e21a,5,humor,visual_cortex,full,0.9368316474606573
s05e21a,5,humor,auditory_cortex,some,-1.1487056262129467
s05e21a,5,humor,auditory_cortex,full,-0.832645724593827
s05e21a,5,humor,dorsal_str,some,0.4842056056367331
s05e21a,5,humor,dorsal_str,full,0.31412175625855043
s05e21a,5,humor,ventral_str,some,0.20248315798986913
s05e21a,5,humor,ventral_str,full,0.09193791364778552
s05e21b,5,rms,rTPJ,some,1.0890399057014415
s05e21b,5,rms,rTPJ,full,0.6961451075204816
s05e21b,5,rms,visual_cortex,some,1.8142645505607775
s05e21b,5,rms,visual_cortex,full,0.8834000268629705
s05e21b,5,rms,auditory_cortex,some,-0.2754236232355509
s05e21b,5,rms,auditory_cortex,full,-0.6596971348999751
s05e21b,5,rms,dorsal_str,some,0.4725843160070818
s05e21b,5,rms,dorsal_str,full,0.23839034194668335
s05e21b,5,rms,ventral_str,some,-0.08992732011465397
s05e21b,5,rms,ventral_str,full,0.13398896962695597
s05e21b,5,prob,rTPJ,some,0.7102741580499633
s05e21b,5,prob,rTPJ,full,0.9828900230509587
s05e21b,5,prob,visual_cortex,some,0.9650109033185101
s05e21b,5,prob,visual_cortex,full,1.5141753764916293
s05e21b,5,prob,auditory_cortex,some,-0.8225525618854891
s05e21b,5,prob,auditory_cortex,full,-0.20088774564920708
s05e21b,5,prob,dorsal_str,some,0.07036854157756253
s05e21b,5,prob,dorsal_str,full,0.5874348586770624
s05e21b,5,prob,ventral_str,some,-0.16377936691350914
s05e21b,5,prob,ventral_str,full,0.26304329634255574
s05e21b,5,humor,rTPJ,some,0.49715865721421215
s05e21b,5,humor,rTPJ,full,1.20760832647447
s05e21b,5,humor,visual_cortex,some,1.1549069071365423
s05e21b,5,humor,visual_cortex,full,1.3247603118510365
s05e21b,5,humor,auditory_cortex,some,-0.3810259928067905
s05e21b,5,humor,auditory_cortex,full,-0.6502458910791
s05e21b,5,humor,dorsal_str,some,0.17790795504696294
s05e21b,5,humor,dorsal_str,full,0.48298267771860226
s05e21b,5,humor,ventral_str,some,-0.03722217995134594
s05e21b,5,humor,ventral_str,full,0.137637544159573
s05e22a,5,rms,rTPJ,some,0.896516578395679
s05e22a,5,rms,rTPJ,full,0.7793542649859792
s05e22a,5,rms,visual_cortex,some,0.760211005074917
s05e22a,5,rms,visual_cortex,full,0.3489051598065832
s05e22a,5,rms,auditory_cortex,some,-0.3565954301571612
s05e22a,5,rms,auditory_cortex,full,-0.5646374367511674
s05e22a,5,rms,dorsal_str,some,0.30212423963526003
s05e22a,5,rms,dorsal_str,full,0.32012581354763286
s05e22a,5,rms,ventral_str,some,-0.2683102615981544
s05e22a,5,rms,ventral_str,full,0.1078007070310707
s05e22a,5,prob,rTPJ,some,1.3286497154739387
s05e22a,5,prob,rTPJ,full,0.44052488310591686
s05e22a,5,prob,visual_cortex,some,1.068758242333876
s05e22a,5,prob,visual_cortex,full,0.11404717675061224
s05e22a,5,prob,auditory_cortex,some,0.5152636669013098
s05e22a,5,prob,auditory_cortex,full,-1.2488611208116447
s05e22a,5,prob,dorsal_str,some,0.41906726486404755
s05e22a,5,prob,dorsal_str,full,0.2273599608643909
s05e22a,5,prob,ventral_str,some,0.07715467043035015
s05e22a,5,prob,ventral_str,full,-0.17320936354761055
s05e22a,5,humor,rTPJ,some,1.0619767541173553
s05e22a,5,humor,rTPJ,full,0.7099094363498601
s05e22a,5,humor,visual_cortex,some,0.6470762181206864
s05e22a,5,humor,visual_cortex,full,0.47573162619609244
s05e22a,5,humor,auditory_cortex,some,-0.3482555503303268
s05e22a,5,humor,auditory_cortex,full,-0.5355012466729345
s05e22a,5,humor,dorsal_str,some,0.3702391055023073
s05e22a,5,humor,dorsal_str,full,0.28084357416164496
s05e22a,5,humor,ventral_str,some,-0.10567334421171545
s05e22a,5,humor,ventral_str,full,-0.03977916410490627
s05e22b,5,rms,rTPJ,some,0.6983749450357641
s05e22b,5,rms,rTPJ,full,0.5248303194002014
s05e22b,5,rms,visual_cortex,some,1.2425087361315492
s05e22b,5,rms,visual_cortex,full,0.7221054872179898
s05e22b,5,rms,auditory_cortex,some,-0.24924635221836985
s05e22b,5,rms,auditory_cortex,full,-0.548632307501692
s05e22b,5,rms,dorsal_str,some,0.35250213625095345
s05e22b,5,rms,dorsal_str,full,0.09644447896877856
s05e22b,5,rms,ventral_str,some,0.26172549808576334
s05e22b,5,rms,ventral_str,full,-0.015386517696565913
s05e22b,5,prob,rTPJ,some,0.5258448571596672
s05e22b,5,prob,rTPJ,full,0.7029825459530229
s05e22b,5,prob,visual_cortex,some,0.8024842576663592
s05e22b,5,prob,visual_cortex,full,1.1287414753469385
s05e22b,5,prob,auditory_cortex,some,-0.33288524308473416
s05e22b,5,prob,auditory_cortex,full,-0.5943335703407808
s05e22b,5,prob,dorsal_str,some,0.011909445231765459
s05e22b,5,prob,dorsal_str,full,0.501229468385933
s05e22b,5,prob,ventral_str,some,0.042713397375716285
s05e22b,5,prob,ventral_str,full,0.17590648295122638
s05e22b,5,humor,rTPJ,some,0.8275360529174445
s05e22b,5,humor,rTPJ,full,0.5213054684461699
s05e22b,5,humor,visual_cortex,some,1.190319689281824
s05e22b,5,humor,visual_cortex,full,0.8451427805133047
s05e22b,5,humor,auditory_cortex,some,0.1645012038609693
s05e22b,5,humor,auditory_cortex,full,-0.6127549648206264
s05e22b,5,humor,dorsal_str,some,0.0754316609630909
s05e22b,5,humor,dorsal_str,full,0.2334058011119171
s05e22b,5,humor,ventral_str,some,-0.15156742118471428
s05e22b,5,humor,ventral_str,full,0.16732203812536436
s05e23a,5,rms,rTPJ,some,0.3090294405150233
s05e23a,5,rms,rTPJ,full,0.4803637821618648
s05e23a,5,rms,visual_cortex,some,0.2125199539495055
s05e23a,5,rms,visual_cortex,full,0.704945216846909
s05e23a,5,rms,auditory_cortex,some,-0.8353297668767211
s05e23a,5,rms,auditory_cortex,full,-0.2435336733202958
s05e23a,5,rms,dorsal_str,some,0.19127158335241196
s05e23a,5,rms,dorsal_str,full,0.31722782067808536
s05e23a,5,rms,ventral_str,some,-0.06103989331301482
s05e23a,5,rms,ventral_str,full,0.1869092528106583
s05e23a,5,prob,rTPJ,some,0.5992011444466837
s05e23a,5,prob,rTPJ,full,0.23700516925718218
s05e23a,5,prob,visual_cortex,some,0.797119021867249
s05e23a,5,prob,visual_cortex,full,0.2142844100797498
s05e23a,5,prob,auditory_cortex,some,-0.12902303498285156
s05e23a,5,prob,auditory_cortex,full,-0.8363371359074837
s05e23a,5,prob,dorsal_str,some,0.28025039521823786
s05e23a,5,prob,dorsal_str,full,0.2424171431878398
s05e23a,5,prob,ventral_str,some,0.05649209946988944
s05e23a,5,prob,ventral_str,full,0.08788446493686679
s05e23a,5,humor,rTPJ,some,0.21057207499186614
s05e23a,5,humor,rTPJ,full,0.4722465428296596
s05e23a,5,humor,visual_cortex,some,0.3305662463545085
s05e23a,5,humor,visual_cortex,full,0.5346071155854906
s05e23a,5,humor,auditory_cortex,some,-0.14969073103330566
s05e23a,5,humor,auditory_cortex,full,-0.6475857959574652
s05e23a,5,humor,dorsal_str,some,0.26655391929119543
s05e23a,5,humor,dorsal_str,full,0.25712889716620996
s05e23a,5,humor,ventral_str,some,0.015195744156781515
s05e23a,5,humor,ventral_str,full,0.09498222444316011
s05e23b,5,rms,rTPJ,some,0.6515251507904385
s05e23b,5,rms,rTPJ,full,0.3956739825091872
s05e23b,5,rms,visual_cortex,some,0.8339383370299721
s05e23b,5,rms,visual_cortex,full,0.7491227768765321
s05e23b,5,rms,auditory_cortex,some,-0.43603498821366793
s05e23b,5,rms,auditory_cortex,full,-0.4218970169884093
s05e23b,5,rms,dorsal_str,some,0.3828626309239116
s05e23b,5,rms,dorsal_str,full,0.26425921032391964
s05e23b,5,rms,ventral_str,some,0.21076274918591523
s05e23b,5,rms,ventral_str,full,-0.07210973586183338
s05e23b,5,prob,rTPJ,some,0.26610915727641066
s05e23b,5,prob,rTPJ,full,0.6315507602248358
s05e23b,5,prob,visual_cortex,some,0.639246147796489
s05e23b,5,prob,visual_cortex,full,0.8798943506427876
s05e23b,5,prob,auditory_cortex,some,-0.27889385274817413
s05e23b,5,prob,auditory_cortex,full,-0.5416519353649996
s05e23b,5,prob,dorsal_str,some,0.16718904702723916
s05e23b,5,prob,dorsal_str,full,0.4026776825028846
s05e23b,5,prob,ventral_str,some,0.04897552000543453
s05e23b,5,prob,ventral_str,full,-0.018985731061641864
s05e23b,5,humor,rTPJ,some,0.19821745261896795
s05e23b,5,humor,rTPJ,full,0.8451903975136572
s05e23b,5,humor,visual_cortex,some,0.6970794415177667
s05e23b,5,humor,visual_cortex,full,0.8797109799667893
s05e23b,5,humor,auditory_cortex,some,-0.29460876260642155
s05e23b,5,humor,auditory_cortex,full,-0.6066123896117998
s05e23b,5,humor,dorsal_str,some,0.20294805881753444
s05e23b,5,humor,dorsal_str,full,0.43111987491041975
s05e23b,5,humor,ventral_str,some,-0.14861087979649043
s05e23b,5,humor,ventral_str,full,0.2300676154793917
s05e23c,5,rms,rTPJ,some,-0.5824128464089542
s05e23c,5,rms,rTPJ,full,0.2147739807924404
s05e23c,5,rms,visual_cortex,some,0.15000940689138925
s05e23c,5,rms,visual_cortex,full,0.8991436701640689
s05e23c,5,rms,auditory_cortex,some,0.14114278274148026
s05e23c,5,rms,auditory_cortex,full,0.40921648488630474
s05e23c,5,rms,dorsal_str,some,0.1537266405763497
s05e23c,5,rms,dorsal_str,full,0.3823663243542881
s05e23c,5,rms,ventral_str,some,0.007275784514375796
s05e23c,5,rms,ventral_str,full,0.015919921139108985
s05e23c,5,prob,rTPJ,some,-0.3620734154663683
s05e23c,5,prob,rTPJ,full,0.24520121516366053
s05e23c,5,prob,visual_cortex,some,0.38386955262359057
s05e23c,5,prob,visual_cortex,full,0.8843793236865621
s05e23c,5,prob,auditory_cortex,some,0.46689025790854244
s05e23c,5,prob,auditory_cortex,full,0.01235436583059521
s05e23c,5,prob,dorsal_str,some,0.08795983983187859
s05e23c,5,prob,dorsal_str,full,0.5997123356454106
s05e23c,5,prob,ventral_str,some,-0.1225054756341022
s05e23c,5,prob,ventral_str,full,0.23005944598326136
s05e23c,5,humor,rTPJ,some,-0.16846911774611506
s05e23c,5,humor,rTPJ,full,-0.0801947251934338
s05e23c,5,humor,visual_cortex,some,0.9011135656831692
s05e23c,5,humor,visual_cortex,full,0.15132047241588883
s05e23c,5,humor,auditory_cortex,some,0.465391916055892
s05e23c,5,humor,auditory_cortex,full,0.06951728652347802
s05e23c,5,humor,dorsal_str,some,0.1163046059051979
s05e23c,5,humor,dorsal_str,full,0.5007068120972912
s05e23c,5,humor,ventral_str,some,-0.09439087044467043
s05e23c,5,humor,ventral_str,full,0.1506906476714177
s05e23d,5,rms,rTPJ,some,0.7426739828178622
s05e23d,5,rms,rTPJ,full,0.14120317619589962
s05e23d,5,rms,visual_cortex,some,0.7975279998121765
s05e23d,5,rms,visual_cortex,full,0.8695784571120391
s05e23d,5,rms,auditory_cortex,some,-0.20215627818935292
s05e23d,5,rms,auditory_cortex,full,0.15109150455154458
s05e23d,5,rms,dorsal_str,some,0.150131803944413
s05e23d,5,rms,dorsal_str,full,0.03436327575515431
s05e23d,5,rms,ventral_str,some,-0.04984757812894066
s05e23d,5,rms,ventral_str,full,0.12047401394535938
s05e23d,5,prob,rTPJ,some,0.16374609207375676
s05e23d,5,prob,rTPJ,full,0.5706189736322127
s05e23d,5,prob,visual_cortex,some,0.9587930746821522
s05e23d,5,prob,visual_cortex,full,0.6965883439895566
s05e23d,5,prob,auditory_cortex,some,0.24148441433957904
s05e23d,5,prob,auditory_cortex,full,-0.23815284081646876
s05e23d,5,prob,dorsal_str,some,0.05623976757042415
s05e23d,5,prob,dorsal_str,full,0.09382343127868119
s05e23d,5,prob,ventral_str,some,0.04541685609463563
s05e23d,5,prob,ventral_str,full,0.08968935437528755
s05e23d,5,humor,rTPJ,some,0.3790904761343009
s05e23d,5,humor,rTPJ,full,0.28312495863439674
s05e23d,5,humor,visual_cortex,some,0.9748327565062881
s05e23d,5,humor,visual_cortex,full,0.6666468967725783
s05e23d,5,humor,auditory_cortex,some,0.07832062141367462
s05e23d,5,humor,auditory_cortex,full,-0.025317798279524115
s05e23d,5,humor,dorsal_str,some,0.05834812860382867
s05e23d,5,humor,dorsal_str,full,0.09198824944874848
s05e23d,5,humor,ventral_str,some,0.04608613855604051
s05e23d,5,humor,ventral_str,full,0.09004967850090134
s06e01a,6,rms,rTPJ,some,0.5285744053169077
s06e01a,6,rms,rTPJ,full,0.16252046752081598
s06e01a,6,rms,visual_cortex,some,0.15692795432713347
s06e01a,6,rms,visual_cortex,full,0.507690304386327
s06e01a,6,rms,auditory_cortex,some,-0.9280780820032913
s06e01a,6,rms,auditory_cortex,full,-0.5805480555276914
s06e01a,6,rms,dorsal_str,some,0.17200774778860026
s06e01a,6,rms,dorsal_str,full,0.11333180394871993
s06e01a,6,rms,ventral_str,some,0.031648013948725184
s06e01a,6,rms,ventral_str,full,-0.06446845212058822
s06e01a,6,prob,rTPJ,some,0.4510905348171198
s06e01a,6,prob,rTPJ,full,0.20320342076896677
s06e01a,6,prob,visual_cortex,some,0.34003394789624714
s06e01a,6,prob,visual_cortex,full,0.3460753253785668
s06e01a,6,prob,auditory_cortex,some,-0.6070217994173688
s06e01a,6,prob,auditory_cortex,full,-0.8979779894746275
s06e01a,6,prob,dorsal_str,some,0.13447653714315386
s06e01a,6,prob,dorsal_str,full,0.14814107302831164
s06e01a,6,prob,ventral_str,some,-0.06522650551138222
s06e01a,6,prob,ventral_str,full,0.032425377440803066
s06e01a,6,humor,rTPJ,some,0.2608315640437998
s06e01a,6,humor,rTPJ,full,0.43612818173295675
s06e01a,6,humor,visual_cortex,some,0.3332519287655642
s06e01a,6,humor,visual_cortex,full,0.3561436390129557
s06e01a,6,humor,auditory_cortex,some,-0.8691892911403388
s06e01a,6,humor,auditory_cortex,full,-0.5710124289167543
s06e01a,6,humor,dorsal_str,some,0.03095529363725845
s06e01a,6,humor,dorsal_str,full,0.2925034269507003
s06e01a,6,humor,ventral_str,some,-0.14795059275531403
s06e01a,6,humor,ventral_str,full,0.15807761390290925
s06e01b,6,rms,rTPJ,some,0.39226905721659333
s06e01b,6,rms,rTPJ,full,0.8795040177399114
s06e01b,6,rms,visual_cortex,some,-0.5245449294634392
s06e01b,6,rms,visual_cortex,full,0.5247523593321066
s06e01b,6,rms,auditory_cortex,some,-0.9575169500819924
s06e01b,6,rms,auditory_cortex,full,-0.25464162477026747
s06e01b,6,rms,dorsal_str,some,-0.20087359897010665
s06e01b,6,rms,dorsal_str,full,0.5137310532014521
s06e01b,6,rms,ventral_str,some,-0.08729624925614192
s06e01b,6,rms,ventral_str,full,0.32582297266180504
s06e01b,6,prob,rTPJ,some,0.7536500407140989
s06e01b,6,prob,rTPJ,full,0.509810159440795
s06e01b,6,prob,visual_cortex,some,0.2594780463860472
s06e01b,6,prob,visual_cortex,full,-0.28459610364197496
s06e01b,6,prob,auditory_cortex,some,-0.3983214553605685
s06e01b,6,prob,auditory_cortex,full,-0.8746245239774895
s06e01b,6,prob,dorsal_str,some,0.34191559167997854
s06e01b,6,prob,dorsal_str,full,-0.057700645842676486
s06e01b,6,prob,ventral_str,some,0.2751129713135053
s06e01b,6,prob,ventral_str,full,-0.11578138937987592
s06e01b,6,humor,rTPJ,some,0.5085422504616206
s06e01b,6,humor,rTPJ,full,0.910513285596994
s06e01b,6,humor,visual_cortex,some,0.18334672435478858
s06e01b,6,humor,visual_cortex,full,-0.026683521618625555
s06e01b,6,humor,auditory_cortex,some,-0.33225588901010944
s06e01b,6,humor,auditory_cortex,full,-0.8281778637854734
s06e01b,6,humor,dorsal_str,some,0.19348902975053248
s06e01b,6,humor,dorsal_str,full,0.25674308331870466
s06e01b,6,humor,ventral_str,some,0.17558187131592062
s06e01b,6,humor,ventral_str,full,0.130103272222232
s06e02a,6,rms,rTPJ,some,0.2776870787244766
s06e02a,6,rms,rTPJ,full,1.046125819464181
s06e02a,6,rms,visual_cortex,some,0.7258430707198998
s06e02a,6,rms,visual_cortex,full,0.4343722335974574
s06e02a,6,rms,auditory_cortex,some,-0.5014017310367844
s06e02a,6,rms,auditory_cortex,full,-0.2705541935020199
s06e02a,6,rms,dorsal_str,some,0.35905140984179873
s06e02a,6,rms,dorsal_str,full,0.454495105639922
s06e02a,6,rms,ventral_str,some,0.03302328480238802
s06e02a,6,rms,ventral_str,full,0.270684656925857
s06e02a,6,prob,rTPJ,some,0.4763733265419845
s06e02a,6,prob,rTPJ,full,1.1656893206045942
s06e02a,6,prob,visual_cortex,some,0.0775864342264379
s06e02a,6,prob,visual_cortex,full,0.9294479236057062
s06e02a,6,prob,auditory_cortex,some,-0.1056627516145135
s06e02a,6,prob,auditory_cortex,full,-0.5516421736497638
s06e02a,6,prob,dorsal_str,some,0.24886930620050904
s06e02a,6,prob,dorsal_str,full,0.5965623289994948
s06e02a,6,prob,ventral_str,some,0.1618367640187198
s06e02a,6,prob,ventral_str,full,0.24411666376287436
s06e02a,6,humor,rTPJ,some,0.84617846481845
s06e02a,6,humor,rTPJ,full,0.8006276697796001
s06e02a,6,humor,visual_cortex,some,0.36306148817683637
s06e02a,6,humor,visual_cortex,full,0.824359955564622
s06e02a,6,humor,auditory_cortex,some,-0.22434891764679457
s06e02a,6,humor,auditory_cortex,full,-0.5587018176531009
s06e02a,6,humor,dorsal_str,some,0.2895120313194252
s06e02a,6,humor,dorsal_str,full,0.7067452957183261
s06e02a,6,humor,ventral_str,some,0.136289922057593
s06e02a,6,humor,ventral_str,full,0.3411338786904311
s06e02b,6,rms,rTPJ,some,-0.1864466633455964
s06e02b,6,rms,rTPJ,full,0.18068283216263306
s06e02b,6,rms,visual_cortex,some,0.5624200441371769
s06e02b,6,rms,visual_cortex,full,0.995425268963767
s06e02b,6,rms,auditory_cortex,some,-0.850782362926704
s06e02b,6,rms,auditory_cortex,full,-0.1865164731966356
s06e02b,6,rms,dorsal_str,some,-0.17030790202680576
s06e02b,6,rms,dorsal_str,full,0.3241510203637609
s06e02b,6,rms,ventral_str,some,0.3200012076693587
s06e02b,6,rms,ventral_str,full,0.08878569579775147
s06e02b,6,prob,rTPJ,some,0.10381460411878049
s06e02b,6,prob,rTPJ,full,0.08975425940540954
s06e02b,6,prob,visual_cortex,some,1.3189948378732246
s06e02b,6,prob,visual_cortex,full,0.4117666031711448
s06e02b,6,prob,auditory_cortex,some,-0.022847937865357153
s06e02b,6,prob,auditory_cortex,full,-0.6992366519830986
s06e02b,6,prob,dorsal_str,some,0.03142121482460755
s06e02b,6,prob,dorsal_str,full,0.41929074137912503
s06e02b,6,prob,ventral_str,some,-0.007685021104065964
s06e02b,6,prob,ventral_str,full,0.31268308740632955
s06e02b,6,humor,rTPJ,some,-0.014645295586609264
s06e02b,6,humor,rTPJ,full,0.2501836593578899
s06e02b,6,humor,visual_cortex,some,0.7768195819573338
s06e02b,6,humor,visual_cortex,full,1.0613150582935549
s06e02b,6,humor,auditory_cortex,some,-0.396497104728659
s06e02b,6,humor,auditory_cortex,full,-0.25673114138107245
s06e02b,6,humor,dorsal_str,some,0.0782208793788856
s06e02b,6,humor,dorsal_str,full,0.39433591853946987
s06e02b,6,humor,ventral_str,some,0.11378567159676599
s06e02b,6,humor,ventral_str,full,0.17892660727894644
s06e04a,6,rms,rTPJ,some,0.9670322583050673
s06e04a,6,rms,rTPJ,full,0.5582546965729388
s06e04a,6,rms,visual_cortex,some,0.4476115467477386
s06e04a,6,rms,visual_cortex,full,1.1137134854259652
s06e04a,6,rms,auditory_cortex,some,-0.4979636105850336
s06e04a,6,rms,auditory_cortex,full,-0.3220670073210887
s06e04a,6,rms,dorsal_str,some,0.8750753692166424
s06e04a,6,rms,dorsal_str,full,0.25185448555731077
s06e04a,6,rms,ventral_str,some,0.6200244528378354
s06e04a,6,rms,ventral_str,full,-0.009031540912008904
s06e04a,6,prob,rTPJ,some,0.2753055324534643
s06e04a,6,prob,rTPJ,full,0.8398635993473447
s06e04a,6,prob,visual_cortex,some,0.43276717100594253
s06e04a,6,prob,visual_cortex,full,1.256985699834659
s06e04a,6,prob,auditory_cortex,some,0.12839863437683852
s06e04a,6,prob,auditory_cortex,full,-0.61656490923084
s06e04a,6,prob,dorsal_str,some,0.23282939075002812
s06e04a,6,prob,dorsal_str,full,0.46376856056236143
s06e04a,6,prob,ventral_str,some,0.04094512736738645
s06e04a,6,prob,ventral_str,full,0.1683898701784713
s06e04a,6,humor,rTPJ,some,0.37859388234103203
s06e04a,6,humor,rTPJ,full,0.9240828686890153
s06e04a,6,humor,visual_cortex,some,0.8932922679291116
s06e04a,6,humor,visual_cortex,full,1.0553672378315704
s06e04a,6,humor,auditory_cortex,some,-0.25984253797602774
s06e04a,6,humor,auditory_cortex,full,-0.46367631248470065
s06e04a,6,humor,dorsal_str,some,0.3932195697747276
s06e04a,6,humor,dorsal_str,full,0.3744193237727463
s06e04a,6,humor,ventral_str,some,0.10063586918176629
s06e04a,6,humor,ventral_str,full,0.14928449660358936
s06e04b,6,rms,rTPJ,some,0.3850403728987568
s06e04b,6,rms,rTPJ,full,0.3175400650673148
s06e04b,6,rms,visual_cortex,some,1.4702623722443189
s06e04b,6,rms,visual_cortex,full,0.3824624969394098
s06e04b,6,rms,auditory_cortex,some,-0.29091211849020704
s06e04b,6,rms,auditory_cortex,full,-0.2603210510033487
s06e04b,6,rms,dorsal_str,some,0.2252653353806296
s06e04b,6,rms,dorsal_str,full,0.39768916406520305
s06e04b,6,rms,ventral_str,some,-0.07165116762015533
s06e04b,6,rms,ventral_str,full,0.29107860950555753
s06e04b,6,prob,rTPJ,some,0.2672577945408412
s06e04b,6,prob,rTPJ,full,0.4000328296968748
s06e04b,6,prob,visual_cortex,some,0.6559023016230854
s06e04b,6,prob,visual_cortex,full,0.6383778485188039
s06e04b,6,prob,auditory_cortex,some,-0.37716166350520564
s06e04b,6,prob,auditory_cortex,full,-0.15940104130283567
s06e04b,6,prob,dorsal_str,some,0.23153723807077164
s06e04b,6,prob,dorsal_str,full,0.47877112339921346
s06e04b,6,prob,ventral_str,some,0.08427215963177681
s06e04b,6,prob,ventral_str,full,0.32027471400302493
s06e04b,6,humor,rTPJ,some,0.3167482450252821
s06e04b,6,humor,rTPJ,full,0.3455930921021784
s06e04b,6,humor,visual_cortex,some,0.7148773630961648
s06e04b,6,humor,visual_cortex,full,0.6012963532348802
s06e04b,6,humor,auditory_cortex,some,-0.12494320784653969
s06e04b,6,humor,auditory_cortex,full,-0.36427446041533973
s06e04b,6,humor,dorsal_str,some,0.2934428975159452
s06e04b,6,humor,dorsal_str,full,0.39784186041585046
s06e04b,6,humor,ventral_str,some,0.2345606670048636
s06e04b,6,humor,ventral_str,full,0.18139632722021862
s06e05a,6,rms,rTPJ,some,0.7065100943833534
s06e05a,6,rms,rTPJ,full,0.6048837176086916
s06e05a,6,rms,visual_cortex,some,0.40857085761343725
s06e05a,6,rms,visual_cortex,full,0.5980619572762516
s06e05a,6,rms,auditory_cortex,some,-0.9082820314994728
s06e05a,6,rms,auditory_cortex,full,-0.45390837138030904
s06e05a,6,rms,dorsal_str,some,0.4368949980226368
s06e05a,6,rms,dorsal_str,full,0.2564320671925048
s06e05a,6,rms,ventral_str,some,0.5539305422878952
s06e05a,6,rms,ventral_str,full,0.009897498973587743
s06e05a,6,prob,rTPJ,some,0.7539584946796672
s06e05a,6,prob,rTPJ,full,0.5457964105891155
s06e05a,6,prob,visual_cortex,some,0.5254219692053568
s06e05a,6,prob,visual_cortex,full,0.5386475990850872
s06e05a,6,prob,auditory_cortex,some,-0.31682033452461966
s06e05a,6,prob,auditory_cortex,full,-0.8534704188392838
s06e05a,6,prob,dorsal_str,some,0.39394977808297743
s06e05a,6,prob,dorsal_str,full,0.25657093260533215
s06e05a,6,prob,ventral_str,some,0.18565744192354916
s06e05a,6,prob,ventral_str,full,0.2075613841661486
s06e05a,6,humor,rTPJ,some,1.0259099123800586
s06e05a,6,humor,rTPJ,full,0.4774164082219706
s06e05a,6,humor,visual_cortex,some,1.2447081948333498
s06e05a,6,humor,visual_cortex,full,0.23279494736634698
s06e05a,6,humor,auditory_cortex,some,-0.48781987963416507
s06e05a,6,humor,auditory_cortex,full,-0.6624797484195373
s06e05a,6,humor,dorsal_str,some,0.34272341363230246
s06e05a,6,humor,dorsal_str,full,0.3086014502029501
s06e05a,6,humor,ventral_str,some,0.10269360677912057
s06e05a,6,humor,ventral_str,full,0.23764468474995282
s06e05b,6,rms,rTPJ,some,-0.19739906051048778
s06e05b,6,rms,rTPJ,full,0.20378320702373076
s06e05b,6,rms,visual_cortex,some,-0.01929766722531302
s06e05b,6,rms,visual_cortex,full,0.39619373943979597
s06e05b,6,rms,auditory_cortex,some,-0.8009590439965408
s06e05b,6,rms,auditory_cortex,full,-0.45398070393020057
s06e05b,6,rms,dorsal_str,some,-0.26043265411483424
s06e05b,6,rms,dorsal_str,full,0.023520694825522187
s06e05b,6,rms,ventral_str,some,-0.3335637125184022
s06e05b,6,rms,ventral_str,full,-0.18860034860567076
s06e05b,6,prob,rTPJ,some,0.052920565864532185
s06e05b,6,prob,rTPJ,full,0.09296877638351617
s06e05b,6,prob,visual_cortex,some,0.14940699937636182
s06e05b,6,prob,visual_cortex,full,0.3929916820780225
s06e05b,6,prob,auditory_cortex,some,-0.6031599387062296
s06e05b,6,prob,auditory_cortex,full,-0.5267816716714476
s06e05b,6,prob,dorsal_str,some,-0.18046994082125484
s06e05b,6,prob,dorsal_str,full,0.06486833572991912
s06e05b,6,prob,ventral_str,some,-0.26555855598061623
s06e05b,6,prob,ventral_str,full,-0.20098543283783823
s06e05b,6,humor,rTPJ,some,-0.11214911363816575
s06e05b,6,humor,rTPJ,full,0.19489434940004213
s06e05b,6,humor,visual_cortex,some,0.07077955336434433
s06e05b,6,humor,visual_cortex,full,0.38577698469373223
s06e05b,6,humor,auditory_cortex,some,-0.7665883564723656
s06e05b,6,humor,auditory_cortex,full,-0.434992311660336
s06e05b,6,humor,dorsal_str,some,-0.37535436639819764
s06e05b,6,humor,dorsal_str,full,0.1360091341604233
s06e05b,6,humor,ventral_str,some,-0.606923103775524
s06e05b,6,humor,ventral_str,full,0.014329151687904676
s06e06a,6,rms,rTPJ,some,0.5625084332747531
s06e06a,6,rms,rTPJ,full,0.8927811792063496
s06e06a,6,rms,visual_cortex,some,0.09265971544638124
s06e06a,6,rms,visual_cortex,full,0.31343414967609606
s06e06a,6,rms,auditory_cortex,some,-0.9891484459258257
s06e06a,6,rms,auditory_cortex,full,-0.30629917759783987
s06e06a,6,rms,dorsal_str,some,0.21336607625297166
s06e06a,6,rms,dorsal_str,full,0.5033980939845595
s06e06a,6,rms,ventral_str,some,0.1701084607387162
s06e06a,6,rms,ventral_str,full,0.28059462115033695
s06e06a,6,prob,rTPJ,some,0.8890455098007717
s06e06a,6,prob,rTPJ,full,0.7843906388449909
s06e06a,6,prob,visual_cortex,some,0.42573842724492306
s06e06a,6,prob,visual_cortex,full,0.1696570655805485
s06e06a,6,prob,auditory_cortex,some,-0.4374044203086996
s06e06a,6,prob,auditory_cortex,full,-0.4537471922990842
s06e06a,6,prob,dorsal_str,some,0.36496175498246985
s06e06a,6,prob,dorsal_str,full,0.49218169459511324
s06e06a,6,prob,ventral_str,some,0.15600674505773418
s06e06a,6,prob,ventral_str,full,0.3209605651561761
s06e06a,6,humor,rTPJ,some,0.5822926515913828
s06e06a,6,humor,rTPJ,full,0.892927886867402
s06e06a,6,humor,visual_cortex,some,0.3315190465719937
s06e06a,6,humor,visual_cortex,full,0.24977955445172975
s06e06a,6,humor,auditory_cortex,some,0.23998079987674045
s06e06a,6,humor,auditory_cortex,full,-0.6417270576419352
s06e06a,6,humor,dorsal_str,some,0.6694448852562871
s06e06a,6,humor,dorsal_str,full,0.3795714238253851
s06e06a,6,humor,ventral_str,some,0.6847072202351416
s06e06a,6,humor,ventral_str,full,0.13711458047591496
s06e06b,6,rms,rTPJ,some,-0.6923702897524657
s06e06b,6,rms,rTPJ,full,0.23556790965816965
s06e06b,6,rms,visual_cortex,some,-0.06876499738226088
s06e06b,6,rms,visual_cortex,full,0.5912754583262717
s06e06b,6,rms,auditory_cortex,some,-0.4924496253770099
s06e06b,6,rms,auditory_cortex,full,-0.2822162745251821
s06e06b,6,rms,dorsal_str,some,0.014377053899538084
s06e06b,6,rms,dorsal_str,full,0.1661721030487061
s06e06b,6,rms,ventral_str,some,-0.07915356053742728
s06e06b,6,rms,ventral_str,full,0.09818486194115905
s06e06b,6,prob,rTPJ,some,-0.3685681683306279
s06e06b,6,prob,rTPJ,full,0.3970185505496683
s06e06b,6,prob,visual_cortex,some,0.2746122440145437
s06e06b,6,prob,visual_cortex,full,0.6152318614111265
s06e06b,6,prob,auditory_cortex,some,-0.31374336969511113
s06e06b,6,prob,auditory_cortex,full,-0.33032197236842703
s06e06b,6,prob,dorsal_str,some,-0.3585607493267771
s06e06b,6,prob,dorsal_str,full,0.5349544487171316
s06e06b,6,prob,ventral_str,some,-0.01051411891829862
s06e06b,6,prob,ventral_str,full,0.12360754261227058
s06e06b,6,humor,rTPJ,some,-0.12294822336639782
s06e06b,6,humor,rTPJ,full,0.14136602654497077
s06e06b,6,humor,visual_cortex,some,-0.20979468227316223
s06e06b,6,humor,visual_cortex,full,0.7854571281776457
s06e06b,6,humor,auditory_cortex,some,-0.31831510856107786
s06e06b,6,humor,auditory_cortex,full,-0.3251432264839242
s06e06b,6,humor,dorsal_str,some,-0.07200161305210735
s06e06b,6,humor,dorsal_str,full,0.23663227705579232
s06e06b,6,humor,ventral_str,some,0.01058455553076132
s06e06b,6,humor,ventral_str,full,0.08931017489673604
s06e07a,6,rms,rTPJ,some,0.3384300777583467
s06e07a,6,rms,rTPJ,full,0.1577507262431713
s06e07a,6,rms,visual_cortex,some,0.8476390514556367
s06e07a,6,rms,visual_cortex,full,0.5913355675906412
s06e07a,6,rms,auditory_cortex,some,-0.4302337307818659
s06e07a,6,rms,auditory_cortex,full,-0.7500476030098987
s06e07a,6,rms,dorsal_str,some,0.2581222485786847
s06e07a,6,rms,dorsal_str,full,0.23714731686147866
s06e07a,6,rms,ventral_str,some,0.05902474744951609
s06e07a,6,rms,ventral_str,full,0.04549599138356203
s06e07a,6,prob,rTPJ,some,-0.15173377767135227
s06e07a,6,prob,rTPJ,full,0.5653471376681359
s06e07a,6,prob,visual_cortex,some,0.41317156953439416
s06e07a,6,prob,visual_cortex,full,0.9202885742165701
s06e07a,6,prob,auditory_cortex,some,-0.8990781175620596
s06e07a,6,prob,auditory_cortex,full,-0.409601419733839
s06e07a,6,prob,dorsal_str,some,0.012824697506002847
s06e07a,6,prob,dorsal_str,full,0.46447335134659895
s06e07a,6,prob,ventral_str,some,-0.21179252951928917
s06e07a,6,prob,ventral_str,full,0.2997093028249367
s06e07a,6,humor,rTPJ,some,0.3636409422643565
s06e07a,6,humor,rTPJ,full,0.06826125715956896
s06e07a,6,humor,visual_cortex,some,0.9964064021432787
s06e07a,6,humor,visual_cortex,full,0.35287926907530587
s06e07a,6,humor,auditory_cortex,some,-0.5241039489040692
s06e07a,6,humor,auditory_cortex,full,-0.7717852737910462
s06e07a,6,humor,dorsal_str,some,0.22128190794875585
s06e07a,6,humor,dorsal_str,full,0.26599994146772166
s06e07a,6,humor,ventral_str,some,-0.05086613543922741
s06e07a,6,humor,ventral_str,full,0.14909633028338587
s06e07b,6,rms,rTPJ,some,-0.7507821466882243
s06e07b,6,rms,rTPJ,full,0.6279703709166999
s06e07b,6,rms,visual_cortex,some,0.23111864737747012
s06e07b,6,rms,visual_cortex,full,0.8194352282075581
s06e07b,6,rms,auditory_cortex,some,-1.226890894242132
s06e07b,6,rms,auditory_cortex,full,-0.5878471935054072
s06e07b,6,rms,dorsal_str,some,-0.01895051226629605
s06e07b,6,rms,dorsal_str,full,0.1561859197604545
s06e07b,6,rms,ventral_str,some,-0.3460175906281178
s06e07b,6,rms,ventral_str,full,-0.05552120921516621
s06e07b,6,prob,rTPJ,some,0.01968254633189102
s06e07b,6,prob,rTPJ,full,0.5515008254603144
s06e07b,6,prob,visual_cortex,some,0.5693419241663457
s06e07b,6,prob,visual_cortex,full,0.7779530060510944
s06e07b,6,prob,auditory_cortex,some,-0.8618049689573238
s06e07b,6,prob,auditory_cortex,full,-0.6307545275588942
s06e07b,6,prob,dorsal_str,some,-0.03689855870351625
s06e07b,6,prob,dorsal_str,full,0.2548013285477097
s06e07b,6,prob,ventral_str,some,-0.3069781262888475
s06e07b,6,prob,ventral_str,full,0.04368972745196503
s06e07b,6,humor,rTPJ,some,0.31794564501796274
s06e07b,6,humor,rTPJ,full,0.27869792161932916
s06e07b,6,humor,visual_cortex,some,0.7828632821253141
s06e07b,6,humor,visual_cortex,full,0.6060633453796327
s06e07b,6,humor,auditory_cortex,some,-0.5565702835506621
s06e07b,6,humor,auditory_cortex,full,-0.8673417332947576
s06e07b,6,humor,dorsal_str,some,-0.02320343138167565
s06e07b,6,humor,dorsal_str,full,0.20592745961952855
s06e07b,6,humor,ventral_str,some,-0.2999987337956713
s06e07b,6,humor,ventral_str,full,-0.008689208138668582
s06e08a,6,rms,rTPJ,some,0.5361863088001297
s06e08a,6,rms,rTPJ,full,0.37631355630436325
s06e08a,6,rms,visual_cortex,some,0.8899332059802559
s06e08a,6,rms,visual_cortex,full,0.15479083955094647
s06e08a,6,rms,auditory_cortex,some,-0.8080496092347565
s06e08a,6,rms,auditory_cortex,full,-0.7933763005427787
s06e08a,6,rms,dorsal_str,some,-0.16028655407875977
s06e08a,6,rms,dorsal_str,full,0.17590617181765272
s06e08a,6,rms,ventral_str,some,-0.018032816246399977
s06e08a,6,rms,ventral_str,full,-0.164350779439277
s06e08a,6,prob,rTPJ,some,0.569815752614101
s06e08a,6,prob,rTPJ,full,0.2081393713982542
s06e08a,6,prob,visual_cortex,some,0.6031707830971629
s06e08a,6,prob,visual_cortex,full,-0.08551956999764661
s06e08a,6,prob,auditory_cortex,some,-0.5394154149584738
s06e08a,6,prob,auditory_cortex,full,-1.1060519998865348
s06e08a,6,prob,dorsal_str,some,0.2645889811949296
s06e08a,6,prob,dorsal_str,full,-0.0688889271259362
s06e08a,6,prob,ventral_str,some,-0.057610393213995914
s06e08a,6,prob,ventral_str,full,-0.23330966374581533
s06e08a,6,humor,rTPJ,some,0.3812542899953962
s06e08a,6,humor,rTPJ,full,0.42068767762796144
s06e08a,6,humor,visual_cortex,some,0.8827845485344264
s06e08a,6,humor,visual_cortex,full,-0.06076838135679204
s06e08a,6,humor,auditory_cortex,some,-0.6404432367462353
s06e08a,6,humor,auditory_cortex,full,-0.8887066276399636
s06e08a,6,humor,dorsal_str,some,0.01296728367143641
s06e08a,6,humor,dorsal_str,full,0.17335226221460015
s06e08a,6,humor,ventral_str,some,-0.33490318561198174
s06e08a,6,humor,ventral_str,full,-0.019578147707424456
s06e08b,6,rms,rTPJ,some,-0.3910745068595268
s06e08b,6,rms,rTPJ,full,0.05466062323623622
s06e08b,6,rms,visual_cortex,some,-0.6642876325905676
s06e08b,6,rms,visual_cortex,full,-0.08124310777462762
s06e08b,6,rms,auditory_cortex,some,-0.8800982938979334
s06e08b,6,rms,auditory_cortex,full,-0.4959524495366577
s06e08b,6,rms,dorsal_str,some,-0.4104926548688426
s06e08b,6,rms,dorsal_str,full,0.26337309853725144
s06e08b,6,rms,ventral_str,some,-0.3684005809914122
s06e08b,6,rms,ventral_str,full,0.2447155165218903
s06e08b,6,prob,rTPJ,some,-0.08228746825825814
s06e08b,6,prob,rTPJ,full,-0.005079660487205628
s06e08b,6,prob,visual_cortex,some,-0.6523399903429637
s06e08b,6,prob,visual_cortex,full,0.134719297926643
s06e08b,6,prob,auditory_cortex,some,-0.1622675770323755
s06e08b,6,prob,auditory_cortex,full,-0.8863757873118715
s06e08b,6,prob,dorsal_str,some,0.16226325237111344
s06e08b,6,prob,dorsal_str,full,0.09357395007437726
s06e08b,6,prob,ventral_str,some,0.05194968447291118
s06e08b,6,prob,ventral_str,full,0.1658368556758541
s06e08b,6,humor,rTPJ,some,-0.1865967539264127
s06e08b,6,humor,rTPJ,full,0.06664023233606149
s06e08b,6,humor,visual_cortex,some,-0.9382686100483821
s06e08b,6,humor,visual_cortex,full,0.31681169134781706
s06e08b,6,humor,auditory_cortex,some,-0.31540910746818684
s06e08b,6,humor,auditory_cortex,full,-0.7599721818169097
s06e08b,6,humor,dorsal_str,some,0.08043262428850481
s06e08b,6,humor,dorsal_str,full,0.1530961621200547
s06e08b,6,humor,ventral_str,some,0.1708419907541887
s06e08b,6,humor,ventral_str,full,0.07900152006056137
s06e09a,6,rms,rTPJ,some,-0.05191356751869726
s06e09a,6,rms,rTPJ,full,0.6050265343865286
s06e09a,6,rms,visual_cortex,some,0.9452925724117491
s06e09a,6,rms,visual_cortex,full,0.313995864373499
s06e09a,6,rms,auditory_cortex,some,-0.9090473638481564
s06e09a,6,rms,auditory_cortex,full,-1.5666290260827909
s06e09a,6,rms,dorsal_str,some,0.24721691836791895
s06e09a,6,rms,dorsal_str,full,-0.10044947485058857
s06e09a,6,rms,ventral_str,some,0.14612763092390577
s06e09a,6,rms,ventral_str,full,0.03476338389365964
s06e09a,6,prob,rTPJ,some,0.15886500792601307
s06e09a,6,prob,rTPJ,full,0.23083482951549628
s06e09a,6,prob,visual_cortex,some,1.0088971992633284
s06e09a,6,prob,visual_cortex,full,0.3871834167203628
s06e09a,6,prob,auditory_cortex,some,-0.9392956431924812
s06e09a,6,prob,auditory_cortex,full,-1.3865537297132804
s06e09a,6,prob,dorsal_str,some,0.42137202764714354
s06e09a,6,prob,dorsal_str,full,-0.2098518357917756
s06e09a,6,prob,ventral_str,some,0.3055761063873254
s06e09a,6,prob,ventral_str,full,-0.11182753823308438
s06e09a,6,humor,rTPJ,some,-0.1629934519009072
s06e09a,6,humor,rTPJ,full,0.32905072689680215
s06e09a,6,humor,visual_cortex,some,0.5018314967942995
s06e09a,6,humor,visual_cortex,full,0.7883379822280407
s06e09a,6,humor,auditory_cortex,some,-1.1459821241048653
s06e09a,6,humor,auditory_cortex,full,-1.1580583114253733
s06e09a,6,humor,dorsal_str,some,-0.0730702873924796
s06e09a,6,humor,dorsal_str,full,0.18969244977038444
s06e09a,6,humor,ventral_str,some,0.01706023576952219
s06e09a,6,humor,ventral_str,full,0.13776419784758492
s06e09b,6,rms,rTPJ,some,0.34140764828267733
s06e09b,6,rms,rTPJ,full,0.4839231559513746
s06e09b,6,rms,visual_cortex,some,0.678624198745711
s06e09b,6,rms,visual_cortex,full,0.5268876876377997
s06e09b,6,rms,auditory_cortex,some,-0.26883236415086187
s06e09b,6,rms,auditory_cortex,full,-0.7457342981766666
s06e09b,6,rms,dorsal_str,some,0.283435689222459
s06e09b,6,rms,dorsal_str,full,0.3897732594807254
s06e09b,6,rms,ventral_str,some,0.07015969659624034
s06e09b,6,rms,ventral_str,full,0.2692356062402968
s06e09b,6,prob,rTPJ,some,0.45595182854984406
s06e09b,6,prob,rTPJ,full,0.3692301707072012
s06e09b,6,prob,visual_cortex,some,0.792953671843416
s06e09b,6,prob,visual_cortex,full,0.4832191890647266
s06e09b,6,prob,auditory_cortex,some,-0.09892932590643616
s06e09b,6,prob,auditory_cortex,full,-0.7500746754595847
s06e09b,6,prob,dorsal_str,some,0.32502491160724717
s06e09b,6,prob,dorsal_str,full,0.33498082889754405
s06e09b,6,prob,ventral_str,some,0.35380899842485153
s06e09b,6,prob,ventral_str,full,0.02227179188087758
s06e09b,6,humor,rTPJ,some,0.11798444339435088
s06e09b,6,humor,rTPJ,full,0.5531325741710701
s06e09b,6,humor,visual_cortex,some,0.1476993577800173
s06e09b,6,humor,visual_cortex,full,0.8500403700600967
s06e09b,6,humor,auditory_cortex,some,-0.6037195897114049
s06e09b,6,humor,auditory_cortex,full,-0.41855117624607063
s06e09b,6,humor,dorsal_str,some,0.13388372560704614
s06e09b,6,humor,dorsal_str,full,0.4325588113532567
s06e09b,6,humor,ventral_str,some,0.03865734055037898
s06e09b,6,humor,ventral_str,full,0.22107712508023353
s06e10a,6,rms,rTPJ,some,1.2036750098775308
s06e10a,6,rms,rTPJ,full,0.35799384854125976
s06e10a,6,rms,visual_cortex,some,0.36070595886549883
s06e10a,6,rms,visual_cortex,full,0.6278636473919116
s06e10a,6,rms,auditory_cortex,some,-0.9347717063577516
s06e10a,6,rms,auditory_cortex,full,-0.716598444947316
s06e10a,6,rms,dorsal_str,some,0.07927840252524211
s06e10a,6,rms,dorsal_str,full,0.06511689621644569
s06e10a,6,rms,ventral_str,some,-0.10169881365110246
s06e10a,6,rms,ventral_str,full,0.08008824135954284
s06e10a,6,prob,rTPJ,some,0.40177096664086176
s06e10a,6,prob,rTPJ,full,0.5317623188274877
s06e10a,6,prob,visual_cortex,some,0.13287670396276907
s06e10a,6,prob,visual_cortex,full,0.7772365731097597
s06e10a,6,prob,auditory_cortex,some,-0.619518266577726
s06e10a,6,prob,auditory_cortex,full,-0.8074366411490614
s06e10a,6,prob,dorsal_str,some,-0.06986416748119194
s06e10a,6,prob,dorsal_str,full,0.12564207840019367
s06e10a,6,prob,ventral_str,some,0.0027381082498053252
s06e10a,6,prob,ventral_str,full,0.071577878582618
s06e10a,6,humor,rTPJ,some,0.5379122922915983
s06e10a,6,humor,rTPJ,full,0.4735013622538055
s06e10a,6,humor,visual_cortex,some,0.7619011594310396
s06e10a,6,humor,visual_cortex,full,0.508366557254216
s06e10a,6,humor,auditory_cortex,some,-0.6124048997594607
s06e10a,6,humor,auditory_cortex,full,-0.8118944838050774
s06e10a,6,humor,dorsal_str,some,0.11503068408087799
s06e10a,6,humor,dorsal_str,full,0.04665499774349213
s06e10a,6,humor,ventral_str,some,0.01527873792456958
s06e10a,6,humor,ventral_str,full,0.06662406170045897
s06e10b,6,rms,rTPJ,some,0.13114238483793927
s06e10b,6,rms,rTPJ,full,0.23117625697495614
s06e10b,6,rms,visual_cortex,some,1.466386304075163
s06e10b,6,rms,visual_cortex,full,0.9624934915774086
s06e10b,6,rms,auditory_cortex,some,-0.05458276534562245
s06e10b,6,rms,auditory_cortex,full,-0.2768669401030418
s06e10b,6,rms,dorsal_str,some,-0.009365505233493054
s06e10b,6,rms,dorsal_str,full,0.29369473169923843
s06e10b,6,rms,ventral_str,some,-0.5191726141033299
s06e10b,6,rms,ventral_str,full,0.08459448555943212
s06e10b,6,prob,rTPJ,some,0.131306971286418
s06e10b,6,prob,rTPJ,full,0.31796541842804193
s06e10b,6,prob,visual_cortex,some,1.1656885992245192
s06e10b,6,prob,visual_cortex,full,0.8487615595321218
s06e10b,6,prob,auditory_cortex,some,-0.34429721042163725
s06e10b,6,prob,auditory_cortex,full,-0.15762285852607907
s06e10b,6,prob,dorsal_str,some,0.22073240060647503
s06e10b,6,prob,dorsal_str,full,0.3089787236964141
s06e10b,6,prob,ventral_str,some,-0.010748771480136851
s06e10b,6,prob,ventral_str,full,0.0610967899450436
s06e10b,6,humor,rTPJ,some,0.15533341873650713
s06e10b,6,humor,rTPJ,full,0.28236080828942234
s06e10b,6,humor,visual_cortex,some,1.0406734375647468
s06e10b,6,humor,visual_cortex,full,0.9876498702539399
s06e10b,6,humor,auditory_cortex,some,0.007244947448365763
s06e10b,6,humor,auditory_cortex,full,-0.49824619228507333
s06e10b,6,humor,dorsal_str,some,0.33288196094779693
s06e10b,6,humor,dorsal_str,full,0.1982789997893124
s06e10b,6,humor,ventral_str,some,0.20231691487638329
s06e10b,6,humor,ventral_str,full,-0.1424244710573343
s06e11a,6,rms,rTPJ,some,0.3881005713120742
s06e11a,6,rms,rTPJ,full,0.10404366610263352
s06e11a,6,rms,visual_cortex,some,0.5712090142288523
s06e11a,6,rms,visual_cortex,full,0.1090418417834145
s06e11a,6,rms,auditory_cortex,some,0.3763399162137612
s06e11a,6,rms,auditory_cortex,full,-0.6464941103617077
s06e11a,6,rms,dorsal_str,some,0.4360264582370522
s06e11a,6,rms,dorsal_str,full,0.1425292077534826
s06e11a,6,rms,ventral_str,some,0.398124711888099
s06e11a,6,rms,ventral_str,full,-0.05566428412622326
s06e11a,6,prob,rTPJ,some,0.0739547030876593
s06e11a,6,prob,rTPJ,full,0.2202379258205402
s06e11a,6,prob,visual_cortex,some,-0.040583156863420886
s06e11a,6,prob,visual_cortex,full,0.39007922074999163
s06e11a,6,prob,auditory_cortex,some,-0.3113915493253351
s06e11a,6,prob,auditory_cortex,full,-0.6333000090804486
s06e11a,6,prob,dorsal_str,some,-0.08403173502764161
s06e11a,6,prob,dorsal_str,full,0.44119725070152205
s06e11a,6,prob,ventral_str,some,-0.17928233149183698
s06e11a,6,prob,ventral_str,full,0.19899309449956418
s06e11a,6,humor,rTPJ,some,-0.09608957530980033
s06e11a,6,humor,rTPJ,full,0.3063608442342408
s06e11a,6,humor,visual_cortex,some,0.16333902908320813
s06e11a,6,humor,visual_cortex,full,0.19781327831802092
s06e11a,6,humor,auditory_cortex,some,0.09927810799790285
s06e11a,6,humor,auditory_cortex,full,-0.8458999273179466
s06e11a,6,humor,dorsal_str,some,0.09822360008306331
s06e11a,6,humor,dorsal_str,full,0.24875750249900344
s06e11a,6,humor,ventral_str,some,-0.06783810657197831
s06e11a,6,humor,ventral_str,full,0.07293630674742205
s06e11b,6,rms,rTPJ,some,0.29136148643984267
s06e11b,6,rms,rTPJ,full,0.3799692694827393
s06e11b,6,rms,visual_cortex,some,0.39863984252986173
s06e11b,6,rms,visual_cortex,full,0.18933696787767873
s06e11b,6,rms,auditory_cortex,some,-0.6941919884847678
s06e11b,6,rms,auditory_cortex,full,-0.476632305434164
s06e11b,6,rms,dorsal_str,some,-0.4368652900889123
s06e11b,6,rms,dorsal_str,full,0.1722554327066625
s06e11b,6,rms,ventral_str,some,-0.05025958596223546
s06e11b,6,rms,ventral_str,full,-0.09079579515671632
s06e11b,6,prob,rTPJ,some,0.013434319058137953
s06e11b,6,prob,rTPJ,full,0.662827758619871
s06e11b,6,prob,visual_cortex,some,0.2973736368002758
s06e11b,6,prob,visual_cortex,full,0.18397785560512045
s06e11b,6,prob,auditory_cortex,some,-0.37776214289219556
s06e11b,6,prob,auditory_cortex,full,-0.6557630650678012
s06e11b,6,prob,dorsal_str,some,-0.15724020304824465
s06e11b,6,prob,dorsal_str,full,0.20104463391647687
s06e11b,6,prob,ventral_str,some,-0.14031055184134045
s06e11b,6,prob,ventral_str,full,-0.030223847221256706
s06e11b,6,humor,rTPJ,some,0.39166142773770113
s06e11b,6,humor,rTPJ,full,0.34354759480214736
s06e11b,6,humor,visual_cortex,some,0.05721171959148492
s06e11b,6,humor,visual_cortex,full,0.32887634804790267
s06e11b,6,humor,auditory_cortex,some,-0.4572040836543916
s06e11b,6,humor,auditory_cortex,full,-0.5613077320789873
s06e11b,6,humor,dorsal_str,some,-0.023258000176486056
s06e11b,6,humor,dorsal_str,full,0.06313348476048045
s06e11b,6,humor,ventral_str,some,-0.12298372950427144
s06e11b,6,humor,ventral_str,full,-0.06039226389716481
s06e12a,6,rms,rTPJ,some,0.7129786090200526
s06e12a,6,rms,rTPJ,full,0.6832958333809939
s06e12a,6,rms,visual_cortex,some,0.6223092164370332
s06e12a,6,rms,visual_cortex,full,0.8908236219299858
s06e12a,6,rms,auditory_cortex,some,-0.8953904102329632
s06e12a,6,rms,auditory_cortex,full,-0.7452286123682207
s06e12a,6,rms,dorsal_str,some,0.02331253484934795
s06e12a,6,rms,dorsal_str,full,0.21389421607857162
s06e12a,6,rms,ventral_str,some,0.1917633420577142
s06e12a,6,rms,ventral_str,full,0.05471447067476579
s06e12a,6,prob,rTPJ,some,0.1841529577396814
s06e12a,6,prob,rTPJ,full,0.9479940165073923
s06e12a,6,prob,visual_cortex,some,1.230775676753387
s06e12a,6,prob,visual_cortex,full,0.650953561944748
s06e12a,6,prob,auditory_cortex,some,-0.19997081299755218
s06e12a,6,prob,auditory_cortex,full,-1.062638614048311
s06e12a,6,prob,dorsal_str,some,-0.0006162607734348513
s06e12a,6,prob,dorsal_str,full,0.2788491158806074
s06e12a,6,prob,ventral_str,some,0.5085065810112142
s06e12a,6,prob,ventral_str,full,-0.14656558740365813
s06e12a,6,humor,rTPJ,some,0.4132457290658845
s06e12a,6,humor,rTPJ,full,0.7880959816503259
s06e12a,6,humor,visual_cortex,some,1.0218374815531412
s06e12a,6,humor,visual_cortex,full,0.7850953139621086
s06e12a,6,humor,auditory_cortex,some,-0.31785327304786437
s06e12a,6,humor,auditory_cortex,full,-0.9333697871100555
s06e12a,6,humor,dorsal_str,some,0.17971342190383838
s06e12a,6,humor,dorsal_str,full,0.18518467348899909
s06e12a,6,humor,ventral_str,some,0.08017320115391388
s06e12a,6,humor,ventral_str,full,0.07503947610472572
s06e12b,6,rms,rTPJ,some,0.241207519177253
s06e12b,6,rms,rTPJ,full,0.5995533802449696
s06e12b,6,rms,visual_cortex,some,-0.20663790305398516
s06e12b,6,rms,visual_cortex,full,0.7843530877017345
s06e12b,6,rms,auditory_cortex,some,-0.7079677555846144
s06e12b,6,rms,auditory_cortex,full,-0.3808052293805331
s06e12b,6,rms,dorsal_str,some,0.035173257816386305
s06e12b,6,rms,dorsal_str,full,0.40236708272875904
s06e12b,6,rms,ventral_str,some,0.17663413918625934
s06e12b,6,rms,ventral_str,full,0.09086799188995404
s06e12b,6,prob,rTPJ,some,0.062490088746031736
s06e12b,6,prob,rTPJ,full,0.8368760197306834
s06e12b,6,prob,visual_cortex,some,0.33930494205927686
s06e12b,6,prob,visual_cortex,full,0.6703835390972575
s06e12b,6,prob,auditory_cortex,some,0.07830087972308178
s06e12b,6,prob,auditory_cortex,full,-0.8672117249064483
s06e12b,6,prob,dorsal_str,some,0.27829738786829106
s06e12b,6,prob,dorsal_str,full,0.3298985889025779
s06e12b,6,prob,ventral_str,some,0.04619878645774169
s06e12b,6,prob,ventral_str,full,0.16233288752366073
s06e12b,6,humor,rTPJ,some,0.6284256105295465
s06e12b,6,humor,rTPJ,full,0.4672595705873661
s06e12b,6,humor,visual_cortex,some,0.41606230060920296
s06e12b,6,humor,visual_cortex,full,0.5671615512434104
s06e12b,6,humor,auditory_cortex,some,-0.4750660077087577
s06e12b,6,humor,auditory_cortex,full,-0.4615729294957546
s06e12b,6,humor,dorsal_str,some,0.29672435627351923
s06e12b,6,humor,dorsal_str,full,0.3116663949220931
s06e12b,6,humor,ventral_str,some,0.23102284141275295
s06e12b,6,humor,ventral_str,full,0.07374464298886939
s06e13a,6,rms,rTPJ,some,0.44956086512140003
s06e13a,6,rms,rTPJ,full,0.3184567167299805
s06e13a,6,rms,visual_cortex,some,0.42924154421798627
s06e13a,6,rms,visual_cortex,full,0.7050207887869245
s06e13a,6,rms,auditory_cortex,some,-0.10082266921310173
s06e13a,6,rms,auditory_cortex,full,-0.8197004831050296
s06e13a,6,rms,dorsal_str,some,0.30716409050318527
s06e13a,6,rms,dorsal_str,full,0.13103768366296265
s06e13a,6,rms,ventral_str,some,0.020035414421750455
s06e13a,6,rms,ventral_str,full,0.11521364635960404
s06e13a,6,prob,rTPJ,some,0.2757384852184604
s06e13a,6,prob,rTPJ,full,0.41896260526921153
s06e13a,6,prob,visual_cortex,some,0.8315791096623996
s06e13a,6,prob,visual_cortex,full,0.4519526918134583
s06e13a,6,prob,auditory_cortex,some,-0.23264529786609528
s06e13a,6,prob,auditory_cortex,full,-1.200725124516326
s06e13a,6,prob,dorsal_str,some,0.2685157297135446
s06e13a,6,prob,dorsal_str,full,0.04489465735002373
s06e13a,6,prob,ventral_str,some,-0.026972603476976914
s06e13a,6,prob,ventral_str,full,0.2388208951068303
s06e13a,6,humor,rTPJ,some,0.8598194121653351
s06e13a,6,humor,rTPJ,full,0.06478708084567213
s06e13a,6,humor,visual_cortex,some,1.391390889352373
s06e13a,6,humor,visual_cortex,full,0.2570731372335393
s06e13a,6,humor,auditory_cortex,some,-0.18867279215872404
s06e13a,6,humor,auditory_cortex,full,-0.9535959868812669
s06e13a,6,humor,dorsal_str,some,0.36770159679543796
s06e13a,6,humor,dorsal_str,full,0.054101186332142635
s06e13a,6,humor,ventral_str,some,0.12627138036445887
s06e13a,6,humor,ventral_str,full,0.08206336332399809
s06e13b,6,rms,rTPJ,some,1.1351770959834693
s06e13b,6,rms,rTPJ,full,-0.1718496121155185
s06e13b,6,rms,visual_cortex,some,1.7940892816063978
s06e13b,6,rms,visual_cortex,full,0.3240777233534486
s06e13b,6,rms,auditory_cortex,some,0.0607886823615692
s06e13b,6,rms,auditory_cortex,full,-0.35294903487836443
s06e13b,6,rms,dorsal_str,some,0.6313393826446758
s06e13b,6,rms,dorsal_str,full,0.17597883085368388
s06e13b,6,rms,ventral_str,some,0.2406524547969711
s06e13b,6,rms,ventral_str,full,0.06808962482987804
s06e13b,6,prob,rTPJ,some,0.08269678535929231
s06e13b,6,prob,rTPJ,full,-0.12527527279425615
s06e13b,6,prob,visual_cortex,some,0.15765573255104795
s06e13b,6,prob,visual_cortex,full,0.8428437137529172
s06e13b,6,prob,auditory_cortex,some,0.10987361683080277
s06e13b,6,prob,auditory_cortex,full,-0.7319977941319319
s06e13b,6,prob,dorsal_str,some,0.37056179685745516
s06e13b,6,prob,dorsal_str,full,0.08310593164410691
s06e13b,6,prob,ventral_str,some,0.19527031258276467
s06e13b,6,prob,ventral_str,full,-0.022161326890345785
s06e13b,6,humor,rTPJ,some,-0.13198855864091363
s06e13b,6,humor,rTPJ,full,0.09825224650863837
s06e13b,6,humor,visual_cortex,some,0.7426345616409264
s06e13b,6,humor,visual_cortex,full,0.23499760155196098
s06e13b,6,humor,auditory_cortex,some,-0.16530607401893446
s06e13b,6,humor,auditory_cortex,full,-0.4514365383686361
s06e13b,6,humor,dorsal_str,some,0.3292965973145895
s06e13b,6,humor,dorsal_str,full,0.12351020332808485
s06e13b,6,humor,ventral_str,some,0.16824979960632824
s06e13b,6,humor,ventral_str,full,0.003993285399106691
s06e14a,6,rms,rTPJ,some,0.7825249611711438
s06e14a,6,rms,rTPJ,full,0.1862685516860058
s06e14a,6,rms,visual_cortex,some,1.529169067819221
s06e14a,6,rms,visual_cortex,full,0.6626981751117872
s06e14a,6,rms,auditory_cortex,some,-0.48627375844328147
s06e14a,6,rms,auditory_cortex,full,-0.4554799047860807
s06e14a,6,rms,dorsal_str,some,0.4498943837524694
s06e14a,6,rms,dorsal_str,full,0.12865572061982178
s06e14a,6,rms,ventral_str,some,0.22083167344885665
s06e14a,6,rms,ventral_str,full,0.07473414924041587
s06e14a,6,prob,rTPJ,some,0.2770163572038675
s06e14a,6,prob,rTPJ,full,0.2920243622516026
s06e14a,6,prob,visual_cortex,some,0.77837141721757
s06e14a,6,prob,visual_cortex,full,0.8357561367589474
s06e14a,6,prob,auditory_cortex,some,-0.6003044180435512
s06e14a,6,prob,auditory_cortex,full,-0.2933380202499276
s06e14a,6,prob,dorsal_str,some,-0.002953655909802788
s06e14a,6,prob,dorsal_str,full,0.4015098788950615
s06e14a,6,prob,ventral_str,some,0.08497482693030245
s06e14a,6,prob,ventral_str,full,0.11499258050285587
s06e14a,6,humor,rTPJ,some,0.5246503615696956
s06e14a,6,humor,rTPJ,full,0.08109855752152603
s06e14a,6,humor,visual_cortex,some,0.8750089707913251
s06e14a,6,humor,visual_cortex,full,0.7451373355484259
s06e14a,6,humor,auditory_cortex,some,-0.29626377926148434
s06e14a,6,humor,auditory_cortex,full,-0.5988220430257717
s06e14a,6,humor,dorsal_str,some,0.12314964389600125
s06e14a,6,humor,dorsal_str,full,0.23013144570747146
s06e14a,6,humor,ventral_str,some,0.06620803461605802
s06e14a,6,humor,ventral_str,full,0.12595521051617026
s06e14b,6,rms,rTPJ,some,0.2830661443035676
s06e14b,6,rms,rTPJ,full,0.4619989145974272
s06e14b,6,rms,visual_cortex,some,0.20199128978974648
s06e14b,6,rms,visual_cortex,full,0.42877240493684354
s06e14b,6,rms,auditory_cortex,some,0.3203062703171073
s06e14b,6,rms,auditory_cortex,full,-0.14073097466678627
s06e14b,6,rms,dorsal_str,some,0.5661869037205604
s06e14b,6,rms,dorsal_str,full,0.1280735583771664
s06e14b,6,rms,ventral_str,some,0.024720665687174192
s06e14b,6,rms,ventral_str,full,0.00038685972183349443
s06e14b,6,prob,rTPJ,some,0.435208784098019
s06e14b,6,prob,rTPJ,full,0.43265638994406475
s06e14b,6,prob,visual_cortex,some,0.7001550586249564
s06e14b,6,prob,visual_cortex,full,0.10280038270405023
s06e14b,6,prob,auditory_cortex,some,0.34924197168275084
s06e14b,6,prob,auditory_cortex,full,-0.4632514276076664
s06e14b,6,prob,dorsal_str,some,0.3372072173775968
s06e14b,6,prob,dorsal_str,full,0.06416147502308894
s06e14b,6,prob,ventral_str,some,0.1567995847758786
s06e14b,6,prob,ventral_str,full,-0.1401098253650617
s06e14b,6,humor,rTPJ,some,0.07913397761258452
s06e14b,6,humor,rTPJ,full,0.5814633547595863
s06e14b,6,humor,visual_cortex,some,-0.444565587941415
s06e14b,6,humor,visual_cortex,full,0.741612239158953
s06e14b,6,humor,auditory_cortex,some,0.0947967262173874
s06e14b,6,humor,auditory_cortex,full,-0.13617499740501968
s06e14b,6,humor,dorsal_str,some,-0.18603677831752774
s06e14b,6,humor,dorsal_str,full,0.35615774194947564
s06e14b,6,humor,ventral_str,some,-0.5222726093518252
s06e14b,6,humor,ventral_str,full,0.22320229981149728
s06e15a,6,rms,rTPJ,some,-0.18494748449087306
s06e15a,6,rms,rTPJ,full,-0.016932863433179665
s06e15a,6,rms,visual_cortex,some,0.6526856015431407
s06e15a,6,rms,visual_cortex,full,0.9077182400808606
s06e15a,6,rms,auditory_cortex,some,-0.5771644388432453
s06e15a,6,rms,auditory_cortex,full,-0.5176295327890079
s06e15a,6,rms,dorsal_str,some,-0.009372405892310157
s06e15a,6,rms,dorsal_str,full,0.398645599161502
s06e15a,6,rms,ventral_str,some,-0.24132066243390402
s06e15a,6,rms,ventral_str,full,0.2599671315048693
s06e15a,6,prob,rTPJ,some,-0.6040081593664407
s06e15a,6,prob,rTPJ,full,0.41298473034667366
s06e15a,6,prob,visual_cortex,some,-0.04248726244371706
s06e15a,6,prob,visual_cortex,full,1.6262650699571646
s06e15a,6,prob,auditory_cortex,some,-0.6996589081989356
s06e15a,6,prob,auditory_cortex,full,-0.3943219523296087
s06e15a,6,prob,dorsal_str,some,-0.1303028267606987
s06e15a,6,prob,dorsal_str,full,0.4412874877755103
s06e15a,6,prob,ventral_str,some,-0.2281606436894354
s06e15a,6,prob,ventral_str,full,0.13174730111515204
s06e15a,6,humor,rTPJ,some,-0.7501444027071946
s06e15a,6,humor,rTPJ,full,0.23829613238457117
s06e15a,6,humor,visual_cortex,some,0.6877290104623335
s06e15a,6,humor,visual_cortex,full,0.7794694844152672
s06e15a,6,humor,auditory_cortex,some,-0.06585894656015279
s06e15a,6,humor,auditory_cortex,full,-0.8381099416472987
s06e15a,6,humor,dorsal_str,some,0.044382981430991446
s06e15a,6,humor,dorsal_str,full,0.19479839693676668
s06e15a,6,humor,ventral_str,some,0.014986441609797736
s06e15a,6,humor,ventral_str,full,-0.1003504395028553
s06e15b,6,rms,rTPJ,some,0.5883180520671899
s06e15b,6,rms,rTPJ,full,0.9514390279607841
s06e15b,6,rms,visual_cortex,some,0.7428059826077485
s06e15b,6,rms,visual_cortex,full,1.5884100017292915
s06e15b,6,rms,auditory_cortex,some,-0.9617328776161375
s06e15b,6,rms,auditory_cortex,full,-0.42914089934669847
s06e15b,6,rms,dorsal_str,some,0.2549736933249622
s06e15b,6,rms,dorsal_str,full,0.5439584264024543
s06e15b,6,rms,ventral_str,some,0.25311938116760757
s06e15b,6,rms,ventral_str,full,0.40377413314913546
s06e15b,6,prob,rTPJ,some,0.5377960339991339
s06e15b,6,prob,rTPJ,full,1.0123347448112523
s06e15b,6,prob,visual_cortex,some,1.135187944836994
s06e15b,6,prob,visual_cortex,full,1.122673250811394
s06e15b,6,prob,auditory_cortex,some,-0.5273568748427212
s06e15b,6,prob,auditory_cortex,full,-0.9455163459963588
s06e15b,6,prob,dorsal_str,some,0.29511634864303726
s06e15b,6,prob,dorsal_str,full,0.49670961078237774
s06e15b,6,prob,ventral_str,some,0.2518809211278304
s06e15b,6,prob,ventral_str,full,0.4055458109142411
s06e15b,6,humor,rTPJ,some,1.3017249695447255
s06e15b,6,humor,rTPJ,full,0.6174815965347694
s06e15b,6,humor,visual_cortex,some,1.6926816480267997
s06e15b,6,humor,visual_cortex,full,1.0688204856962171
s06e15b,6,humor,auditory_cortex,some,-0.335674797391754
s06e15b,6,humor,auditory_cortex,full,-0.8366158183661706
s06e15b,6,humor,dorsal_str,some,0.5212961193255272
s06e15b,6,humor,dorsal_str,full,0.405896638611433
s06e15b,6,humor,ventral_str,some,0.10862315703785162
s06e15b,6,humor,ventral_str,full,0.427836214492065
s06e15c,6,rms,rTPJ,some,0.5766219991759344
s06e15c,6,rms,rTPJ,full,0.2952094433996513
s06e15c,6,rms,visual_cortex,some,1.319569155356517
s06e15c,6,rms,visual_cortex,full,0.13107217350767794
s06e15c,6,rms,auditory_cortex,some,-0.4343653163356033
s06e15c,6,rms,auditory_cortex,full,-0.2059207759645742
s06e15c,6,rms,dorsal_str,some,0.5754866513584393
s06e15c,6,rms,dorsal_str,full,0.37182011050083713
s06e15c,6,rms,ventral_str,some,0.19157898780566376
s06e15c,6,rms,ventral_str,full,0.15937868886235831
s06e15c,6,prob,rTPJ,some,0.2645346533083528
s06e15c,6,prob,rTPJ,full,0.7943405822176128
s06e15c,6,prob,visual_cortex,some,1.2044180482200413
s06e15c,6,prob,visual_cortex,full,0.354479636947973
s06e15c,6,prob,auditory_cortex,some,-0.15335808979493398
s06e15c,6,prob,auditory_cortex,full,-0.6544420822323045
s06e15c,6,prob,dorsal_str,some,0.48862714809290775
s06e15c,6,prob,dorsal_str,full,0.5152721590465671
s06e15c,6,prob,ventral_str,some,0.1417473594542601
s06e15c,6,prob,ventral_str,full,0.23861529468860876
s06e15c,6,humor,rTPJ,some,0.4517437535881862
s06e15c,6,humor,rTPJ,full,0.49217531056149144
s06e15c,6,humor,visual_cortex,some,0.9915713032631854
s06e15c,6,humor,visual_cortex,full,0.8508011831838258
s06e15c,6,humor,auditory_cortex,some,0.21852133070829782
s06e15c,6,humor,auditory_cortex,full,-0.8525551123434029
s06e15c,6,humor,dorsal_str,some,0.5211273471168778
s06e15c,6,humor,dorsal_str,full,0.46422853313091605
s06e15c,6,humor,ventral_str,some,0.28919519221660617
s06e15c,6,humor,ventral_str,full,0.087161205943736
s06e15d,6,rms,rTPJ,some,0.012828105822602704
s06e15d,6,rms,rTPJ,full,-0.07000652031520427
s06e15d,6,rms,visual_cortex,some,0.8617739718302699
s06e15d,6,rms,visual_cortex,full,0.6563343114405069
s06e15d,6,rms,auditory_cortex,some,-0.8261096196520691
s06e15d,6,rms,auditory_cortex,full,-0.5522433211028461
s06e15d,6,rms,dorsal_str,some,-0.057193903550340666
s06e15d,6,rms,dorsal_str,full,0.10534762057571992
s06e15d,6,rms,ventral_str,some,0.09503615958087772
s06e15d,6,rms,ventral_str,full,0.1537307535253405
s06e15d,6,prob,rTPJ,some,0.02795397019614207
s06e15d,6,prob,rTPJ,full,-0.13721684397853623
s06e15d,6,prob,visual_cortex,some,0.8864409448713325
s06e15d,6,prob,visual_cortex,full,0.5079380441267927
s06e15d,6,prob,auditory_cortex,some,-0.3765408942039606
s06e15d,6,prob,auditory_cortex,full,-1.0414015034868616
s06e15d,6,prob,dorsal_str,some,0.16395986253695483
s06e15d,6,prob,dorsal_str,full,-0.11994219060970263
s06e15d,6,prob,ventral_str,some,0.20826418813265118
s06e15d,6,prob,ventral_str,full,0.02486309540979864
s06e15d,6,humor,rTPJ,some,-0.2811550890750607
s06e15d,6,humor,rTPJ,full,0.22340870295555273
s06e15d,6,humor,visual_cortex,some,0.5542938917019784
s06e15d,6,humor,visual_cortex,full,0.9228112119777933
s06e15d,6,humor,auditory_cortex,some,-0.6187093239427958
s06e15d,6,humor,auditory_cortex,full,-0.6859676639806579
s06e15d,6,humor,dorsal_str,some,-0.1695169826954765
s06e15d,6,humor,dorsal_str,full,0.28350528889944127
s06e15d,6,humor,ventral_str,some,-0.050248474024632526
s06e15d,6,humor,ventral_str,full,0.3326229984528817
s06e17a,6,rms,rTPJ,some,0.6333376866981321
s06e17a,6,rms,rTPJ,full,0.663878563166636
s06e17a,6,rms,visual_cortex,some,0.3008359616667806
s06e17a,6,rms,visual_cortex,full,0.9192395251074532
s06e17a,6,rms,auditory_cortex,some,-0.743336612967751
s06e17a,6,rms,auditory_cortex,full,-0.4098434801898049
s06e17a,6,rms,dorsal_str,some,0.25071573285843674
s06e17a,6,rms,dorsal_str,full,0.3208874473972336
s06e17a,6,rms,ventral_str,some,-0.024668825420005785
s06e17a,6,rms,ventral_str,full,-0.006769099196556563
s06e17a,6,prob,rTPJ,some,0.8711823686102014
s06e17a,6,prob,rTPJ,full,0.2281954713195028
s06e17a,6,prob,visual_cortex,some,0.9410380553345145
s06e17a,6,prob,visual_cortex,full,0.46618526648053416
s06e17a,6,prob,auditory_cortex,some,-0.2408836417678668
s06e17a,6,prob,auditory_cortex,full,-0.9692263520115821
s06e17a,6,prob,dorsal_str,some,0.31259826632191656
s06e17a,6,prob,dorsal_str,full,0.2910482898825673
s06e17a,6,prob,ventral_str,some,0.006776301209870231
s06e17a,6,prob,ventral_str,full,-0.045765126581209084
s06e17a,6,humor,rTPJ,some,0.24572831595082656
s06e17a,6,humor,rTPJ,full,0.9389762341222699
s06e17a,6,humor,visual_cortex,some,0.7090446171902042
s06e17a,6,humor,visual_cortex,full,0.8336129235660362
s06e17a,6,humor,auditory_cortex,some,-0.45746933373922033
s06e17a,6,humor,auditory_cortex,full,-0.5010447961347951
s06e17a,6,humor,dorsal_str,some,0.24209164788469192
s06e17a,6,humor,dorsal_str,full,0.34880876375539105
s06e17a,6,humor,ventral_str,some,0.09243656814333663
s06e17a,6,humor,ventral_str,full,-0.0813722015252589
s06e17b,6,rms,rTPJ,some,0.48708140988899395
s06e17b,6,rms,rTPJ,full,0.6246333751904263
s06e17b,6,rms,visual_cortex,some,0.9310549450482797
s06e17b,6,rms,visual_cortex,full,-0.05661653889649254
s06e17b,6,rms,auditory_cortex,some,-0.2011453340790984
s06e17b,6,rms,auditory_cortex,full,-0.6653571865513155
s06e17b,6,rms,dorsal_str,some,0.5067440592827105
s06e17b,6,rms,dorsal_str,full,0.3640697353223834
s06e17b,6,rms,ventral_str,some,0.38512890199180483
s06e17b,6,rms,ventral_str,full,0.09152501491222317
s06e17b,6,prob,rTPJ,some,0.3519734568141515
s06e17b,6,prob,rTPJ,full,1.2004444525717226
s06e17b,6,prob,visual_cortex,some,-0.18873570263558687
s06e17b,6,prob,visual_cortex,full,1.1937612795079937
s06e17b,6,prob,auditory_cortex,some,-0.51036998501087
s06e17b,6,prob,auditory_cortex,full,-0.6370139064621425
s06e17b,6,prob,dorsal_str,some,0.32493274068768474
s06e17b,6,prob,dorsal_str,full,0.5963588676880319
s06e17b,6,prob,ventral_str,some,0.07214608800812808
s06e17b,6,prob,ventral_str,full,0.4119590059602104
s06e17b,6,humor,rTPJ,some,0.34720090710672097
s06e17b,6,humor,rTPJ,full,1.037857760828579
s06e17b,6,humor,visual_cortex,some,0.16127459098228103
s06e17b,6,humor,visual_cortex,full,0.2655222481883602
s06e17b,6,humor,auditory_cortex,some,-0.37227634873159426
s06e17b,6,humor,auditory_cortex,full,-0.8674447825230489
s06e17b,6,humor,dorsal_str,some,0.30306090401723573
s06e17b,6,humor,dorsal_str,full,0.5820662406823911
s06e17b,6,humor,ventral_str,some,0.008718114985689862
s06e17b,6,humor,ventral_str,full,0.4608919587899632
s06e18a,6,rms,rTPJ,some,1.5532880230906692
s06e18a,6,rms,rTPJ,full,0.20489430744691217
s06e18a,6,rms,visual_cortex,some,1.5039327435595968
s06e18a,6,rms,visual_cortex,full,0.21387032638745318
s06e18a,6,rms,auditory_cortex,some,-1.5960726652486412
s06e18a,6,rms,auditory_cortex,full,-0.6748445103117863
s06e18a,6,rms,dorsal_str,some,0.6289889674314396
s06e18a,6,rms,dorsal_str,full,0.22770704726536467
s06e18a,6,rms,ventral_str,some,0.7649330787685956
s06e18a,6,rms,ventral_str,full,0.007593380019424542
s06e18a,6,prob,rTPJ,some,0.6165831587691699
s06e18a,6,prob,rTPJ,full,-0.19804861231664145
s06e18a,6,prob,visual_cortex,some,0.4590798889867272
s06e18a,6,prob,visual_cortex,full,0.3387208866770022
s06e18a,6,prob,auditory_cortex,some,-0.7559326304751671
s06e18a,6,prob,auditory_cortex,full,-1.0867400915054741
s06e18a,6,prob,dorsal_str,some,0.23286949083888642
s06e18a,6,prob,dorsal_str,full,0.5106584491275868
s06e18a,6,prob,ventral_str,some,0.06433453776344149
s06e18a,6,prob,ventral_str,full,0.38026999087043417
s06e18a,6,humor,rTPJ,some,0.4537260065493805
s06e18a,6,humor,rTPJ,full,0.4232074524737767
s06e18a,6,humor,visual_cortex,some,0.44400833996064026
s06e18a,6,humor,visual_cortex,full,0.42638071888885276
s06e18a,6,humor,auditory_cortex,some,-1.0657467887211496
s06e18a,6,humor,auditory_cortex,full,-0.7225509969063882
s06e18a,6,humor,dorsal_str,some,-0.5939854422509137
s06e18a,6,humor,dorsal_str,full,0.7040392741945356
s06e18a,6,humor,ventral_str,some,-0.42138234257405205
s06e18a,6,humor,ventral_str,full,0.3913972633052201
s06e18b,6,rms,rTPJ,some,0.16777539857034154
s06e18b,6,rms,rTPJ,full,0.8118557506931383
s06e18b,6,rms,visual_cortex,some,0.2760716945822501
s06e18b,6,rms,visual_cortex,full,0.9610511680019557
s06e18b,6,rms,auditory_cortex,some,-0.19743858778363743
s06e18b,6,rms,auditory_cortex,full,0.4584018543167228
s06e18b,6,rms,dorsal_str,some,-0.048446072433021625
s06e18b,6,rms,dorsal_str,full,0.3913734723965631
s06e18b,6,rms,ventral_str,some,0.28310639517532343
s06e18b,6,rms,ventral_str,full,0.23459826256023966
s06e18b,6,prob,rTPJ,some,1.0033636727877222
s06e18b,6,prob,rTPJ,full,0.34430313068412594
s06e18b,6,prob,visual_cortex,some,0.6464619637219715
s06e18b,6,prob,visual_cortex,full,1.0222980667161112
s06e18b,6,prob,auditory_cortex,some,0.5641987627869373
s06e18b,6,prob,auditory_cortex,full,0.07844502324408027
s06e18b,6,prob,dorsal_str,some,0.6040244845407484
s06e18b,6,prob,dorsal_str,full,-0.016134577276724505
s06e18b,6,prob,ventral_str,some,0.40202592738289883
s06e18b,6,prob,ventral_str,full,0.07384388186912366
s06e18b,6,humor,rTPJ,some,0.6751921469715816
s06e18b,6,humor,rTPJ,full,0.7023136346235125
s06e18b,6,humor,visual_cortex,some,0.6723768383196416
s06e18b,6,humor,visual_cortex,full,1.0561129964198501
s06e18b,6,humor,auditory_cortex,some,0.2837959748871717
s06e18b,6,humor,auditory_cortex,full,0.3991796106635297
s06e18b,6,humor,dorsal_str,some,0.1801030946687058
s06e18b,6,humor,dorsal_str,full,0.4906626241259077
s06e18b,6,humor,ventral_str,some,0.02996620971418777
s06e18b,6,humor,ventral_str,full,0.5600786304450961
s06e19a,6,rms,rTPJ,some,0.21125731445409834
s06e19a,6,rms,rTPJ,full,-0.27818139317065754
s06e19a,6,rms,visual_cortex,some,1.0247512888687231
s06e19a,6,rms,visual_cortex,full,0.26137832221595747
s06e19a,6,rms,auditory_cortex,some,-0.10754734778510988
s06e19a,6,rms,auditory_cortex,full,-0.37216140726980873
s06e19a,6,rms,dorsal_str,some,0.09816805671552717
s06e19a,6,rms,dorsal_str,full,0.04967835009120021
s06e19a,6,rms,ventral_str,some,0.09669671654271336
s06e19a,6,rms,ventral_str,full,0.16303173321375775
s06e19a,6,prob,rTPJ,some,-0.3291543974633129
s06e19a,6,prob,rTPJ,full,0.06559042388789954
s06e19a,6,prob,visual_cortex,some,0.3520307526181358
s06e19a,6,prob,visual_cortex,full,0.6138728631338575
s06e19a,6,prob,auditory_cortex,some,-0.1836011521541814
s06e19a,6,prob,auditory_cortex,full,-0.4196036667374285
s06e19a,6,prob,dorsal_str,some,0.11936478573633855
s06e19a,6,prob,dorsal_str,full,0.0030579784998192652
s06e19a,6,prob,ventral_str,some,0.21629383663237875
s06e19a,6,prob,ventral_str,full,0.06640030967843442
s06e19a,6,humor,rTPJ,some,0.1820197098835011
s06e19a,6,humor,rTPJ,full,-0.3900853160116641
s06e19a,6,humor,visual_cortex,some,0.9329059555505386
s06e19a,6,humor,visual_cortex,full,0.1229281112584846
s06e19a,6,humor,auditory_cortex,some,0.10363411589479213
s06e19a,6,humor,auditory_cortex,full,-0.6097878039021917
s06e19a,6,humor,dorsal_str,some,0.1684897826750691
s06e19a,6,humor,dorsal_str,full,-0.01854257323386302
s06e19a,6,humor,ventral_str,some,0.22089279642614193
s06e19a,6,humor,ventral_str,full,0.08437682172519029
s06e19b,6,rms,rTPJ,some,0.9139554937348011
s06e19b,6,rms,rTPJ,full,0.46039705162099626
s06e19b,6,rms,visual_cortex,some,0.90970072659571
s06e19b,6,rms,visual_cortex,full,0.6716271893232695
s06e19b,6,rms,auditory_cortex,some,-0.5125289808722588
s06e19b,6,rms,auditory_cortex,full,-0.5730214228012526
s06e19b,6,rms,dorsal_str,some,0.3475843485423896
s06e19b,6,rms,dorsal_str,full,0.19410021826232132
s06e19b,6,rms,ventral_str,some,0.42099556234730573
s06e19b,6,rms,ventral_str,full,0.24928867604856178
s06e19b,6,prob,rTPJ,some,0.2429084811265951
s06e19b,6,prob,rTPJ,full,0.8787731076369545
s06e19b,6,prob,visual_cortex,some,0.2480935504572475
s06e19b,6,prob,visual_cortex,full,1.1658056545221853
s06e19b,6,prob,auditory_cortex,some,-0.4526389639711069
s06e19b,6,prob,auditory_cortex,full,-0.6498061358395253
s06e19b,6,prob,dorsal_str,some,0.23356702794326953
s06e19b,6,prob,dorsal_str,full,0.23533234911514947
s06e19b,6,prob,ventral_str,some,0.33812732417808655
s06e19b,6,prob,ventral_str,full,0.2557568549071965
s06e19b,6,humor,rTPJ,some,0.8646644245052153
s06e19b,6,humor,rTPJ,full,0.43698982604660497
s06e19b,6,humor,visual_cortex,some,1.1221865159691058
s06e19b,6,humor,visual_cortex,full,0.5398594392307768
s06e19b,6,humor,auditory_cortex,some,0.10346816425324493
s06e19b,6,humor,auditory_cortex,full,-0.8882174345557433
s06e19b,6,humor,dorsal_str,some,0.2577430448341508
s06e19b,6,humor,dorsal_str,full,0.2228524811754436
s06e19b,6,humor,ventral_str,some,0.2327041057698146
s06e19b,6,humor,ventral_str,full,0.32545756592468816
s06e20a,6,rms,rTPJ,some,1.180677571186611
s06e20a,6,rms,rTPJ,full,0.07821502229110491
s06e20a,6,rms,visual_cortex,some,1.624131028117731
s06e20a,6,rms,visual_cortex,full,-0.36601704062710994
s06e20a,6,rms,auditory_cortex,some,-0.3894161783809233
s06e20a,6,rms,auditory_cortex,full,-0.8329503282951439
s06e20a,6,rms,dorsal_str,some,0.5349209467537795
s06e20a,6,rms,dorsal_str,full,0.23665027318871634
s06e20a,6,rms,ventral_str,some,0.030307911794766954
s06e20a,6,rms,ventral_str,full,-0.009929552392094457
s06e20a,6,prob,rTPJ,some,0.3239243692856152
s06e20a,6,prob,rTPJ,full,0.5538193589258386
s06e20a,6,prob,visual_cortex,some,-0.21656602408472891
s06e20a,6,prob,visual_cortex,full,1.016345214628451
s06e20a,6,prob,auditory_cortex,some,-0.7234193252836935
s06e20a,6,prob,auditory_cortex,full,-0.6606290564791982
s06e20a,6,prob,dorsal_str,some,0.26402041919424885
s06e20a,6,prob,dorsal_str,full,0.43497556769407775
s06e20a,6,prob,ventral_str,some,-0.013706981665482475
s06e20a,6,prob,ventral_str,full,0.03012905948532115
s06e20a,6,humor,rTPJ,some,0.16396383224322475
s06e20a,6,humor,rTPJ,full,0.5754357281351763
s06e20a,6,humor,visual_cortex,some,-0.23618616696938508
s06e20a,6,humor,visual_cortex,full,0.54892910548794
s06e20a,6,humor,auditory_cortex,some,-0.9229790218991877
s06e20a,6,humor,auditory_cortex,full,-0.5462523254108882
s06e20a,6,humor,dorsal_str,some,0.2032581901151988
s06e20a,6,humor,dorsal_str,full,0.410555954175364
s06e20a,6,humor,ventral_str,some,0.06852917918819876
s06e20a,6,humor,ventral_str,full,-0.04420484428109227
s06e20b,6,rms,rTPJ,some,0.9720718866278844
s06e20b,6,rms,rTPJ,full,0.3447140522465048
s06e20b,6,rms,visual_cortex,some,1.4636515459370911
s06e20b,6,rms,visual_cortex,full,0.575875140806061
s06e20b,6,rms,auditory_cortex,some,-0.47873723354679637
s06e20b,6,rms,auditory_cortex,full,-0.2104910319327825
s06e20b,6,rms,dorsal_str,some,0.6330702529565003
s06e20b,6,rms,dorsal_str,full,0.27463138816405575
s06e20b,6,rms,ventral_str,some,0.19406093089917692
s06e20b,6,rms,ventral_str,full,0.025083464835141952
s06e20b,6,prob,rTPJ,some,0.3937639978855721
s06e20b,6,prob,rTPJ,full,0.3761967882584848
s06e20b,6,prob,visual_cortex,some,0.7139750006318152
s06e20b,6,prob,visual_cortex,full,0.5548090260295413
s06e20b,6,prob,auditory_cortex,some,0.03710714053891297
s06e20b,6,prob,auditory_cortex,full,-0.480513446687587
s06e20b,6,prob,dorsal_str,some,0.36937610689839984
s06e20b,6,prob,dorsal_str,full,0.22888235780683222
s06e20b,6,prob,ventral_str,some,0.0179735191015997
s06e20b,6,prob,ventral_str,full,0.05297597618471043
s06e20b,6,humor,rTPJ,some,0.11535722749488425
s06e20b,6,humor,rTPJ,full,0.49158350879597046
s06e20b,6,humor,visual_cortex,some,0.31028674465271316
s06e20b,6,humor,visual_cortex,full,0.7603317499833362
s06e20b,6,humor,auditory_cortex,some,0.24771989770875608
s06e20b,6,humor,auditory_cortex,full,-0.4160567192742214
s06e20b,6,humor,dorsal_str,some,0.397802038410477
s06e20b,6,humor,dorsal_str,full,0.2577700455217779
s06e20b,6,humor,ventral_str,some,0.006533608563924674
s06e20b,6,humor,ventral_str,full,0.04750648437934299
s06e21a,6,rms,rTPJ,some,-0.020556715511523105
s06e21a,6,rms,rTPJ,full,0.4731872147670827
s06e21a,6,rms,visual_cortex,some,-0.6018825574441075
s06e21a,6,rms,visual_cortex,full,0.4945856756085829
s06e21a,6,rms,auditory_cortex,some,-1.047136537034611
s06e21a,6,rms,auditory_cortex,full,-0.2930233166335174
s06e21a,6,rms,dorsal_str,some,-0.593087610126614
s06e21a,6,rms,dorsal_str,full,0.17288859987069244
s06e21a,6,rms,ventral_str,some,-0.3773967760445199
s06e21a,6,rms,ventral_str,full,-0.04588454151848144
s06e21a,6,prob,rTPJ,some,0.20655589949660208
s06e21a,6,prob,rTPJ,full,0.7609954388793729
s06e21a,6,prob,visual_cortex,some,0.27868635559384386
s06e21a,6,prob,visual_cortex,full,0.21173434073014058
s06e21a,6,prob,auditory_cortex,some,-0.48333335756683665
s06e21a,6,prob,auditory_cortex,full,-0.3850654047238724
s06e21a,6,prob,dorsal_str,some,-0.05906591888509741
s06e21a,6,prob,dorsal_str,full,0.17412026295826705
s06e21a,6,prob,ventral_str,some,-0.037610468491723476
s06e21a,6,prob,ventral_str,full,-0.3116537435381198
s06e21a,6,humor,rTPJ,some,0.12592031033579631
s06e21a,6,humor,rTPJ,full,0.4703803537477428
s06e21a,6,humor,visual_cortex,some,-0.19996354352848014
s06e21a,6,humor,visual_cortex,full,0.45559429907388116
s06e21a,6,humor,auditory_cortex,some,-0.7238530306647939
s06e21a,6,humor,auditory_cortex,full,-0.33986995211122933
s06e21a,6,humor,dorsal_str,some,-0.09606581142205049
s06e21a,6,humor,dorsal_str,full,0.05321258983499992
s06e21a,6,humor,ventral_str,some,-0.13153727029234652
s06e21a,6,humor,ventral_str,full,-0.11082436109429693
s06e21b,6,rms,rTPJ,some,0.2309687922644444
s06e21b,6,rms,rTPJ,full,0.4607887095578016
s06e21b,6,rms,visual_cortex,some,0.6784812544163115
s06e21b,6,rms,visual_cortex,full,0.8236929075458794
s06e21b,6,rms,auditory_cortex,some,-1.099331991795178
s06e21b,6,rms,auditory_cortex,full,-0.475697380522119
s06e21b,6,rms,dorsal_str,some,0.05784237652664645
s06e21b,6,rms,dorsal_str,full,0.16513449097573835
s06e21b,6,rms,ventral_str,some,0.21823543064926418
s06e21b,6,rms,ventral_str,full,-0.04155932216883036
s06e21b,6,prob,rTPJ,some,0.454641965364854
s06e21b,6,prob,rTPJ,full,0.3494132158609147
s06e21b,6,prob,visual_cortex,some,1.0349501930069884
s06e21b,6,prob,visual_cortex,full,0.3176237007546394
s06e21b,6,prob,auditory_cortex,some,-0.35864206327694903
s06e21b,6,prob,auditory_cortex,full,-1.048759314735634
s06e21b,6,prob,dorsal_str,some,0.10869786083853628
s06e21b,6,prob,dorsal_str,full,0.2216206302487989
s06e21b,6,prob,ventral_str,some,-0.0778956377970577
s06e21b,6,prob,ventral_str,full,0.1720014673231135
s06e21b,6,humor,rTPJ,some,0.6851149273238645
s06e21b,6,humor,rTPJ,full,0.3619115722189994
s06e21b,6,humor,visual_cortex,some,0.9067429118542976
s06e21b,6,humor,visual_cortex,full,0.774038448471893
s06e21b,6,humor,auditory_cortex,some,-0.44580925078979977
s06e21b,6,humor,auditory_cortex,full,-0.6175599749233841
s06e21b,6,humor,dorsal_str,some,0.1373933637357618
s06e21b,6,humor,dorsal_str,full,0.14791137980222657
s06e21b,6,humor,ventral_str,some,-0.05450727120873423
s06e21b,6,humor,ventral_str,full,0.01764662821669175
s06e22a,6,rms,rTPJ,some,-0.8132728889404557
s06e22a,6,rms,rTPJ,full,0.6425018828995349
s06e22a,6,rms,visual_cortex,some,0.6730102667335931
s06e22a,6,rms,visual_cortex,full,0.5750775806476071
s06e22a,6,rms,auditory_cortex,some,-1.1984234665649387
s06e22a,6,rms,auditory_cortex,full,-0.5498726444210518
s06e22a,6,rms,dorsal_str,some,-0.6744962343384333
s06e22a,6,rms,dorsal_str,full,0.1940354262091556
s06e22a,6,rms,ventral_str,some,-0.399947243328517
s06e22a,6,rms,ventral_str,full,0.0526929304863655
s06e22a,6,prob,rTPJ,some,0.6996344826147742
s06e22a,6,prob,rTPJ,full,0.15157188518149234
s06e22a,6,prob,visual_cortex,some,0.9263784409494886
s06e22a,6,prob,visual_cortex,full,0.12211201691467763
s06e22a,6,prob,auditory_cortex,some,-0.34809260455941454
s06e22a,6,prob,auditory_cortex,full,-1.0098752746013195
s06e22a,6,prob,dorsal_str,some,0.14813024890604812
s06e22a,6,prob,dorsal_str,full,0.010603595320532063
s06e22a,6,prob,ventral_str,some,-0.12092992736487812
s06e22a,6,prob,ventral_str,full,0.16194968849640717
s06e22a,6,humor,rTPJ,some,0.8171149726268159
s06e22a,6,humor,rTPJ,full,0.16909561028851133
s06e22a,6,humor,visual_cortex,some,0.8723007056897688
s06e22a,6,humor,visual_cortex,full,0.34201108002387776
s06e22a,6,humor,auditory_cortex,some,-0.2929550398045258
s06e22a,6,humor,auditory_cortex,full,-0.9143613757238337
s06e22a,6,humor,dorsal_str,some,0.24225557876382575
s06e22a,6,humor,dorsal_str,full,-0.040426923818054426
s06e22a,6,humor,ventral_str,some,0.03811069663941398
s06e22a,6,humor,ventral_str,full,-0.03544863783069019
s06e22b,6,rms,rTPJ,some,0.7399352255292369
s06e22b,6,rms,rTPJ,full,0.33946125591594767
s06e22b,6,rms,visual_cortex,some,0.7557225930251774
s06e22b,6,rms,visual_cortex,full,0.5059112725432348
s06e22b,6,rms,auditory_cortex,some,-0.6126640746819505
s06e22b,6,rms,auditory_cortex,full,-0.3509554731648229
s06e22b,6,rms,dorsal_str,some,0.3229099028643625
s06e22b,6,rms,dorsal_str,full,0.11881026957028315
s06e22b,6,rms,ventral_str,some,0.09096008038681078
s06e22b,6,rms,ventral_str,full,-0.11371579223914932
s06e22b,6,prob,rTPJ,some,0.3847719531329786
s06e22b,6,prob,rTPJ,full,0.4935747324060946
s06e22b,6,prob,visual_cortex,some,0.5163922519929831
s06e22b,6,prob,visual_cortex,full,0.6590618400172572
s06e22b,6,prob,auditory_cortex,some,-0.3205886630418845
s06e22b,6,prob,auditory_cortex,full,-0.643964800009551
s06e22b,6,prob,dorsal_str,some,0.15378268800916112
s06e22b,6,prob,dorsal_str,full,0.15926414726867996
s06e22b,6,prob,ventral_str,some,-0.031661705609787996
s06e22b,6,prob,ventral_str,full,-0.22378251954073908
s06e22b,6,humor,rTPJ,some,0.38820899914647455
s06e22b,6,humor,rTPJ,full,0.4424700353312613
s06e22b,6,humor,visual_cortex,some,0.4988678211826299
s06e22b,6,humor,visual_cortex,full,0.623314116518428
s06e22b,6,humor,auditory_cortex,some,-0.5027133525561128
s06e22b,6,humor,auditory_cortex,full,-0.24812167828584097
s06e22b,6,humor,dorsal_str,some,0.03662045860157584
s06e22b,6,humor,dorsal_str,full,0.3231979097440974
s06e22b,6,humor,ventral_str,some,-0.20538219344150999
s06e22b,6,humor,ventral_str,full,0.10436765300288683
s06e23a,6,rms,rTPJ,some,-0.03576909877742432
s06e23a,6,rms,rTPJ,full,0.16891012729462526
s06e23a,6,rms,visual_cortex,some,0.5395530352986181
s06e23a,6,rms,visual_cortex,full,0.41387459785600533
s06e23a,6,rms,auditory_cortex,some,-1.2117634202353007
s06e23a,6,rms,auditory_cortex,full,-0.2101094013077809
s06e23a,6,rms,dorsal_str,some,0.10540690113161971
s06e23a,6,rms,dorsal_str,full,0.39874529251260177
s06e23a,6,rms,ventral_str,some,0.08046248555899704
s06e23a,6,rms,ventral_str,full,0.11046716012161421
s06e23a,6,prob,rTPJ,some,0.039547469878813774
s06e23a,6,prob,rTPJ,full,0.17787008453521044
s06e23a,6,prob,visual_cortex,some,0.4482954517547859
s06e23a,6,prob,visual_cortex,full,0.45830397266476586
s06e23a,6,prob,auditory_cortex,some,-0.09584757821803971
s06e23a,6,prob,auditory_cortex,full,-0.9952796552385528
s06e23a,6,prob,dorsal_str,some,0.11639419549897867
s06e23a,6,prob,dorsal_str,full,0.5191370455933524
s06e23a,6,prob,ventral_str,some,0.1139509386237301
s06e23a,6,prob,ventral_str,full,0.08687956058909689
s06e23a,6,humor,rTPJ,some,0.047320632160991125
s06e23a,6,humor,rTPJ,full,0.1389418642504871
s06e23a,6,humor,visual_cortex,some,0.2765662543604965
s06e23a,6,humor,visual_cortex,full,0.556282166186779
s06e23a,6,humor,auditory_cortex,some,-0.9657836655884429
s06e23a,6,humor,auditory_cortex,full,-0.26278736652863366
s06e23a,6,humor,dorsal_str,some,0.08582964250229443
s06e23a,6,humor,dorsal_str,full,0.4369144690145731
s06e23a,6,humor,ventral_str,some,-0.10495745063479608
s06e23a,6,humor,ventral_str,full,0.22167513713154224
s06e23b,6,rms,rTPJ,some,0.0692272480334277
s06e23b,6,rms,rTPJ,full,0.1921256315080914
s06e23b,6,rms,visual_cortex,some,0.2130733767345393
s06e23b,6,rms,visual_cortex,full,0.370190332776377
s06e23b,6,rms,auditory_cortex,some,-0.19452154737035715
s06e23b,6,rms,auditory_cortex,full,-0.6707154876910604
s06e23b,6,rms,dorsal_str,some,-0.09734584571087629
s06e23b,6,rms,dorsal_str,full,0.2407797545276196
s06e23b,6,rms,ventral_str,some,0.055748690086847685
s06e23b,6,rms,ventral_str,full,0.021459951692891947
s06e23b,6,prob,rTPJ,some,0.22757018834335352
s06e23b,6,prob,rTPJ,full,0.10202991343794295
s06e23b,6,prob,visual_cortex,some,0.011590336708736451
s06e23b,6,prob,visual_cortex,full,0.6650562266793445
s06e23b,6,prob,auditory_cortex,some,-0.7338297657156949
s06e23b,6,prob,auditory_cortex,full,-0.3969716421780063
s06e23b,6,prob,dorsal_str,some,-0.06410252921449486
s06e23b,6,prob,dorsal_str,full,0.4014129810818716
s06e23b,6,prob,ventral_str,some,-0.20956184749175744
s06e23b,6,prob,ventral_str,full,0.27108744550430997
s06e23b,6,humor,rTPJ,some,0.05540130836668331
s06e23b,6,humor,rTPJ,full,0.3148720210915869
s06e23b,6,humor,visual_cortex,some,0.32531236765946775
s06e23b,6,humor,visual_cortex,full,0.3502242511819158
s06e23b,6,humor,auditory_cortex,some,-0.6074532393794545
s06e23b,6,humor,auditory_cortex,full,-0.511140185442796
s06e23b,6,humor,dorsal_str,some,0.14413921425720527
s06e23b,6,humor,dorsal_str,full,0.19789362940991767
s06e23b,6,humor,ventral_str,some,0.10914829141330396
s06e23b,6,humor,ventral_str,full,-0.0802418952100967
