roi_idx,label,beta,t,p,p_fdr,sig
0,7Networks_LH_Vis_1,0.3219795119531114,26.955335751102844,2.0784504401478034e-79,2.8599478056433776e-78,***
1,7Networks_LH_Vis_2,0.463864580069232,31.29449333514844,6.17737306502158e-93,2.5795758707572194e-91,***
2,7Networks_LH_Vis_3,0.2309372242318011,17.988698598285158,1.833705548010069e-48,5.734497350140579e-48,***
3,7Networks_LH_Vis_4,0.4679631498030725,29.5754798461188,1.0642201497457616e-87,3.13792912725036e-86,***
4,7Networks_LH_Vis_5,0.3156290755587428,19.822982861250402,4.6944919371544214e-55,1.781145470273295e-54,***
5,7Networks_LH_Vis_6,0.40253372457061576,27.79309503794464,4.228544969319512e-82,8.2336951100712e-81,***
6,7Networks_LH_Vis_7,0.21728817352150906,16.012582959869473,2.6545895944543913e-41,6.848841153692329e-41,***
7,7Networks_LH_Vis_8,0.4947599343895982,26.99831570075392,1.5091320016605112e-79,2.1334578434433527e-78,***
8,7Networks_LH_Vis_9,0.4139190235200034,27.25150906874163,2.3005978956621056e-80,3.7097141067551455e-79,***
9,7Networks_LH_Vis_10,0.546586759965484,31.19372701965146,1.2397518526335278e-92,4.7386070811770395e-91,***
10,7Networks_LH_Vis_11,0.49719468757702473,27.272700076359044,1.966206287105959e-80,3.2208331560211903e-79,***
11,7Networks_LH_Vis_12,0.3675841270963438,24.631406356261603,9.57348663971234e-72,7.967611461438011e-71,***
12,7Networks_LH_Vis_13,0.42884322026769917,26.956994628246193,2.052921864712026e-79,2.8599478056433776e-78,***
13,7Networks_LH_Vis_14,0.38677437526039304,25.119813749996265,2.222691496810171e-73,2.048051450632229e-72,***
14,7Networks_LH_Vis_15,0.1553611043918643,14.179915334590964,1.0968269139231344e-34,2.383000789828789e-34,***
15,7Networks_LH_Vis_16,0.31110484504276786,21.197327700268698,6.3139812560353e-60,2.921985944497054e-59,***
16,7Networks_LH_Vis_17,0.4452806969633989,26.623605537334978,2.4776018040066645e-78,3.2365633692846556e-77,***
17,7Networks_LH_Vis_18,0.06882798376468127,6.780389176299643,7.219632531460938e-11,9.56439123551693e-11,***
18,7Networks_LH_Vis_19,0.2740217575406194,22.527645522175003,1.4347107502218732e-64,8.271628459379739e-64,***
19,7Networks_LH_Vis_20,0.1393479443123937,13.643975181568926,9.034329041825697e-33,1.8873335164299836e-32,***
20,7Networks_LH_Vis_21,0.3883564048720444,22.325133933734975,7.22178161616739e-64,3.985496592451737e-63,***
21,7Networks_LH_Vis_22,0.20985185884928273,20.38641315168612,4.63762168141828e-57,1.9455388517169367e-56,***
22,7Networks_LH_Vis_23,0.33369439412525254,20.21014299863538,1.961057023958891e-56,7.874750384146208e-56,***
23,7Networks_LH_Vis_24,0.28942551667243865,23.09464340273367,1.591065097539446e-66,9.95138897370126e-66,***
24,7Networks_LH_Vis_25,0.2437153382907496,19.440896708013923,1.0897395012334602e-53,4.016468447403325e-53,***
25,7Networks_LH_Vis_26,0.26392893747804674,18.847738730028627,1.4650078978593647e-51,5.1077302384826495e-51,***
26,7Networks_LH_Vis_27,0.19087614165422792,14.397559392645013,1.815044527087256e-35,4.054385177389715e-35,***
27,7Networks_LH_Vis_28,0.10502341829039492,9.950634375030333,3.831075753627029e-20,6.063911315556892e-20,***
28,7Networks_LH_Vis_29,0.4754052258074368,27.149723100616196,4.895743385518755e-80,7.772934113623623e-79,***
29,7Networks_LH_Vis_30,0.22818404369247933,19.003630387428128,4.032004426100744e-52,1.4153158393659754e-51,***
30,7Networks_LH_Vis_31,0.16704062227142716,14.512863126293007,6.987762290994854e-36,1.5779804560846147e-35,***
31,7Networks_LH_Vis_32,0.21497861686786993,18.44926102944035,3.987764710308707e-50,1.3232711193050114e-49,***
32,7Networks_LH_Vis_33,0.30882028931503797,22.92350257708558,6.169016717086401e-66,3.7895388404959317e-65,***
33,7Networks_LH_Vis_34,0.47986380515839566,29.083083192703462,3.601657809909059e-86,1.0045705026557158e-84,***
34,7Networks_LH_Vis_35,0.439592026150019,26.891534207907586,3.344112071637129e-79,4.540952181486206e-78,***
35,7Networks_LH_Vis_36,0.4237914302686766,23.233185755537864,5.3245344219407886e-67,3.434324702151809e-66,***
36,7Networks_LH_Vis_37,0.2718176821795397,22.169323936691494,2.5114248414363806e-63,1.3291233006986383e-62,***
37,7Networks_LH_Vis_38,0.27841313197710393,21.177084111734477,7.439439450343772e-60,3.4274560324798094e-59,***
38,7Networks_LH_Vis_39,0.45795388841106904,27.68937592852301,9.064623316098985e-82,1.7008529567662097e-80,***
39,7Networks_LH_Vis_40,0.29950267422462723,23.162614947862284,9.296721173213632e-67,5.922355710343498e-66,***
40,7Networks_LH_Vis_41,0.1414219334233181,11.647888993242113,8.72378232750628e-26,1.5906260356866574e-25,***
41,7Networks_LH_Vis_42,0.4471082610548405,23.965995870295007,1.6871561786633006e-69,1.1925651893017303e-68,***
42,7Networks_LH_Vis_43,0.4531439586291038,25.749022066034254,1.8194071786572245e-75,1.8965941498729853e-74,***
43,7Networks_LH_Vis_44,0.37731667197615093,26.484394609990552,7.038267807493555e-78,8.751195635341383e-77,***
44,7Networks_LH_Vis_45,0.3861626224367523,26.327648801805314,2.286972660199813e-77,2.593577786072755e-76,***
45,7Networks_LH_Vis_46,0.14680346889977003,15.846729236384418,1.0596155137807671e-40,2.6867892143040583e-40,***
46,7Networks_LH_Vis_47,0.40078348897171046,26.032842239559212,2.1154767082438604e-76,2.29807575042912e-75,***
47,7Networks_LH_Vis_48,0.11412238540611483,10.005681074994374,2.547606331049252e-20,4.04481497483512e-20,***
48,7Networks_LH_Vis_49,0.4613296054138526,28.166188826572522,2.7530186955319344e-83,6.22455080979993e-82,***
49,7Networks_LH_Vis_50,0.2532045450152164,20.049098611564386,7.337297189021281e-56,2.8573927166301743e-55,***
50,7Networks_LH_Vis_51,0.4079665568130098,24.469064394937345,3.3649635074134865e-71,2.6919708059307892e-70,***
51,7Networks_LH_Vis_52,0.3211594807905891,20.179716096638035,2.515884254541428e-56,1.002468166288322e-55,***
52,7Networks_LH_Vis_53,0.4761719063295038,27.09270552072342,7.478042712185312e-80,1.1349029527904767e-78,***
53,7Networks_LH_Vis_54,0.40318673664994414,23.151620350129424,1.0140543326058983e-66,6.420270375762497e-66,***
54,7Networks_LH_Vis_55,0.15370788413679914,14.616756100346374,2.954301664036934e-36,6.760175869814004e-36,***
55,7Networks_LH_Vis_56,0.3468476132941298,24.160150999095475,3.710856708400597e-70,2.815885384609864e-69,***
56,7Networks_LH_Vis_57,0.3272621439906621,24.05415208555102,8.478141309160188e-70,6.205277894364053e-69,***
57,7Networks_LH_Vis_58,0.44631266159135746,24.078954560792408,6.986971727689866e-70,5.225039726794161e-69,***
58,7Networks_LH_Vis_59,0.2425836921129059,16.23135568879601,4.2731870547745036e-42,1.1307510360326379e-41,***
59,7Networks_LH_Vis_60,0.3435654821649633,24.075835600753337,7.158992736549693e-70,5.315165830301643e-69,***
60,7Networks_LH_Vis_61,0.42375945513212626,27.104002392135573,6.87581494373989e-80,1.0590807495432188e-78,***
61,7Networks_LH_Vis_62,0.23237612358868442,13.77205754642184,3.156489346965503e-33,6.634413454314458e-33,***
62,7Networks_LH_Vis_63,0.14886707836176194,10.352570816729347,1.90390317460513e-21,3.0893523210573806e-21,***
63,7Networks_LH_Vis_64,0.4227063528828239,23.380697064337756,1.663839963761514e-67,1.0936833392368679e-66,***
64,7Networks_LH_Vis_65,0.2949033952669882,19.3846941865161,1.7321473474380893e-53,6.272196710723186e-53,***
65,7Networks_LH_Vis_66,0.11765849574203646,11.573665378013649,1.5641661350484648e-25,2.8270042931173657e-25,***
66,7Networks_LH_Vis_67,0.3158120242033771,22.9219450607154,6.245660449311385e-66,3.813918096857603e-65,***
67,7Networks_LH_Vis_68,0.2692115503941732,16.927186771502225,1.2798664794306949e-44,3.5505973300335406e-44,***
68,7Networks_LH_Vis_69,0.19204374915609052,16.79714086965433,3.790929466253082e-44,1.0432637891128482e-43,***
69,7Networks_LH_Vis_70,0.390794899737221,22.870353727939843,9.403039506539451e-66,5.6418237039236706e-65,***
70,7Networks_LH_Vis_71,0.20117172035622943,16.03549815500629,2.192414370805681e-41,5.670605590655296e-41,***
71,7Networks_LH_Vis_72,0.4489971305380652,25.649849432401684,3.867935320391425e-75,3.952187376875199e-74,***
72,7Networks_LH_Vis_73,0.24911601132684538,18.20786378787296,2.9624777834755632e-49,9.407006377067019e-49,***
73,7Networks_LH_Vis_74,0.3798902695518361,22.493039783996256,1.8904773748606324e-64,1.0778854424619738e-63,***
74,7Networks_LH_Vis_75,0.22336692347518428,18.5853997243376,1.2885381345068988e-50,4.331502784401041e-50,***
75,7Networks_LH_Vis_76,0.30242548156742766,20.501051444262334,1.8181867892792836e-57,7.753589944364548e-57,***
76,7Networks_LH_Vis_77,0.27743082543845554,17.919602319733244,3.259066985690242e-48,1.0039872027559192e-47,***
77,7Networks_LH_Vis_78,0.2118195474736374,16.896354251747002,1.6556358292825938e-44,4.5807404177470155e-44,***
78,7Networks_LH_Vis_79,0.1641830633329535,12.18462698122224,1.2355421045441931e-27,2.3183262761629224e-27,***
79,7Networks_LH_Vis_80,0.2383354282617274,16.2940132589746,2.5323362328542133e-42,6.735492248210176e-42,***
80,7Networks_LH_Vis_81,0.09655496125041617,7.604009894910792,4.4813096441661457e-13,6.249610206458732e-13,***
81,7Networks_LH_SomMot_1,-0.14407262954087804,-11.171146558734042,3.6284103844371194e-24,6.282750867011925e-24,***
82,7Networks_LH_SomMot_2,-0.6697540999718558,-33.66513395035724,6.752362500573842e-100,5.3603370004555426e-98,***
83,7Networks_LH_SomMot_3,-0.7977072220640957,-39.89597690909951,7.770473383421374e-117,2.6730428438969527e-114,***
84,7Networks_LH_SomMot_4,-0.699783461589149,-33.979980408719534,8.455352852579655e-101,7.932658312602004e-99,***
85,7Networks_LH_SomMot_5,-0.43159727590370117,-26.35760978118645,1.825292982300895e-77,2.0930026197050264e-76,***
86,7Networks_LH_SomMot_6,-0.2712299816711034,-20.124635598546988,3.950409063564422e-56,1.5501224918625411e-55,***
87,7Networks_LH_SomMot_7,-0.8704972841518326,-41.18784928020411,4.0538154201193025e-120,2.0917687567815603e-117,***
88,7Networks_LH_SomMot_8,-0.27723210221075806,-13.955498948893787,6.979507426276793e-34,1.4820682436044547e-33,***
89,7Networks_LH_SomMot_9,-0.19012971308862106,-11.900494305789815,1.1851923642674448e-26,2.1919686736989304e-26,***
90,7Networks_LH_SomMot_10,-0.3266310824866543,-27.56419386305209,2.2793785294600734e-81,4.126874811232975e-80,***
91,7Networks_LH_SomMot_11,0.039139569216028416,4.067769435824426,6.193548033534705e-05,7.189810540616216e-05,***
92,7Networks_LH_SomMot_12,0.17082346204039264,17.210879180640582,1.1988219809776227e-45,3.4082211690603486e-45,***
93,7Networks_LH_SomMot_13,-0.39067765324761455,-22.00889040424929,9.086240333120791e-63,4.735858597869018e-62,***
94,7Networks_LH_SomMot_14,-0.02903697840569688,-2.0497848618408288,0.04132689877108355,0.04447274195178126,*
95,7Networks_LH_SomMot_15,-0.05105056287487406,-4.454625713777089,1.220612387261396e-05,1.4412722925100237e-05,***
96,7Networks_LH_SomMot_16,0.07880214321714979,7.501975218598918,8.582579848223514e-13,1.1904868821729392e-12,***
97,7Networks_LH_SomMot_17,0.24928470136255448,19.42650648748549,1.2270027390123266e-53,4.506287639361997e-53,***
98,7Networks_LH_SomMot_18,-0.2524622749337678,-22.91932463815468,6.376767218268511e-66,3.8710728054430025e-65,***
99,7Networks_LH_SomMot_19,0.0906173898625157,5.778068537984481,2.0294949961237352e-08,2.5510826260654018e-08,***
100,7Networks_LH_SomMot_20,-0.24011393671580786,-16.3654817694341,1.3941931842649774e-42,3.727480223216209e-42,***
101,7Networks_LH_SomMot_21,-0.09550544426113881,-7.949299537787443,4.7757132535652845e-14,6.807370273037809e-14,***
102,7Networks_LH_SomMot_22,-0.06032669385512133,-4.715739748949378,3.821660282320951e-06,4.570050302844984e-06,***
103,7Networks_LH_SomMot_23,0.2589343224834794,18.21533115685177,2.7841761940435055e-49,8.895572236077082e-49,***
104,7Networks_LH_SomMot_24,0.028893877557259168,2.733556044610369,0.006668889444101358,0.007321589262034683,**
105,7Networks_LH_SomMot_25,-0.2854894214485265,-20.76028799626568,2.19696154365166e-58,9.607052173934378e-58,***
106,7Networks_LH_SomMot_26,-0.182158385895068,-12.52751550200799,7.9081764943594e-29,1.5254650733044673e-28,***
107,7Networks_LH_SomMot_27,-0.09224685669570121,-7.015921572864098,1.7549782497704484e-11,2.3768209366969854e-11,***
108,7Networks_LH_SomMot_28,0.0192839946260087,1.5909534360214883,0.11276062610324687,0.11898667294330345,ns
109,7Networks_LH_SomMot_29,0.09831867757923259,10.657139883249446,1.893397741105417e-22,3.1164058513888205e-22,***
110,7Networks_LH_SomMot_30,-0.07959829024675961,-6.160361490412609,2.547373246688889e-09,3.294347356620217e-09,***
111,7Networks_LH_SomMot_31,-0.05859241632301397,-5.1698262978435086,4.494569242050467e-07,5.502248467136515e-07,***
112,7Networks_LH_SomMot_32,0.0711841040763955,7.131642901401343,8.657656705308845e-12,1.1818388518358107e-11,***
113,7Networks_LH_SomMot_33,0.11163853114682024,9.437607198243857,1.6314968276576887e-18,2.5129921285712456e-18,***
114,7Networks_LH_SomMot_34,0.05794754113043838,5.900669196949555,1.0541472464355307e-08,1.3364618652597884e-08,***
115,7Networks_LH_SomMot_35,-0.07593261656184523,-6.952461256602575,2.5771905968048963e-11,3.476680648238762e-11,***
116,7Networks_LH_SomMot_36,0.16037343816895133,13.119581712679093,6.559919615697594e-31,1.3248213392172049e-30,***
117,7Networks_LH_SomMot_37,0.1354826693901366,12.51283115866122,8.899904409797841e-29,1.7135636848715244e-28,***
118,7Networks_LH_SomMot_38,0.139895612270916,14.348098113212188,2.73261975009906e-35,6.05163858820221e-35,***
119,7Networks_LH_SomMot_39,0.15111144377290742,16.693242451132964,9.027190167187397e-44,2.471103515261908e-43,***
120,7Networks_LH_SomMot_40,0.28762109156296256,23.929069118194967,2.2514094649463862e-69,1.5805813386562385e-68,***
121,7Networks_LH_SomMot_41,0.2677103939015293,22.24673675473095,1.3516256393299986e-63,7.341461367308204e-63,***
122,7Networks_LH_SomMot_42,0.1382894525721656,14.645784890915227,2.322362459126314e-36,5.361695878788269e-36,***
123,7Networks_LH_SomMot_43,-0.39423263820393994,-27.486745514047545,4.036513227914125e-81,7.060477374927757e-80,***
124,7Networks_LH_SomMot_44,0.031419625299859914,3.2016706246322983,0.0015255638317219103,0.0017075725318188844,**
125,7Networks_LH_SomMot_45,0.17267700591146085,16.060225249613364,1.7835087832836368e-41,4.63622434344764e-41,***
126,7Networks_LH_SomMot_46,0.3365457688505294,27.32374629797795,1.3471523345080537e-80,2.242356789052115e-79,***
127,7Networks_LH_SomMot_47,0.1407754850123566,13.891236697524887,1.1846271357091625e-33,2.510339228032558e-33,***
128,7Networks_LH_SomMot_48,0.09801155185001639,10.30893463259487,2.6440077711354227e-21,4.276827617259806e-21,***
129,7Networks_LH_SomMot_49,0.2609987876225927,24.788418158382726,2.8468864646431726e-72,2.428088290505582e-71,***
130,7Networks_LH_SomMot_50,0.114972458315333,10.680752539698148,1.5813682177504565e-22,2.61533974474114e-22,***
131,7Networks_LH_SomMot_51,0.19272286969900249,17.876489267647486,4.666315130307345e-48,1.428972467203911e-47,***
132,7Networks_LH_SomMot_52,0.1656452909373743,15.415505937244973,3.861602889494567e-39,9.6260245941024e-39,***
133,7Networks_LH_SomMot_53,0.2936215653512854,23.49795321670861,6.611578805257475e-68,4.4595747235462177e-67,***
134,7Networks_LH_SomMot_54,0.14978883232267684,14.690846790393026,1.5981809481670275e-36,3.7146908524963345e-36,***
135,7Networks_LH_SomMot_55,0.09954919854016042,9.611526149399353,4.622276557431792e-19,7.162446557461875e-19,***
136,7Networks_LH_SomMot_56,0.11931390938168739,13.107810304553672,7.2193256081460575e-31,1.4551453178919397e-30,***
137,7Networks_LH_SomMot_57,0.10628251297167661,11.325550186437168,1.0913032897976603e-24,1.9251709317456162e-24,***
138,7Networks_LH_SomMot_58,0.061432942594178655,5.647315907877479,4.0360198153734973e-08,5.024333473420325e-08,***
139,7Networks_LH_SomMot_59,0.07670056258921673,6.826255223851506,5.495471043521492e-11,7.327294724695323e-11,***
140,7Networks_LH_SomMot_60,0.14981582553902023,13.874439812876767,1.3602109131059991e-33,2.8706291663095934e-33,***
141,7Networks_LH_SomMot_61,0.15032047777790508,14.63079572480472,2.629692852476975e-36,6.044193816829038e-36,***
142,7Networks_LH_SomMot_62,0.14761628578488356,14.950213900803213,1.8551198621594513e-37,4.421440410504743e-37,***
143,7Networks_LH_SomMot_63,0.11762946595232332,11.307347044412255,1.2577411837271986e-24,2.2112247046106795e-24,***
144,7Networks_LH_SomMot_64,0.09959203880875939,11.197479101972432,2.9574253684883078e-24,5.129517613915854e-24,***
145,7Networks_LH_SomMot_65,0.12742486578374274,12.548384704320938,6.685429680954909e-29,1.2920156237351059e-28,***
146,7Networks_LH_SomMot_66,0.037963885427931804,3.8854920422162325,0.0001278235431406398,0.00014755469409523522,***
147,7Networks_LH_SomMot_67,0.15608535400650964,15.92936311204205,5.31695604702147e-41,1.3615629380958207e-40,***
148,7Networks_LH_SomMot_68,0.0546778110478891,4.896374236005045,1.6609478911582656e-06,2.0118523752057865e-06,***
149,7Networks_LH_SomMot_69,0.046824246975120956,5.648501143525056,4.0111557132423447e-08,4.999411468678865e-08,***
150,7Networks_LH_SomMot_70,0.04250132400913297,4.830714851467163,2.2548627224161027e-06,2.7153072690004875e-06,***
151,7Networks_LH_SomMot_71,0.06427398117524738,7.739059166412912,1.8803664307217967e-13,2.6401879680338696e-13,***
152,7Networks_LH_SomMot_72,0.16741052597290404,16.05101089109894,1.926114565559954e-41,4.994347315723298e-41,***
153,7Networks_LH_SomMot_73,0.1004361060848061,9.072510688252423,2.2187038087827774e-17,3.342631139655221e-17,***
154,7Networks_LH_SomMot_74,0.15116947446479975,14.423907943676953,1.459470132325987e-35,3.2671869339705393e-35,***
155,7Networks_LH_SomMot_75,0.10252784905131769,12.836076489146691,6.551850176154412e-30,1.2953083106879987e-29,***
156,7Networks_LH_SomMot_76,0.07333347824200885,8.095329199932277,1.8197094960775523e-14,2.6228215083128965e-14,***
157,7Networks_LH_SomMot_77,0.09002560402180983,11.470426580712315,3.516288690436658e-25,6.267374660674666e-25,***
158,7Networks_LH_SomMot_78,0.12809311583420308,14.578756168641236,4.048038287666519e-36,9.222020999717103e-36,***
159,7Networks_LH_SomMot_79,0.1391710562012623,13.574740693197624,1.593787791407518e-32,3.302789158097507e-32,***
160,7Networks_LH_SomMot_80,0.22093843589385803,22.299477536423616,8.865405188344043e-64,4.840792674270398e-63,***
161,7Networks_LH_SomMot_81,0.16802820428727772,16.148025902208634,8.568929934121407e-42,2.2444506832521045e-41,***
162,7Networks_LH_SomMot_82,0.10466677301537655,11.368564279843529,7.800776268197858e-25,1.378493340544553e-24,***
163,7Networks_LH_SomMot_83,0.06205663734604386,7.175075126623563,6.627934200624878e-12,9.071655298468003e-12,***
164,7Networks_LH_SomMot_84,0.2340191266843698,18.824664051143515,1.7734894580456616e-51,6.141748727191686e-51,***
165,7Networks_LH_SomMot_85,0.03851533535562958,4.518971367302383,9.212663380356453e-06,1.0965938418140552e-05,***
166,7Networks_LH_SomMot_86,0.06619102752308331,7.477404231751677,1.002811809994889e-12,1.3891299166640612e-12,***
167,7Networks_LH_SomMot_87,0.08178008060279252,7.838522637996789,9.859644691000063e-14,1.399608434815965e-13,***
168,7Networks_LH_SomMot_88,0.12116509579051941,12.425570756457944,1.7945358649347657e-28,3.4295574307642187e-28,***
169,7Networks_LH_SomMot_89,0.12869865802351993,14.136132945349722,1.5743053017626399e-34,3.413199729871942e-34,***
170,7Networks_LH_SomMot_90,0.08816044506691859,11.1299071353004,4.9961702869873974e-24,8.63659587298324e-24,***
171,7Networks_LH_SomMot_91,0.11800754915954427,10.564664788217053,3.8270180886377577e-22,6.239309111333596e-22,***
172,7Networks_LH_DorsAttn_Post_1,0.23546323953253515,19.219233633883487,6.786206378519989e-53,2.4149534422871135e-52,***
173,7Networks_LH_DorsAttn_Post_2,0.20560441030315912,16.507906961663707,4.243800578785923e-43,1.1464927218081343e-42,***
174,7Networks_LH_DorsAttn_Post_3,0.32474523751410833,23.756595005121046,8.681377101426511e-69,5.972787445781439e-68,***
175,7Networks_LH_DorsAttn_Post_4,0.3634241703158296,24.895090044599897,1.2510132628510828e-72,1.0941065146290827e-71,***
176,7Networks_LH_DorsAttn_Post_5,0.33265945413196685,22.307751267399283,8.298067293652185e-64,4.5551092803452427e-63,***
177,7Networks_LH_DorsAttn_Post_6,0.18517112693384608,12.982645380138836,1.9965718834709335e-30,3.9854200846073565e-30,***
178,7Networks_LH_DorsAttn_Post_7,0.3274189036889588,21.852255168305717,3.1967848188730474e-62,1.61719702601813e-61,***
179,7Networks_LH_DorsAttn_Post_8,0.23346101350281856,14.678544478443586,1.7698734041851633e-36,4.095312450939661e-36,***
180,7Networks_LH_DorsAttn_Post_9,0.2274288118852191,14.950421032659824,1.8519292856812455e-37,4.421440410504743e-37,***
181,7Networks_LH_DorsAttn_Post_10,0.23191491579825738,15.307679242494217,9.480491530994168e-39,2.329492204758567e-38,***
182,7Networks_LH_DorsAttn_Post_11,0.38429211098615335,24.634269434143516,9.36385164514606e-72,7.856499916903036e-71,***
183,7Networks_LH_DorsAttn_Post_12,0.3325254018763736,26.522501572338303,5.287387196655215e-78,6.6543702279855874e-77,***
184,7Networks_LH_DorsAttn_Post_13,0.3921660609131235,28.16512343022029,2.7745090818875658e-83,6.22455080979993e-82,***
185,7Networks_LH_DorsAttn_Post_14,0.4067435511411946,29.153156555470016,2.177884397600041e-86,6.243268606453451e-85,***
186,7Networks_LH_DorsAttn_Post_15,0.3164924803136249,20.86663106211886,9.248022588145941e-59,4.078615090156672e-58,***
187,7Networks_LH_DorsAttn_Post_16,0.2833226015039875,18.674000116532444,6.180315736130109e-51,2.098054552528379e-50,***
188,7Networks_LH_DorsAttn_Post_17,0.22078376115749923,16.32405080796703,1.9705357790880048e-42,5.2547620775680126e-42,***
189,7Networks_LH_DorsAttn_Post_18,0.2708799560295167,18.708541586690313,4.6415338857761523e-51,1.580878868026729e-50,***
190,7Networks_LH_DorsAttn_Post_19,0.14082763786338023,13.867666723723627,1.4381585540648295e-33,3.0289380159079675e-33,***
191,7Networks_LH_DorsAttn_Post_20,0.21872060250878997,18.43292579016005,4.566959563418444e-50,1.50578347266704e-49,***
192,7Networks_LH_DorsAttn_Post_21,0.2344809385462184,17.59878526245404,4.717487164335058e-47,1.4030105918137693e-46,***
193,7Networks_LH_DorsAttn_Post_22,0.22244974660625344,17.930147759883596,2.9851724155099593e-48,9.223646505408017e-48,***
194,7Networks_LH_DorsAttn_Post_23,0.15783000632148686,15.004606473267023,1.1803886261747748e-37,2.839536275553304e-37,***
195,7Networks_LH_DorsAttn_Post_24,0.18156041823877156,16.945051091047418,1.102528940714213e-44,3.075161802208291e-44,***
196,7Networks_LH_DorsAttn_Post_25,0.08028912495106125,8.939958785642363,5.648327014110179e-17,8.447932577625659e-17,***
197,7Networks_LH_DorsAttn_Post_26,0.2687328440102922,21.626043054804832,1.975072202177355e-61,9.66006878031768e-61,***
198,7Networks_LH_DorsAttn_Post_27,0.18246590510079227,12.617049492717115,3.84495934160197e-29,7.472689341870495e-29,***
199,7Networks_LH_DorsAttn_Post_28,0.17478079600065835,15.329157910227769,7.927706492501631e-39,1.9572710766176277e-38,***
200,7Networks_LH_DorsAttn_Post_29,0.27409874270326884,18.015022808104014,1.4729767024826146e-48,4.620401084991058e-48,***
201,7Networks_LH_DorsAttn_Post_30,0.07429707896746182,8.177783412986031,1.0505401599699692e-14,1.5226930408553485e-14,***
202,7Networks_LH_DorsAttn_Post_31,0.14617814036014615,14.930878014176336,2.1784828127303e-37,5.180171112298777e-37,***
203,7Networks_LH_DorsAttn_Post_32,0.26937554287357063,22.231186987525962,1.530669079473784e-63,8.184717564854638e-63,***
204,7Networks_LH_DorsAttn_Post_33,0.25220857211030345,21.942148890328518,1.552537356439894e-62,7.971236576348112e-62,***
205,7Networks_LH_DorsAttn_Post_34,-0.0816241864227731,-6.091254083097302,3.733316676361034e-09,4.803968591028163e-09,***
206,7Networks_LH_DorsAttn_Post_35,0.10995129736038049,11.287142556557537,1.4722233018403391e-24,2.5795151910003904e-24,***
207,7Networks_LH_DorsAttn_Post_36,0.20241040683883038,18.516134952109493,2.2891335662349203e-50,7.670083897254669e-50,***
208,7Networks_LH_DorsAttn_Post_37,0.2019053280825514,17.260212760638264,7.942879948882871e-46,2.2896793595662356e-45,***
209,7Networks_LH_DorsAttn_Post_38,0.18603568619986505,14.310259096546556,3.736463268612584e-35,8.239380541043135e-35,***
210,7Networks_LH_DorsAttn_Post_39,0.032778278733346454,3.304154251360313,0.0010780166728171629,0.0012132096034321834,**
211,7Networks_LH_DorsAttn_Post_40,0.21752127306816457,17.458958381116705,1.513536913409924e-46,4.4374150415881864e-46,***
212,7Networks_LH_DorsAttn_Post_41,0.19361851677010064,14.19567524388371,9.62995552175851e-35,2.101081204747311e-34,***
213,7Networks_LH_DorsAttn_Post_42,0.1723071713463891,12.883413477376076,4.4651865349661574e-30,8.861677892471297e-30,***
214,7Networks_LH_DorsAttn_Post_43,0.18154360151371524,14.18189222724949,1.0790700200303894e-34,2.349367638547177e-34,***
215,7Networks_LH_DorsAttn_Post_44,0.23875233585278696,15.996091397187005,3.0463667556262675e-41,7.840026164105506e-41,***
216,7Networks_LH_DorsAttn_Post_45,0.17796625706846608,12.459326370712306,1.3683657231748857e-28,2.629708428894752e-28,***
217,7Networks_LH_DorsAttn_Post_46,0.1815449785078771,16.689757622176554,9.293760053823239e-44,2.5373440146945986e-43,***
218,7Networks_LH_DorsAttn_Post_47,0.16539206319731412,14.344382866202885,2.8178833899227364e-35,6.227099910921336e-35,***
219,7Networks_LH_DorsAttn_Post_48,0.1302617366720953,11.63677985804356,9.521211507244752e-26,1.7329612478794682e-25,***
220,7Networks_LH_DorsAttn_Post_49,0.180044151339501,15.526804662056842,1.527386678159329e-39,3.8258811938359887e-39,***
221,7Networks_LH_DorsAttn_Post_50,0.15612960336173906,12.995234936925979,1.8025699386738945e-30,3.605139877347789e-30,***
222,7Networks_LH_DorsAttn_FEF_1,-0.06412677078040585,-6.281836978975352,1.2914450613518055e-09,1.6785532787343366e-09,***
223,7Networks_LH_DorsAttn_FEF_2,0.11181763572462462,11.091208678932018,6.742594019588561e-24,1.1597261713692324e-23,***
224,7Networks_LH_DorsAttn_FEF_3,0.24363023929454786,22.405302237873425,3.806874707546564e-64,2.135160162058725e-63,***
225,7Networks_LH_DorsAttn_FEF_4,0.2230369798293416,19.79795675750773,5.766379964090892e-55,2.1798183600519413e-54,***
226,7Networks_LH_DorsAttn_FEF_5,0.19716233162685154,15.984964709065201,3.342852905784744e-41,8.581652235745909e-41,***
227,7Networks_LH_DorsAttn_FEF_6,0.11421564093671131,14.36679447233692,2.341108155670336e-35,5.195749713229649e-35,***
228,7Networks_LH_DorsAttn_FEF_7,0.16108503841406585,17.549110560117484,7.137478371638712e-47,2.1105666703527654e-46,***
229,7Networks_LH_DorsAttn_PrCv_1,0.16459417450223074,15.088458032757867,5.877675559822253e-38,1.4205529690249565e-37,***
230,7Networks_LH_DorsAttn_PrCv_2,0.15971937203857775,15.304150505299539,9.763211291577469e-39,2.3932622453463057e-38,***
231,7Networks_LH_DorsAttn_PrCv_3,0.10776463435853757,12.39800893212898,2.238885373157924e-28,4.270849732160772e-28,***
232,7Networks_LH_DorsAttn_PrCv_4,-0.13787729820490618,-10.730791536064004,1.0791152101999204e-22,1.7933122333757132e-22,***
233,7Networks_LH_SalVentAttn_ParOper_1,-0.27452112876683465,-19.652672284847746,1.9045580522998275e-54,7.121390978164573e-54,***
234,7Networks_LH_SalVentAttn_ParOper_2,-0.018065897921028747,-1.300141415305039,0.19463327092903884,0.20066087472404406,ns
235,7Networks_LH_SalVentAttn_ParOper_3,-0.07291652185309584,-6.004820341566963,5.995484220618553e-09,7.638691007010305e-09,***
236,7Networks_LH_SalVentAttn_ParOper_4,-0.03799351530663345,-2.7647402699952477,0.006079259460037147,0.00668848162340974,**
237,7Networks_LH_SalVentAttn_ParOper_5,0.2723794517845177,21.339457029121153,1.998099670128201e-60,9.458893851249099e-60,***
238,7Networks_LH_SalVentAttn_ParOper_6,0.24950991911792636,19.2004218594561,7.926850169053724e-53,2.801544306323097e-52,***
239,7Networks_LH_SalVentAttn_ParOper_7,0.15773700276683564,14.8910832189233,3.032096185843941e-37,7.176888219704008e-37,***
240,7Networks_LH_SalVentAttn_ParOper_8,0.3259878059324128,22.783367555362133,1.8756284807214157e-65,1.1188720185575151e-64,***
241,7Networks_LH_SalVentAttn_ParOper_9,0.27457043463499425,21.002981652211993,3.054055853774162e-59,1.3644093684393657e-58,***
242,7Networks_LH_SalVentAttn_TempOcc_1,0.2609833515849872,15.001783193161378,1.2084208445657997e-37,2.900210026957919e-37,***
243,7Networks_LH_SalVentAttn_TempOcc_2,0.04631518661333748,3.9056325016635354,0.00011814228359587662,0.00013653173199433893,***
244,7Networks_LH_SalVentAttn_FrOperIns_1,0.1819731297081264,22.025942749589095,7.92449783682545e-63,4.172490697757074e-62,***
245,7Networks_LH_SalVentAttn_FrOperIns_2,0.33334593968575005,31.314927190169033,5.364408387309604e-93,2.4069867198710916e-91,***
246,7Networks_LH_SalVentAttn_FrOperIns_3,0.2606414639937217,24.950230444607318,8.182723112852548e-73,7.343104567359852e-72,***
247,7Networks_LH_SalVentAttn_FrOperIns_4,0.14773122633614252,17.7614841974801,1.215989778297461e-47,3.669302488897602e-47,***
248,7Networks_LH_SalVentAttn_FrOperIns_5,0.1728042222716819,17.817983891543687,7.595462008948368e-48,2.305446115657269e-47,***
249,7Networks_LH_SalVentAttn_FrOperIns_6,-0.1298180678047856,-14.592242945524871,3.619934453617766e-36,8.264983088791005e-36,***
250,7Networks_LH_SalVentAttn_FrOperIns_7,0.2020129358242593,20.083149453320303,5.550079357839416e-56,2.169576476246317e-55,***
251,7Networks_LH_SalVentAttn_FrOperIns_8,0.2816926191683581,26.45716600282023,8.635271369900039e-78,1.048423535733746e-76,***
252,7Networks_LH_SalVentAttn_FrOperIns_9,0.24909271755613274,25.33748722898405,4.193230418251466e-74,4.121346468224298e-73,***
253,7Networks_LH_SalVentAttn_FrOperIns_10,0.29439559227102885,24.54711643712796,1.83799814273978e-71,1.493554396305081e-70,***
254,7Networks_LH_SalVentAttn_FrOperIns_11,0.28908597043923195,26.555801635472545,4.1186071963520633e-78,5.313003283294162e-77,***
255,7Networks_LH_SalVentAttn_FrOperIns_12,0.23831280308953737,25.27092362384172,6.978830286662993e-74,6.730983977417017e-73,***
256,7Networks_LH_SalVentAttn_FrOperIns_13,0.27490734903893543,24.61576223542015,1.0804835184049076e-71,8.920471927950917e-71,***
257,7Networks_LH_SalVentAttn_FrOperIns_14,0.25019286622310416,21.958954808522105,1.3565603052870909e-62,7.035026306815466e-62,***
258,7Networks_LH_SalVentAttn_FrOperIns_15,0.22713138069441857,21.011276632812603,2.855143164952072e-59,1.2866846053408465e-58,***
259,7Networks_LH_SalVentAttn_FrOperIns_16,0.30286879949441203,26.46336136911696,8.242621707888976e-78,1.0126649526835027e-76,***
260,7Networks_LH_SalVentAttn_FrOperIns_17,0.18762625784584952,18.321850485602663,1.148847380791072e-49,3.728334896152159e-49,***
261,7Networks_LH_SalVentAttn_FrOperIns_18,0.29760714972723207,25.25633219262213,7.803877192076308e-74,7.457038205761805e-73,***
262,7Networks_LH_SalVentAttn_FrOperIns_19,0.0489228285402776,4.510588004778996,9.55835179250872e-06,1.13643076611394e-05,***
263,7Networks_LH_SalVentAttn_FrOperIns_20,0.019624003048344794,1.485114006688447,0.1386507495277611,0.14482547926381523,ns
264,7Networks_LH_SalVentAttn_FrOperIns_21,0.12890988390927705,11.033328012164208,1.054960720573758e-23,1.7995363035241623e-23,***
265,7Networks_LH_SalVentAttn_FrOperIns_22,0.18439889594911416,14.76015475857572,8.992511705980683e-37,2.1187835800392842e-36,***
266,7Networks_LH_SalVentAttn_FrOperIns_23,0.2002010999384039,21.080796259036703,1.6240509692990577e-59,7.416020355383308e-59,***
267,7Networks_LH_SalVentAttn_PFCl_1,0.3582865298661596,26.830998900178376,5.253537236832562e-79,7.041104452482083e-78,***
268,7Networks_LH_SalVentAttn_PFCl_2,0.13415541926288965,12.101346753920447,2.4009297829923785e-27,4.464431596483126e-27,***
269,7Networks_LH_SalVentAttn_Med_1,0.21627768175470616,17.91675014586096,3.337373183047005e-48,1.0250503347930086e-47,***
270,7Networks_LH_SalVentAttn_Med_2,0.17875964039834738,18.274837138915,1.697887406278212e-49,5.4928520478969116e-49,***
271,7Networks_LH_SalVentAttn_Med_3,0.08841072378484963,8.795043471838659,1.5558332608571523e-16,2.3135733792573217e-16,***
272,7Networks_LH_SalVentAttn_Med_4,0.15076819111371884,15.091490998544625,5.731252726318955e-38,1.388416153418113e-37,***
273,7Networks_LH_SalVentAttn_Med_5,0.08641133964315499,10.641380461075615,2.1350146760473007e-22,3.5084954549057557e-22,***
274,7Networks_LH_SalVentAttn_Med_6,0.2052515025984579,18.21124312275702,2.880414816188029e-49,9.174654599710018e-49,***
275,7Networks_LH_SalVentAttn_Med_7,0.13456160837714742,14.728869775318374,1.1658159923043552e-36,2.728168036412913e-36,***
276,7Networks_LH_SalVentAttn_Med_8,0.20966810210796485,19.941056142931494,1.780222020814002e-55,6.855183304030036e-55,***
277,7Networks_LH_SalVentAttn_Med_9,0.16257814288852213,18.805381221325323,2.0806056636975297e-51,7.157283483119502e-51,***
278,7Networks_LH_SalVentAttn_Med_10,0.2238064916757908,20.351176393886828,6.185650579078172e-57,2.5534365590434696e-56,***
279,7Networks_LH_SalVentAttn_Med_11,0.2794153758133357,24.319975795053963,1.0703049063359319e-70,8.431714987318181e-70,***
280,7Networks_LH_SalVentAttn_Med_12,0.36269653184417316,24.16702041216081,3.517542973221237e-70,2.6889661839735673e-69,***
281,7Networks_LH_SalVentAttn_Med_13,0.25549005558830645,23.217511779322066,6.025881724137752e-67,3.862552757335503e-66,***
282,7Networks_LH_SalVentAttn_Med_14,0.24222852590320165,20.967371118754464,4.0782560044370394e-59,1.8141207743875105e-58,***
283,7Networks_LH_SalVentAttn_Med_15,-0.050728151385878814,-4.71999343266357,3.748446671833963e-06,4.492911690281824e-06,***
284,7Networks_LH_SalVentAttn_Med_16,0.181007604895089,17.250997764719354,8.57768291872779e-46,2.465785173294451e-45,***
285,7Networks_LH_SalVentAttn_Med_17,-0.2943004069519706,-22.454790335280805,2.5648201103442008e-64,1.454337557074294e-63,***
286,7Networks_LH_SalVentAttn_Med_18,-0.060705814940144626,-5.775591954833309,2.0563153594646172e-08,2.581651400203753e-08,***
287,7Networks_LH_SalVentAttn_Med_19,0.01580797167574165,1.5402488723423073,0.12464125553595233,0.13098755164267087,ns
288,7Networks_LH_Limbic_OFC_1,0.1097618232504149,13.41138035523452,6.069776659416815e-32,1.2453299229658356e-31,***
289,7Networks_LH_Limbic_OFC_2,0.013937312905034586,1.8774885091841402,0.06150190685678247,0.06577198743647618,ns
290,7Networks_LH_Limbic_OFC_3,0.04731940360763852,6.522482443317164,3.271403931753662e-10,4.2735301994554167e-10,***
291,7Networks_LH_Limbic_OFC_4,-0.01843920298108408,-2.847295609081026,0.004739254692787079,0.00524213380809889,**
292,7Networks_LH_Limbic_OFC_5,0.12598244117828042,13.968913765733259,6.249433275172153e-34,1.3297763175211674e-33,***
293,7Networks_LH_Limbic_OFC_6,-0.010222022539005284,-1.4145569584926962,0.15832150508938803,0.1643740374771111,ns
294,7Networks_LH_Limbic_OFC_7,0.15870009070341398,15.849541263056595,1.0350417119981872e-40,2.630943464980614e-40,***
295,7Networks_LH_Limbic_OFC_8,-0.013870545130804319,-1.62942709927532,0.10435927348870055,0.11034710065608501,ns
296,7Networks_LH_Limbic_OFC_9,-0.013380395323470826,-1.7954811870479892,0.07366694998446095,0.07845644208871383,ns
297,7Networks_LH_Limbic_OFC_10,0.0066264065146774565,0.836790654961446,0.40343157238503946,0.41221919079342645,ns
298,7Networks_LH_Limbic_OFC_11,0.025722544467143657,3.5988203681305166,0.0003785701571994289,0.00043074355262382645,***
299,7Networks_LH_Limbic_OFC_12,0.005253142019220473,0.7525613202745757,0.45235261833064677,0.4612923933964698,ns
300,7Networks_LH_Limbic_OFC_13,0.084544580532297,9.822729577549621,9.847003536523441e-20,1.5467439345041385e-19,***
301,7Networks_LH_Limbic_OFC_14,0.009014679000034819,0.9159758043860394,0.3604763162220106,0.3697928015319234,ns
302,7Networks_LH_Limbic_TempPole_1,0.15435536020096655,18.44810385798087,4.0262578830982383e-50,1.3317622228709558e-49,***
303,7Networks_LH_Limbic_TempPole_2,0.0780933849800397,6.710322886562206,1.0927212130008017e-10,1.4439030625055408e-10,***
304,7Networks_LH_Limbic_TempPole_3,-0.08061751281970148,-10.708941823317986,1.275190578170792e-22,2.1123542161673475e-22,***
305,7Networks_LH_Limbic_TempPole_4,0.14571087834782373,15.223235623062655,1.9149729333711065e-38,4.660971856695712e-38,***
306,7Networks_LH_Limbic_TempPole_5,-0.03776766440840993,-5.155951959551785,4.809024206689981e-07,5.880228650834195e-07,***
307,7Networks_LH_Limbic_TempPole_6,0.060903646809226435,7.739573067762705,1.8741289319131531e-13,2.635015065033207e-13,***
308,7Networks_LH_Limbic_TempPole_7,0.06393914747610277,7.761045950869535,1.6309909825348399e-13,2.2994299098032167e-13,***
309,7Networks_LH_Limbic_TempPole_8,0.10235749984605225,9.984409258127327,2.983018898476857e-20,4.728841018783589e-20,***
310,7Networks_LH_Limbic_TempPole_9,0.24120744075819459,26.245010324471384,4.2620327976840936e-77,4.729481556139769e-76,***
311,7Networks_LH_Limbic_TempPole_10,0.20391797234793566,20.426037014629234,3.354934064166905e-57,1.4189721123853468e-56,***
312,7Networks_LH_Limbic_TempPole_11,0.06546846687527005,8.55064490483906,8.418202063428919e-16,1.2375476537690378e-15,***
313,7Networks_LH_Limbic_TempPole_12,0.0242469476552697,2.895578976867163,0.004086146241092511,0.004534304215922012,**
314,7Networks_LH_Limbic_TempPole_13,0.18888810851920645,19.79114815588767,6.0982561331214025e-55,2.2968614340807616e-54,***
315,7Networks_LH_Limbic_TempPole_14,0.06036039469515213,7.263193209886906,3.8422004327741675e-12,5.272806976892209e-12,***
316,7Networks_LH_Limbic_TempPole_15,-0.01572867437109388,-1.6813691634122199,0.09381830708920799,0.09940502352778506,ns
317,7Networks_LH_Cont_Par_1,0.09860434088964226,7.0777302396787025,1.204418525904037e-11,1.637628351426833e-11,***
318,7Networks_LH_Cont_Par_2,0.2335740051253418,17.236957626767552,9.643797699051753e-46,2.7645553403948358e-45,***
319,7Networks_LH_Cont_Par_3,0.0946364385931174,7.650084614843234,3.3357267055845187e-13,4.664593441955587e-13,***
320,7Networks_LH_Cont_Par_4,0.0750774385940433,6.097220285884666,3.612570184666578e-09,4.654397541293269e-09,***
321,7Networks_LH_Cont_Par_5,-0.017989020218115923,-1.3832035447052728,0.16771629901491122,0.17377833391906464,ns
322,7Networks_LH_Cont_Par_6,0.03505550141033023,2.971385975215267,0.003224789686620114,0.003593934078393043,**
323,7Networks_LH_Cont_Par_7,0.12344390802652783,11.582779347385372,1.4560451133638102e-25,2.636207994721846e-25,***
324,7Networks_LH_Cont_Par_8,0.03693618911233992,2.9227400818866975,0.00375592245071479,0.004176844794329378,**
325,7Networks_LH_Cont_Par_9,0.1377172454925969,11.557984248634845,1.7692409764267654e-25,3.1864863659204572e-25,***
326,7Networks_LH_Cont_Par_10,-0.006783527343209311,-0.6443423547941792,0.5198866588453577,0.5296377412916181,ns
327,7Networks_LH_Cont_Par_11,0.06604483043235192,5.179488635274591,4.2874552759814025e-07,5.26744505334858e-07,***
328,7Networks_LH_Cont_Par_12,0.1721191445788286,15.345318688733904,6.929350388115882e-39,1.714889592454578e-38,***
329,7Networks_LH_Cont_Par_13,-0.006463871099948551,-0.6168754060765116,0.5378235974107921,0.5471485390953804,ns
330,7Networks_LH_Cont_Par_14,0.09895588848629384,8.108770903010058,1.6641942510091446e-14,2.405390009861957e-14,***
331,7Networks_LH_Cont_Par_15,0.032889070748774854,3.311585481833372,0.0010508580310703136,0.001185230041600616,**
332,7Networks_LH_Cont_Temp_1,0.02289330913469315,2.4864773480171345,0.01349086255294537,0.014639926555877624,*
333,7Networks_LH_Cont_Temp_2,0.22461455007173484,17.6505491549768,3.064409719336655e-47,9.166582116972256e-47,***
334,7Networks_LH_Cont_Temp_3,0.07457526890147376,6.1652519767778555,2.479103117446285e-09,3.21008082459795e-09,***
335,7Networks_LH_Cont_Temp_4,-0.058846639133120514,-4.412629262568763,1.4641540208316223e-05,1.717053351702539e-05,***
336,7Networks_LH_Cont_PFCd_1,0.11586291579869942,11.039158153533501,1.0084890643003941e-23,1.7231137654933884e-23,***
337,7Networks_LH_Cont_PFCl_1,0.15293466728914382,12.604209307052738,4.2642397737411596e-29,8.25646425234686e-29,***
338,7Networks_LH_Cont_PFCl_2,0.23280398968054697,18.797543589286303,2.220161981335901e-51,7.611983936008803e-51,***
339,7Networks_LH_Cont_PFCl_3,0.16290506241639965,14.639880269902688,2.4388941131675306e-36,5.618166796403776e-36,***
340,7Networks_LH_Cont_PFCl_4,0.02363890425836451,2.028643652472643,0.043451093281312976,0.04670992527741145,*
341,7Networks_LH_Cont_PFCl_5,0.1004893111626552,7.944537251591613,4.927505383125387e-14,7.014049041910895e-14,***
342,7Networks_LH_Cont_PFCl_6,0.23212307609073005,17.317262024532,4.934786688881499e-46,1.434563341669213e-45,***
343,7Networks_LH_Cont_PFCl_7,0.03854809362929241,3.4005666978822426,0.0007714766932346277,0.0008710765289038684,***
344,7Networks_LH_Cont_PFCl_8,-0.13613052948796894,-10.801663864806313,6.273069399254291e-23,1.0475416860890661e-22,***
345,7Networks_LH_Cont_PFCl_9,0.24976753885245231,21.305535111723145,2.6290724868988237e-60,1.2332740029452664e-59,***
346,7Networks_LH_Cont_PFCl_10,-0.15838645914993602,-12.855700107725026,5.589191013963246e-30,1.1071103889462705e-29,***
347,7Networks_LH_Cont_PFCl_11,0.11707945210700893,9.255636262977314,6.030827191491646e-18,9.166146777053577e-18,***
348,7Networks_LH_Cont_PFCl_12,0.2126364067302443,16.659520718981284,1.196344988197463e-43,3.2575937409492924e-43,***
349,7Networks_LH_Cont_PFCl_13,0.12877150613640753,13.015681517237507,1.5267678118091407e-30,3.0654170851887806e-30,***
350,7Networks_LH_Cont_PFCl_14,-0.02986374065818419,-2.6523350067409366,0.00845471973752292,0.00925267313798903,**
351,7Networks_LH_Cont_PFCl_15,0.25711662250413214,20.229091828072267,1.679279070305699e-56,6.796141178648947e-56,***
352,7Networks_LH_Cont_PFCl_16,0.26959046517398894,22.548903721098245,1.2111400006499917e-64,7.142265603833094e-64,***
353,7Networks_LH_Cont_PFCl_17,0.017678515312170948,1.439899138797695,0.15102513194024575,0.15727339673292998,ns
354,7Networks_LH_Cont_PFCl_18,0.24527970914736053,19.96923555166314,1.4126615877946887e-55,5.460175125858122e-55,***
355,7Networks_LH_Cont_PFCl_19,0.23616649610116064,18.839011148375405,1.5748071853330126e-51,5.472057290450064e-51,***
356,7Networks_LH_Cont_PFCl_20,-0.026062129599059247,-2.2239628978724797,0.026957286458061187,0.029130805889758266,*
357,7Networks_LH_Cont_OFC_1,0.08698318735791322,8.576857395103882,7.032678389444281e-16,1.035338673025178e-15,***
358,7Networks_LH_Cont_PFCv_1,0.1397480418436906,13.994065793832199,5.079872413505325e-34,1.0876407325181525e-33,***
359,7Networks_LH_Cont_PFCv_2,0.017106698228655945,1.7693647289702055,0.07793328816562997,0.08282920019251301,ns
360,7Networks_LH_Cont_pCun_1,-0.020916855375399408,-1.4224198815660762,0.15602949319525808,0.16215753975579691,ns
361,7Networks_LH_Cont_pCun_2,0.003966653489203242,0.2913604889964097,0.7709936880792363,0.7762590108270945,ns
362,7Networks_LH_Cont_pCun_3,-0.11564797107889976,-8.499271454034854,1.1964556394557506e-15,1.7538951987476344e-15,***
363,7Networks_LH_Cont_pCun_4,0.0636099393417977,4.442703164877406,1.2854870135493936e-05,1.5144093584280527e-05,***
364,7Networks_LH_Cont_Cing_1,0.11683377776116768,13.533807015514098,2.2288331799152776e-32,4.6095307448348023e-32,***
365,7Networks_LH_Cont_Cing_2,0.07957239825477659,8.96971048327722,4.582527817465987e-17,6.86381525054412e-17,***
366,7Networks_LH_Cont_Cing_3,0.07294624809842766,8.013897916767077,3.1205467231973235e-14,4.466580053175642e-14,***
367,7Networks_LH_Cont_Cing_4,0.10989857482327443,14.125254393749092,1.7221656515616308e-34,3.718148436007538e-34,***
368,7Networks_LH_Cont_Cing_5,0.025765045478368238,2.549396026919821,0.011330195843388445,0.012321140263832325,*
369,7Networks_LH_Cont_Cing_6,0.03872308657444281,4.882166143178089,1.7750158607854923e-06,2.1474986733067152e-06,***
370,7Networks_LH_Cont_Cing_7,-0.0005720355637958988,-0.04958776024846596,0.9604866368908936,0.9623516594867982,ns
371,7Networks_LH_Cont_Cing_8,-0.11687387153043746,-10.185789100967423,6.6580163767654e-21,1.0685960965508387e-20,***
372,7Networks_LH_Cont_PFCmp_1,0.0664139031403264,5.576332416390203,5.833410279031836e-08,7.235672365337565e-08,***
373,7Networks_LH_Cont_PFCmp_2,0.0013122030926286002,0.1309139088602818,0.8959384383384449,0.9003003586808911,ns
374,7Networks_LH_Default_Par_1,0.17295641202739323,11.706262399128542,5.506857936580245e-26,1.0094276004530751e-25,***
375,7Networks_LH_Default_Par_2,0.27915087071744865,21.131135003412087,1.0796806171061753e-59,4.952135097126991e-59,***
376,7Networks_LH_Default_Par_3,-0.06239020005212372,-4.445119357517888,1.2720780760308026e-05,1.5003252279586153e-05,***
377,7Networks_LH_Default_Par_4,-0.06831549617364181,-4.689449875273684,4.305683521215012e-06,5.142899761451263e-06,***
378,7Networks_LH_Default_Par_5,-0.06417883244282967,-3.8503184648411235,0.00014655828858616224,0.0001686155560991298,***
379,7Networks_LH_Default_Par_6,-0.10519764229205891,-6.884154446736172,3.887193548961175e-11,5.1963519980931765e-11,***
380,7Networks_LH_Default_Par_7,0.02816086427032219,1.8215380020423677,0.06960360765611975,0.07428223691945769,ns
381,7Networks_LH_Default_Par_8,-0.12565016655748307,-9.64932882548086,3.508851721262084e-19,5.453516530636251e-19,***
382,7Networks_LH_Default_Par_9,-0.09932551504754146,-5.844855527698714,1.422176233903115e-08,1.798634648759822e-08,***
383,7Networks_LH_Default_Par_10,-0.018226424925337697,-1.5494247988579548,0.12242137014036907,0.12891719794373557,ns
384,7Networks_LH_Default_Par_11,0.03633868510020697,2.36785001639673,0.018578809295460307,0.020097831439114294,*
385,7Networks_LH_Default_Par_12,-0.08045789407111624,-5.533776086308447,7.262850641303823e-08,8.987124534563003e-08,***
386,7Networks_LH_Default_Par_13,0.17269183707040253,12.290329697810515,5.306809195232722e-28,1.0030452544835474e-27,***
387,7Networks_LH_Default_Par_14,-0.14531241778008744,-9.36421595460399,2.7685123259468038e-18,4.232747733892002e-18,***
388,7Networks_LH_Default_Par_15,-0.07599443081939708,-5.5388328936321525,7.076607240096428e-08,8.767177277046236e-08,***
389,7Networks_LH_Default_Par_16,-0.018666062400497393,-1.332799417168641,0.18369286725569464,0.18976079980768454,ns
390,7Networks_LH_Default_Par_17,-0.15975939625801874,-12.000948638872558,5.33858251174744e-27,9.891233666289692e-27,***
391,7Networks_LH_Default_Par_18,0.11253283567785963,9.054024837657979,2.5286151943998286e-17,3.7984437854739784e-17,***
392,7Networks_LH_Default_Par_19,-0.07595028322399257,-5.636372932865835,4.2727959822215677e-08,5.312681269461034e-08,***
393,7Networks_LH_Default_Temp_1,0.059240522158130034,5.052587868798253,7.924257838139057e-07,9.666470554325659e-07,***
394,7Networks_LH_Default_Temp_2,-0.10450792230135814,-10.267172737596345,3.618372822534198e-21,5.8255237954060725e-21,***
395,7Networks_LH_Default_Temp_3,-0.010390675953856982,-1.4011620539849339,0.16228496559975047,0.16831968291351004,ns
396,7Networks_LH_Default_Temp_4,0.021360984596855027,1.4522866588231567,0.1475536665147985,0.15396904331978975,ns
397,7Networks_LH_Default_Temp_5,-0.13195366994863522,-10.930176944107062,2.3375018855730887e-23,3.9481210244049546e-23,***
398,7Networks_LH_Default_Temp_6,-0.1539412867714197,-14.965926306303786,1.628021841254082e-37,3.898186868153626e-37,***
399,7Networks_LH_Default_Temp_7,-0.16928762924755095,-11.76946739293378,3.343498636585363e-26,6.139662976790205e-26,***
400,7Networks_LH_Default_Temp_8,0.046371991656668,4.8329337441572235,2.23180423593004e-06,2.6906798732240665e-06,***
401,7Networks_LH_Default_Temp_9,-0.3498991709138314,-25.16066529173148,1.624623541394128e-73,1.510460806052919e-72,***
402,7Networks_LH_Default_Temp_10,-0.18387275541617812,-13.251734159416817,2.235289586647001e-31,4.54098199492068e-31,***
403,7Networks_LH_Default_Temp_11,-0.33829969730887244,-21.495942606497717,5.641730933439603e-61,2.6954936681989213e-60,***
404,7Networks_LH_Default_Temp_12,-0.082606386973685,-6.345346609411428,9.020243945167819e-10,1.1753651201279278e-09,***
405,7Networks_LH_Default_Temp_13,-0.25879033354717856,-17.046591341246398,4.723315174380427e-45,1.328191079008338e-44,***
406,7Networks_LH_Default_Temp_14,-0.17487322983344783,-11.681080299598076,6.71641159264868e-26,1.2267852678961836e-25,***
407,7Networks_LH_Default_Temp_15,-0.5069385373832795,-30.091538949968943,2.7431023501991117e-89,9.13187621098543e-88,***
408,7Networks_LH_Default_Temp_16,-0.4030773826823785,-24.419927193636216,4.925839887833581e-71,3.910359049418658e-70,***
409,7Networks_LH_Default_Temp_17,-0.27492646637279394,-17.423032273170488,2.0422562451064875e-46,5.953696172174845e-46,***
410,7Networks_LH_Default_Temp_18,-0.5340511701408788,-28.89218619666958,1.4223997400729562e-85,3.7638885429622843e-84,***
411,7Networks_LH_Default_Temp_19,-0.6220639634093114,-32.84199802065388,1.632722874282251e-97,9.911588272113428e-96,***
412,7Networks_LH_Default_Temp_20,-0.17785126740593116,-11.692815397596773,6.122928853352023e-26,1.120365705081434e-25,***
413,7Networks_LH_Default_Temp_21,-0.7551048857509232,-36.861720828161474,7.990827054580174e-109,9.162815022585267e-107,***
414,7Networks_LH_Default_Temp_22,-0.5754187987527706,-31.33350686461435,4.718675236863961e-93,2.213487656565276e-91,***
415,7Networks_LH_Default_PFC_1,0.0771441552710402,7.561800054228899,5.867331257356324e-13,8.16049306953063e-13,***
416,7Networks_LH_Default_PFC_2,0.031118294788610997,4.509588938179655,9.600369714627056e-06,1.1401129511501866e-05,***
417,7Networks_LH_Default_PFC_3,0.12876513889935368,11.528733075457964,2.2260100835223856e-25,3.995204184687134e-25,***
418,7Networks_LH_Default_PFC_4,0.12141879581759331,10.374415053611848,1.6149326710269796e-21,2.624583490550934e-21,***
419,7Networks_LH_Default_PFC_5,-0.07348476115616581,-9.27856744086858,5.1183681073229514e-18,7.790790393447324e-18,***
420,7Networks_LH_Default_PFC_6,0.11200966990084307,11.025378311690172,1.121781022353347e-23,1.910359760839363e-23,***
421,7Networks_LH_Default_PFC_7,-0.01691594075962959,-1.8087882275798293,0.07156810216410957,0.07629987751380277,ns
422,7Networks_LH_Default_PFC_8,0.0839163821887436,6.208437017348286,1.9490567876137612e-09,2.5269178452479917e-09,***
423,7Networks_LH_Default_PFC_9,-0.017061401154402543,-2.8583428778770648,0.004581956072873438,0.005079031865956378,**
424,7Networks_LH_Default_PFC_10,-0.02267276021273575,-1.9348900122059878,0.0540217681597434,0.05789248675062844,ns
425,7Networks_LH_Default_PFC_11,-0.023205261477707056,-1.6901502117293936,0.0921242088120603,0.09771036330323353,ns
426,7Networks_LH_Default_PFC_12,-0.06503896535106872,-7.951274550352449,4.714126637802304e-14,6.728877856448102e-14,***
427,7Networks_LH_Default_PFC_13,-0.05727344844414925,-6.674327529991289,1.3504659811129185e-10,1.7776541996282295e-10,***
428,7Networks_LH_Default_PFC_14,0.05432785922915199,4.717164898971783,3.7969786758695616e-06,4.545802776679103e-06,***
429,7Networks_LH_Default_PFC_15,0.19471161876529688,17.30386973285619,5.518113587739571e-46,1.599632927681808e-45,***
430,7Networks_LH_Default_PFC_16,-0.048487006067445174,-5.814670194624663,1.6707557868503953e-08,2.107848376564313e-08,***
431,7Networks_LH_Default_PFC_17,-0.08158391199307992,-6.36303034884643,8.158775872117809e-10,1.0644572313559518e-09,***
432,7Networks_LH_Default_PFC_18,0.1592668744508026,13.450299010520016,4.415132103779192e-32,9.094643375449355e-32,***
433,7Networks_LH_Default_PFC_19,-0.0004231310351680054,-0.03594114241849432,0.9713551767531762,0.9722973253242267,ns
434,7Networks_LH_Default_PFC_20,0.050026427227109635,4.5073677642520575,9.694422587489143e-06,1.1499590931366431e-05,***
435,7Networks_LH_Default_PFC_21,-0.10466605005968137,-7.476574456361376,1.0080914680532668e-12,1.3945715751085407e-12,***
436,7Networks_LH_Default_PFC_22,-0.018430928691843197,-1.7312222524899112,0.08452559995883138,0.08974322958591974,ns
437,7Networks_LH_Default_PFC_23,0.011783912139808509,1.2633026262634552,0.20754270126189625,0.21354343739010662,ns
438,7Networks_LH_Default_PFC_24,-0.017031144935303003,-1.5459811560392809,0.12325080403524236,0.1296583381899797,ns
439,7Networks_LH_Default_PFC_25,0.11292798561281356,11.31144884755347,1.2181573281100434e-24,2.1452873082074485e-24,***
440,7Networks_LH_Default_PFC_26,0.15507964224298124,12.1591595496131,1.5140840576326493e-27,2.8255601220197002e-27,***
441,7Networks_LH_Default_PFC_27,0.03278043763414661,2.5750298946384578,0.010542401457561492,0.011500801590067083,*
442,7Networks_LH_Default_PFC_28,0.12886992820064333,11.274752231500266,1.6213899172141423e-24,2.8360582958728725e-24,***
443,7Networks_LH_Default_PFC_29,0.050755453678799196,4.470295117466538,1.1401135920958724e-05,1.3493087466088767e-05,***
444,7Networks_LH_Default_PFC_30,0.08817691370045509,6.961500061341143,2.4402800124172875e-11,3.29629446703487e-11,***
445,7Networks_LH_Default_PFC_31,0.14445946413066915,12.644436105842479,3.0830429936664567e-29,6.014556464014713e-29,***
446,7Networks_LH_Default_PFC_32,0.04620611170963996,3.5409404876168735,0.0004675728405244477,0.0005308417727406271,***
447,7Networks_LH_Default_PFC_33,0.046793175635004326,3.5905413447905876,0.0003902436812319057,0.0004435368711798752,***
448,7Networks_LH_Default_PFC_34,-0.04225758166387563,-3.748476678643572,0.00021655501334132875,0.00024804081439317566,***
449,7Networks_LH_Default_PFC_35,0.03986961852442508,3.3008412558219473,0.00109033370765435,0.0012257346255983542,**
450,7Networks_LH_Default_PFC_36,0.03254127873826313,2.7825645292505032,0.005763846604137814,0.006348228063468756,**
451,7Networks_LH_Default_PFC_37,-0.0002951961262847784,-0.024193227635962693,0.9807158991517637,0.9807158991517637,ns
452,7Networks_LH_Default_PFC_38,0.08373665720400818,6.246845362725258,1.5720824524692822e-09,2.040740994903521e-09,***
453,7Networks_LH_Default_PFC_39,-0.0030278996977013114,-0.27830948545778594,0.7809824299509157,0.7855495786640789,ns
454,7Networks_LH_Default_PFC_40,-0.11364324949492036,-9.061489155847676,2.398621217532024e-17,3.608421423459255e-17,***
455,7Networks_LH_Default_PFC_41,0.016744689575324392,1.502738195012632,0.13404573488058613,0.14015724254991377,ns
456,7Networks_LH_Default_PFC_42,-0.3003364362280353,-21.00737872109053,2.946945156056427e-59,1.3222814787174924e-58,***
457,7Networks_LH_Default_PFC_43,-0.07693208295384014,-6.540665530660877,2.9447075438747676e-10,3.851632680961673e-10,***
458,7Networks_LH_Default_PFC_44,0.0042423644318632155,0.4008331471011773,0.6888519729427071,0.6955922075116181,ns
459,7Networks_LH_Default_PFC_45,0.0647815293440744,6.039939259303155,4.9486777484951666e-09,6.336272253656342e-09,***
460,7Networks_LH_Default_PFC_46,-0.08467109254098334,-6.81997950105284,5.704954009313611e-11,7.587000692798513e-11,***
461,7Networks_LH_Default_PFC_47,-0.14560474157605113,-12.451361966234439,1.458788258216788e-28,2.7982704135310875e-28,***
462,7Networks_LH_Default_PFC_48,0.05349602900634095,5.027719746594632,8.925671204746249e-07,1.086237344728553e-06,***
463,7Networks_LH_Default_PFC_49,-0.312834350204806,-22.224301836358695,1.6173573471768096e-63,8.603674135497255e-63,***
464,7Networks_LH_Default_PFC_50,-0.14009007720809385,-12.668509983571543,2.5387805991242363e-29,4.9810296165327223e-29,***
465,7Networks_LH_Default_pCunPCC_1,0.05296107608125082,5.1754450261272416,4.372979088628745e-07,5.359755842594851e-07,***
466,7Networks_LH_Default_pCunPCC_2,0.10203810622098938,7.757186614532982,1.6722664741359317e-13,2.3544051859594564e-13,***
467,7Networks_LH_Default_pCunPCC_3,0.06511654439891432,6.088444388799246,3.791539866947691e-09,4.8728133781942924e-09,***
468,7Networks_LH_Default_pCunPCC_4,0.02993059789133231,2.0244442326268577,0.043883897193121725,0.047126099795319065,*
469,7Networks_LH_Default_pCunPCC_5,-0.020277733647289166,-1.5247759210282805,0.12845588936619173,0.13458525667605062,ns
470,7Networks_LH_Default_pCunPCC_6,0.10760217668474836,11.889928082851478,1.2887499873775072e-26,2.3792307459277058e-26,***
471,7Networks_LH_Default_pCunPCC_7,0.16760506578652462,11.080701521056017,7.313856433777364e-24,1.2558901563491246e-23,***
472,7Networks_LH_Default_pCunPCC_8,-0.0302021449340211,-2.6048331810464513,0.009688332540499063,0.010591482184104908,*
473,7Networks_LH_Default_pCunPCC_9,0.15264497710178104,10.557072345589399,4.0541933333601664e-22,6.599254763450618e-22,***
474,7Networks_LH_Default_pCunPCC_10,-0.03948749711742119,-2.8340543873443553,0.004934259161156764,0.005451986567787773,**
475,7Networks_LH_Default_pCunPCC_11,-0.013688033141157041,-1.2673795482861019,0.2060840272488637,0.21225420770541653,ns
476,7Networks_LH_Default_pCunPCC_12,-0.06578432776606598,-5.509870466681499,8.209901260169203e-08,1.0146848024544453e-07,***
477,7Networks_LH_Default_pCunPCC_13,-0.03406896613398166,-2.57920031455438,0.010418973297049076,0.01137818036249169,*
478,7Networks_LH_Default_pCunPCC_14,-0.029019952199160537,-2.666617121469642,0.00811248371979468,0.008897006587490023,**
479,7Networks_LH_Default_pCunPCC_15,-0.1416714403169325,-9.638879556006597,3.7867964289467854e-19,5.876652503267793e-19,***
480,7Networks_LH_Default_pCunPCC_16,-0.05499151233509465,-5.205442445150958,3.775913713372089e-07,4.6445088822407574e-07,***
481,7Networks_LH_Default_pCunPCC_17,-0.060653203397447564,-5.928837030384249,9.055787899524474e-09,1.1495169879839186e-08,***
482,7Networks_LH_Default_pCunPCC_18,-0.21681684841783552,-14.216489867300838,8.109058215032392e-35,1.7767617999816197e-34,***
483,7Networks_LH_Default_pCunPCC_19,-0.11084977796607844,-10.674248463632647,1.661814151859999e-22,2.7439875275512305e-22,***
484,7Networks_LH_Default_pCunPCC_20,-0.15748690971961582,-13.53178544636558,2.266044122557966e-32,4.6771150689596417e-32,***
485,7Networks_LH_Default_pCunPCC_21,-0.1318653799224754,-12.436049225193246,1.6497163519958882e-28,3.1586405848975075e-28,***
486,7Networks_LH_Default_pCunPCC_22,-0.1097465422005686,-10.910576312196905,2.7181101030080226e-23,4.576002653024926e-23,***
487,7Networks_LH_Default_pCunPCC_23,-0.05672536011558295,-5.0129115462796,9.57906793242037e-07,1.1643814023860803e-06,***
488,7Networks_LH_Default_pCunPCC_24,-0.23661748648147404,-15.8981039932857,6.901774371794847e-41,1.7630275127951197e-40,***
489,7Networks_LH_Default_pCunPCC_25,-0.06007835498974498,-5.655173836905278,3.873937015505556e-08,4.834223700123016e-08,***
490,7Networks_LH_Default_pCunPCC_26,-0.10595875691004741,-7.614081440458111,4.201646146485709e-13,5.867522088191138e-13,***
491,7Networks_LH_Default_pCunPCC_27,-0.1565896778581811,-11.207146507552089,2.74342388206944e-24,4.76635260319135e-24,***
492,7Networks_LH_Default_pCunPCC_28,-0.1197281525990918,-8.03292629061478,2.7518401909995555e-14,3.9443042737660294e-14,***
493,7Networks_LH_Default_pCunPCC_29,0.1790693478250693,10.577849610971695,3.4622023373145425e-22,5.662429179252944e-22,***
494,7Networks_LH_Default_pCunPCC_30,-0.0824883023313656,-6.132309929991515,2.9760225946349188e-09,3.839069147079045e-09,***
495,7Networks_LH_Default_pCunPCC_31,0.15018533143524115,10.979796159865627,1.594777106946194e-23,2.706924299948145e-23,***
496,7Networks_LH_Default_pCunPCC_32,0.22342624368725877,13.415278869223057,5.879356895082563e-32,1.2086646047261365e-31,***
497,7Networks_LH_Default_PHC_1,0.18691904861908706,12.802984710813211,8.564216092832713e-30,1.6899179747233957e-29,***
498,7Networks_LH_Default_PHC_2,0.10608462025455177,13.09991668042176,7.698155171766459e-31,1.5486347246126678e-30,***
499,7Networks_LH_Default_PHC_3,0.1751515494661702,13.3115348194495,1.3722238806978412e-31,2.8042278116439053e-31,***
500,7Networks_RH_Vis_1,0.44617773869051236,31.275635019193984,7.036888067285746e-93,2.7931032636303426e-91,***
501,7Networks_RH_Vis_2,0.5687388992019985,37.05275073689171,2.427952380107989e-109,3.132058570339306e-107,***
502,7Networks_RH_Vis_3,0.3268276883436751,21.799801602970245,4.874205319121151e-62,2.4418348977344795e-61,***
503,7Networks_RH_Vis_4,0.35949229623451406,27.05857940765273,9.6378764194941e-80,1.441491081872161e-78,***
504,7Networks_RH_Vis_5,0.3548181914042878,25.36836302183557,3.3113676855596314e-74,3.285895626439942e-73,***
505,7Networks_RH_Vis_6,0.4832034257136187,31.977183394238875,5.6952334940224464e-95,2.9565267433577116e-93,***
506,7Networks_RH_Vis_7,0.4674227013787542,25.11423918394822,2.3198592466865274e-73,2.1186679137880498e-72,***
507,7Networks_RH_Vis_8,0.6223767703161334,33.76802907776024,3.419804503384867e-100,2.941031872910986e-98,***
508,7Networks_RH_Vis_9,0.5324161433201424,28.978848010637243,7.620303623069378e-86,2.0695140365809466e-84,***
509,7Networks_RH_Vis_10,0.13828577262162176,12.351231976194674,3.2580737796940435e-28,6.180757611478406e-28,***
510,7Networks_RH_Vis_11,0.31562673912524647,22.61538046696352,7.132906609997247e-65,4.230551506619057e-64,***
511,7Networks_RH_Vis_12,0.5680980930130871,33.344866157390115,5.657233640995468e-99,3.892176745004882e-97,***
512,7Networks_RH_Vis_13,0.44455381594701954,27.01118399660302,1.3712796446522298e-79,1.9655008240015294e-78,***
513,7Networks_RH_Vis_14,0.4730708573460934,26.3924313065421,1.4046814939297883e-77,1.6473082974267517e-76,***
514,7Networks_RH_Vis_15,0.40937412559479053,29.59996868233622,8.939433461997256e-88,2.713380980229755e-86,***
515,7Networks_RH_Vis_16,0.15020415381284538,11.56126488700413,1.72423095690421e-25,3.110850257911092e-25,***
516,7Networks_RH_Vis_17,0.28335734453000405,20.148106114963984,3.2593570203757006e-56,1.2838383377968409e-55,***
517,7Networks_RH_Vis_18,0.4330414371643611,28.03293515402272,7.288937938552097e-83,1.53513958216036e-81,***
518,7Networks_RH_Vis_19,0.20371086019891818,18.495874641245763,2.7082745838922488e-50,9.015933453473552e-50,***
519,7Networks_RH_Vis_20,0.06735985471728692,6.135169459618606,2.929280802499658e-09,3.783501612239858e-09,***
520,7Networks_RH_Vis_21,0.284919822762402,17.938026162059067,2.795687357998417e-48,8.664112172535633e-48,***
521,7Networks_RH_Vis_22,0.26282051698825204,24.795463330469335,2.696290682791148e-72,2.3382957854121556e-71,***
522,7Networks_RH_Vis_23,0.30155788664794875,24.22196357196668,2.293442787962971e-70,1.7795736520133728e-69,***
523,7Networks_RH_Vis_24,0.4199876436824839,25.886034322126548,6.430742920369196e-76,6.841780096722691e-75,***
524,7Networks_RH_Vis_25,0.11405364406218232,9.291210004583096,4.675349369257844e-18,7.126972746047408e-18,***
525,7Networks_RH_Vis_26,0.3963404944929689,25.568452734325344,7.189629970089256e-75,7.274213852090307e-74,***
526,7Networks_RH_Vis_27,0.03295154570422426,3.6852079092687937,0.00027484021683790147,0.00031375564577070165,***
527,7Networks_RH_Vis_28,0.2734639870550586,19.36066556267053,2.111833521176668e-53,7.5937707102938035e-53,***
528,7Networks_RH_Vis_29,0.11336423523275665,9.836177252508334,8.918958361142495e-20,1.4052465692670312e-19,***
529,7Networks_RH_Vis_30,0.23438781209851223,17.427853240877436,1.96177331214973e-46,5.735269286511392e-46,***
530,7Networks_RH_Vis_31,0.22802734339273353,19.82359155495247,4.671071387201962e-55,1.7787991408090125e-54,***
531,7Networks_RH_Vis_32,0.22920517842386856,20.216792717781942,1.8571524686472742e-56,7.486645889234324e-56,***
532,7Networks_RH_Vis_33,0.22547700697975065,20.30072563515817,9.344617540539747e-57,3.826843373744849e-56,***
533,7Networks_RH_Vis_34,0.31820496170214035,18.379106439683706,7.140282791883842e-50,2.3392926480076587e-49,***
534,7Networks_RH_Vis_35,0.4737411039526664,30.60913075198414,7.232226966195516e-91,2.4878860763712577e-89,***
535,7Networks_RH_Vis_36,0.35521299434971026,23.091993423348633,1.6247638564563126e-66,1.0100941565439244e-65,***
536,7Networks_RH_Vis_37,0.08311873523351179,8.626725202539445,4.990878834660917e-16,7.379064408839637e-16,***
537,7Networks_RH_Vis_38,0.43794658022173993,27.85091627654428,2.7658666906411574e-82,5.596812597532696e-81,***
538,7Networks_RH_Vis_39,0.3813052913955784,21.247323746849332,4.211515085042563e-60,1.9666441483094683e-59,***
539,7Networks_RH_Vis_40,0.19899687397214197,19.311337476734142,3.1725876325668867e-53,1.1368439016698011e-52,***
540,7Networks_RH_Vis_41,0.23679464681445725,19.293930770308403,3.662708932938938e-53,1.307929279859164e-52,***
541,7Networks_RH_Vis_42,0.15587412708808543,12.176693262384632,1.3163413258115852e-27,2.4654523561480146e-27,***
542,7Networks_RH_Vis_43,0.14299331836348267,14.092786981400788,2.2511399247271118e-34,4.8399508381632905e-34,***
543,7Networks_RH_Vis_44,0.5171494536280654,28.563190059849276,1.5337206679484491e-84,3.768570784101903e-83,***
544,7Networks_RH_Vis_45,0.3737470589816984,25.94937845946908,3.9790628751629495e-76,4.2774925908001707e-75,***
545,7Networks_RH_Vis_46,0.19091992611866954,14.869909003371234,3.6151686351812503e-37,8.537423413059612e-37,***
546,7Networks_RH_Vis_47,0.3845775417736173,27.13315429900941,5.536818985797366e-80,8.657571505064972e-79,***
547,7Networks_RH_Vis_48,0.30313121904659707,20.9129439424813,6.346483585195455e-59,2.8109747038290598e-58,***
548,7Networks_RH_Vis_49,0.4840874248893371,24.685395251575574,6.306958556689353e-72,5.335066582379846e-71,***
549,7Networks_RH_Vis_50,0.43574823871222595,27.98578891506071,1.0292142947367576e-82,2.1242983043366676e-81,***
550,7Networks_RH_Vis_51,0.45288441005993524,27.04049884684079,1.1025267860105953e-79,1.6228477344738189e-78,***
551,7Networks_RH_Vis_52,0.4891393231008011,26.387513389207797,1.457604611786673e-77,1.690166246476232e-76,***
552,7Networks_RH_Vis_53,0.372165382827175,24.501351049462603,2.620004865223953e-71,2.112378922586812e-70,***
553,7Networks_RH_Vis_54,0.3705502204071589,23.11904230414843,1.3118884942055812e-66,8.255298329391218e-66,***
554,7Networks_RH_Vis_55,0.3976813966514628,27.369093254662243,9.630684914948996e-81,1.6293224315126825e-79,***
555,7Networks_RH_Vis_56,0.4739518205226728,25.02754691288583,4.5149500712626466e-73,4.0872179592482904e-72,***
556,7Networks_RH_Vis_57,0.3171135717519385,24.066068855374684,7.725595599971798e-70,5.694867613693498e-69,***
557,7Networks_RH_Vis_58,0.4786713658357585,27.588250717984394,1.9089326108419102e-81,3.517890097122949e-80,***
558,7Networks_RH_Vis_59,0.0388739348408626,3.237547122588491,0.0013522801057635292,0.0015152584898457785,**
559,7Networks_RH_Vis_60,0.5105569632199112,27.4751844876363,4.396252904751937e-81,7.561554996173331e-80,***
560,7Networks_RH_Vis_61,0.4496026574781754,23.409334710831175,1.3278847514496137e-67,8.898552360363645e-67,***
561,7Networks_RH_Vis_62,0.46932901309035185,26.44834611669607,9.226817267843286e-78,1.1072180721411944e-76,***
562,7Networks_RH_Vis_63,0.21629276416805895,18.62617891420983,9.187817316998208e-51,3.108795892177754e-50,***
563,7Networks_RH_Vis_64,0.2978339284454437,19.377597432908185,1.8365592596055164e-53,6.62702502067445e-53,***
564,7Networks_RH_Vis_65,0.30523431696335607,23.779580640645673,7.250856474908656e-69,5.022069719534049e-68,***
565,7Networks_RH_Vis_66,0.4445386805190623,23.97605173628398,1.5597165805829222e-69,1.1100879387321212e-68,***
566,7Networks_RH_Vis_67,0.40311461059980286,22.541334712706853,1.286431508327013e-64,7.500549811262585e-64,***
567,7Networks_RH_Vis_68,0.12955118844763455,9.74426668057353,1.7522265240170207e-19,2.73570011011432e-19,***
568,7Networks_RH_Vis_69,0.4086296112512234,22.54505030579225,1.248902816958551e-64,7.32311197216605e-64,***
569,7Networks_RH_Vis_70,0.20403960933828214,15.575892851468613,1.0144455896279984e-39,2.5534337768197424e-39,***
570,7Networks_RH_Vis_71,0.32732476724703513,24.56722667793582,1.5729941110690799e-71,1.288357081447056e-70,***
571,7Networks_RH_Vis_72,0.3278819126805531,20.17083302211023,2.7057369664952773e-56,1.0739694420858177e-55,***
572,7Networks_RH_Vis_73,0.38995648766895546,20.850412303588076,1.0551921278015481e-58,4.633865003792331e-58,***
573,7Networks_RH_Vis_74,0.3696143486272554,21.517404405158764,4.744260778573552e-61,2.2878865063027594e-60,***
574,7Networks_RH_Vis_75,0.160409880689823,11.508148665002745,2.6161606776297134e-25,4.6791643315664895e-25,***
575,7Networks_RH_Vis_76,0.42737323947804956,24.291136023710663,1.3392045404745526e-70,1.0470144589164684e-69,***
576,7Networks_RH_Vis_77,0.4626474217381423,24.928112143484917,9.701353303624877e-73,8.557091119094764e-72,***
577,7Networks_RH_Vis_78,0.29582686321787416,21.50230006731659,5.3594655752295045e-61,2.572543476110162e-60,***
578,7Networks_RH_Vis_79,0.2865293504869654,17.943253314255198,2.676657136006037e-48,8.320211338428404e-48,***
579,7Networks_RH_Vis_80,0.2007207487280677,12.998198452399041,1.7597089353261838e-30,3.5262516917604304e-30,***
580,7Networks_RH_Vis_81,0.21402588542450854,14.20235359294191,9.113253043891952e-35,1.992558716376376e-34,***
581,7Networks_RH_SomMot_1,-0.2440435888019051,-17.235965220644403,9.723987673102594e-46,2.7798214068260047e-45,***
582,7Networks_RH_SomMot_2,-0.773775582050581,-38.89788218255313,3.0082424785727873e-114,4.435008911267309e-112,***
583,7Networks_RH_SomMot_3,-0.5283171473608215,-25.18417042029584,1.3566502410724669e-73,1.272784589806169e-72,***
584,7Networks_RH_SomMot_4,-0.49336714512306284,-29.75485512736506,2.972661048883022e-88,9.586831882647745e-87,***
585,7Networks_RH_SomMot_5,-0.7386115221448053,-39.51787929322936,7.334982968003806e-116,1.892425605744982e-113,***
586,7Networks_RH_SomMot_6,-0.08695816953649375,-6.696356686633682,1.186411690392282e-10,1.5656993151979988e-10,***
587,7Networks_RH_SomMot_7,-0.8611751820066295,-43.004249297838776,1.3061126211633177e-124,1.3479082250405438e-121,***
588,7Networks_RH_SomMot_8,0.1859792907184158,19.85350376919956,3.653347090012095e-55,1.396390443293512e-54,***
589,7Networks_RH_SomMot_9,-0.519871647035505,-24.097135631619526,6.063524560019487e-70,4.5675601065256276e-69,***
590,7Networks_RH_SomMot_10,-0.5998011668031423,-33.53395600690449,1.6103494648961318e-99,1.1870576055520058e-97,***
591,7Networks_RH_SomMot_11,0.013139711701531097,1.374148771852924,0.1705063332299472,0.17649201192909278,ns
592,7Networks_RH_SomMot_12,-0.8302746246746429,-39.02509154713124,1.3993618346945303e-114,2.406902355674592e-112,***
593,7Networks_RH_SomMot_13,-0.3604022475277509,-22.53053811354495,1.4020145055966146e-64,8.128533538065765e-64,***
594,7Networks_RH_SomMot_14,-0.777736724454612,-39.276772868977034,3.0940414393081643e-115,6.386101530732052e-113,***
595,7Networks_RH_SomMot_15,0.12675387594572257,13.591156229065284,1.3931516759007336e-32,2.892821991005145e-32,***
596,7Networks_RH_SomMot_16,-0.18728261171227897,-16.789061851379792,4.0555017813351045e-44,1.1131058080685713e-43,***
597,7Networks_RH_SomMot_17,0.09872917561208246,11.448900871209863,4.161995679354236e-25,7.392735871073273e-25,***
598,7Networks_RH_SomMot_18,-0.40622880799456434,-22.37911962563567,4.6919672638052084e-64,2.617356873647013e-63,***
599,7Networks_RH_SomMot_19,0.2085756514343969,18.820653858594483,1.833380882198843e-51,6.327923312472261e-51,***
600,7Networks_RH_SomMot_20,-0.2614349301770772,-19.548608839059067,4.4860480991512575e-54,1.6593554259226158e-53,***
601,7Networks_RH_SomMot_21,0.0945287892431305,10.663515442686263,1.8035651470280398e-22,2.9732895075606027e-22,***
602,7Networks_RH_SomMot_22,0.15669389498913128,14.522291343854661,6.46282157830225e-36,1.4626385677210354e-35,***
603,7Networks_RH_SomMot_23,-0.19675509896833654,-12.043783222026667,3.797215747283033e-27,7.048069516539731e-27,***
604,7Networks_RH_SomMot_24,-0.06219516142155861,-4.21015051085619,3.453177646504109e-05,4.026756306431911e-05,***
605,7Networks_RH_SomMot_25,0.10802373890583893,9.37356633821294,2.5884280896815047e-18,3.963290487464856e-18,***
606,7Networks_RH_SomMot_26,0.15213985521409093,13.885678698618408,1.2400661364415095e-33,2.6224349442779462e-33,***
607,7Networks_RH_SomMot_27,-0.4561004911370515,-32.33355873995757,5.045967297116557e-96,2.8930212503468264e-94,***
608,7Networks_RH_SomMot_28,0.07338888097596982,6.651634675927209,1.5427450701299994e-10,2.0281693151263177e-10,***
609,7Networks_RH_SomMot_29,-0.04637497122073617,-4.341472657501884,1.9866011847905458e-05,2.327096961071332e-05,***
610,7Networks_RH_SomMot_30,0.10744814899030507,8.166346275096615,1.1339441634389162e-14,1.641276825622667e-14,***
611,7Networks_RH_SomMot_31,-0.060476063030612946,-6.060267750132153,4.426813795260926e-09,5.682178901379696e-09,***
612,7Networks_RH_SomMot_32,-0.024049059727254424,-2.091828209924966,0.03736441364217755,0.04025060008217874,*
613,7Networks_RH_SomMot_33,-0.10249783472134442,-8.620907314818027,5.194913377086765e-16,7.66974335501222e-16,***
614,7Networks_RH_SomMot_34,0.1314532176934011,12.101545964515333,2.3971211980934934e-27,4.464431596483126e-27,***
615,7Networks_RH_SomMot_35,0.007024536241110581,0.5702257645472661,0.5689868020215865,0.5773789377446187,ns
616,7Networks_RH_SomMot_36,0.13372700842261934,11.545398623649803,1.9530422584848062e-25,3.5113930500981186e-25,***
617,7Networks_RH_SomMot_37,0.057594535913968764,6.8991189739613095,3.5533150972276986e-11,4.756188301347581e-11,***
618,7Networks_RH_SomMot_38,0.26312937879723236,21.62931701342727,1.9236287281541345e-61,9.453261178357461e-61,***
619,7Networks_RH_SomMot_39,0.10879518722241682,10.994512377397946,1.4236298754494228e-23,2.4204053236635984e-23,***
620,7Networks_RH_SomMot_40,0.02730560383673136,2.7439334043756247,0.00646717079343846,0.007107689306526615,**
621,7Networks_RH_SomMot_41,0.1328075719303271,12.650351485181321,2.9393818007875746e-29,5.745155337902986e-29,***
622,7Networks_RH_SomMot_42,0.25846913101951124,21.56873051139844,3.135451438254761e-61,1.5263140963579782e-60,***
623,7Networks_RH_SomMot_43,0.28611976629849845,21.780629763984518,5.687083595297631e-62,2.835299647510703e-61,***
624,7Networks_RH_SomMot_44,0.1613509995240972,16.153282174244314,8.201003453919998e-42,2.153545945151511e-41,***
625,7Networks_RH_SomMot_45,0.10251207440010003,11.124069174883417,5.2274277502966925e-24,9.021246552351482e-24,***
626,7Networks_RH_SomMot_46,0.17727307274920603,16.584304225743303,2.2421371956310174e-43,6.0891725944505524e-43,***
627,7Networks_RH_SomMot_47,-0.1479865999432114,-11.826861135695825,2.12373448514356e-26,3.9137392654788465e-26,***
628,7Networks_RH_SomMot_48,0.23909843367986164,23.56788601964216,3.8157406834640235e-68,2.5906870956150475e-67,***
629,7Networks_RH_SomMot_49,0.39213929997341257,28.15153832200319,3.063743056366082e-83,6.727197519510205e-82,***
630,7Networks_RH_SomMot_50,0.061730326557751555,8.09867324942203,1.7797268809754325e-14,2.5687806170162885e-14,***
631,7Networks_RH_SomMot_51,0.17782197696167928,21.0464986402746,2.145166285410591e-59,9.752474037637576e-59,***
632,7Networks_RH_SomMot_52,0.2748715490830692,24.941210825065188,8.77090727330279e-73,7.803083022455585e-72,***
633,7Networks_RH_SomMot_53,0.0662016535858477,7.9333891048466425,5.301740841013069e-14,7.536358881440064e-14,***
634,7Networks_RH_SomMot_54,0.0832204947706844,10.031926861530902,2.0965026960824018e-20,3.333730019040121e-20,***
635,7Networks_RH_SomMot_55,0.24677509382466456,20.4596986604035,2.5484420753217974e-57,1.0823013258156768e-56,***
636,7Networks_RH_SomMot_56,0.0717230596910424,7.427263462050693,1.3763704114488866e-12,1.8989495516246674e-12,***
637,7Networks_RH_SomMot_57,0.14308378608706368,15.34983359626541,6.673610841098002e-39,1.655568843272389e-38,***
638,7Networks_RH_SomMot_58,0.18972058280719412,19.393915507574356,1.605302318861747e-53,5.853964639806795e-53,***
639,7Networks_RH_SomMot_59,0.25437125020342255,21.756029446852736,6.932108951696087e-62,3.43939251834152e-61,***
640,7Networks_RH_SomMot_60,0.25873260277458454,23.97740869313589,1.5432747992545662e-69,1.1100879387321212e-68,***
641,7Networks_RH_SomMot_61,0.036483030919260244,4.4259144707604365,1.3824725922143443e-05,1.6231077533165e-05,***
642,7Networks_RH_SomMot_62,0.14765614604727828,14.256852304569808,5.809793396788427e-35,1.2784022996771125e-34,***
643,7Networks_RH_SomMot_63,0.05805880388085415,6.621874992038336,1.8361294676442661e-10,2.4107959422504867e-10,***
644,7Networks_RH_SomMot_64,0.15894751821463318,14.697764784178387,1.5090498472996712e-36,3.5154389219260966e-36,***
645,7Networks_RH_SomMot_65,0.13408261148270967,15.296093687169346,1.0440701842408052e-38,2.553271161460926e-38,***
646,7Networks_RH_SomMot_66,0.17238541006374378,16.192124347957147,5.929505540924122e-42,1.5610330913861464e-41,***
647,7Networks_RH_SomMot_67,0.23456944527249116,21.321198687862434,2.3161272383243272e-60,1.0914353013473543e-59,***
648,7Networks_RH_SomMot_68,0.16994836911535116,15.62222308710227,6.893877658804037e-40,1.739482088969625e-39,***
649,7Networks_RH_SomMot_69,0.13692411747836733,14.576980414719602,4.108050734962231e-36,9.338124137623397e-36,***
650,7Networks_RH_SomMot_70,0.08718303574434087,10.973821917902493,1.669967570348499e-23,2.82989578423588e-23,***
651,7Networks_RH_SomMot_71,0.04756079918067707,4.670154568723027,4.697964206019758e-06,5.604970012268658e-06,***
652,7Networks_RH_SomMot_72,0.1707780848191139,17.037513356108487,5.0951550574546895e-45,1.428858700894902e-44,***
653,7Networks_RH_SomMot_73,0.04471887621958838,4.8038543002204595,2.5528940700627995e-06,3.0706138465091014e-06,***
654,7Networks_RH_SomMot_74,0.14793635102370728,14.37615489803607,2.1666767995028347e-35,4.82939623560891e-35,***
655,7Networks_RH_SomMot_75,0.09589157398022038,10.289082050708544,3.069463765316527e-21,4.957256034126222e-21,***
656,7Networks_RH_SomMot_76,0.07633266834259408,6.915875696288298,3.212869174780446e-11,4.306079205679767e-11,***
657,7Networks_RH_SomMot_77,0.15367155099944324,13.293833414546883,1.5855223577427767e-31,3.2273354500799716e-31,***
658,7Networks_RH_SomMot_78,0.09951164279709673,8.092808960576164,1.8504282225858115e-14,2.6596684202069045e-14,***
659,7Networks_RH_SomMot_79,0.15767691816223048,17.73909595038024,1.4653034934767846e-47,4.395910480430354e-47,***
660,7Networks_RH_SomMot_80,0.17204640143302552,17.49258052504174,1.1434928169140082e-46,3.3620643505847762e-46,***
661,7Networks_RH_SomMot_81,0.1034986566188596,10.112951013499574,1.1470607380767317e-20,1.8381470212658186e-20,***
662,7Networks_RH_SomMot_82,0.0954927120030241,11.20982397043202,2.6869309936301585e-24,4.6760755234845256e-24,***
663,7Networks_RH_SomMot_83,0.14715710259658674,14.728579302892612,1.1686291802400411e-36,2.7285640588410012e-36,***
664,7Networks_RH_SomMot_84,0.11270133989234553,12.29551028707141,5.0912235433090275e-28,9.640628801275075e-28,***
665,7Networks_RH_SomMot_85,0.09003879793641091,8.093203699700922,1.8455831663292687e-14,2.656404222666395e-14,***
666,7Networks_RH_SomMot_86,0.12257815098339607,11.297171788576806,1.3615544331051274e-24,2.3896669642253256e-24,***
667,7Networks_RH_SomMot_87,0.08259795980412087,9.131302059342026,1.462548035850337e-17,2.2098822445059265e-17,***
668,7Networks_RH_SomMot_88,0.16621403938273244,18.230099052146073,2.4625519211364346e-49,7.892402430474536e-49,***
669,7Networks_RH_SomMot_89,0.04862096712753662,5.987665065127544,6.582719291589253e-09,8.376530590530344e-09,***
670,7Networks_RH_SomMot_90,0.18353690352010824,20.19890180549808,2.1501118923396767e-56,8.600447569358707e-56,***
671,7Networks_RH_SomMot_91,0.14441617568398618,16.1000586412565,1.278946406559547e-41,3.341449852074563e-41,***
672,7Networks_RH_SomMot_92,0.08611729031280409,8.810614363028801,1.395937561345229e-16,2.0787987926526354e-16,***
673,7Networks_RH_SomMot_93,0.05972263272964634,6.599878204428455,2.0875653958557779e-10,2.737442806255607e-10,***
674,7Networks_RH_SomMot_94,0.06706834737997984,6.803933467947273,6.276939312277426e-11,8.336938700476581e-11,***
675,7Networks_RH_SomMot_95,0.07634026303046824,7.320452977862962,2.6897217611144492e-12,3.7059984745929396e-12,***
676,7Networks_RH_SomMot_96,0.012310782761719206,1.5064471727720752,0.13309193927858806,0.139301096689151,ns
677,7Networks_RH_SomMot_97,0.10474984162206323,10.052384981186306,1.8007506846316415e-20,2.867862201450392e-20,***
678,7Networks_RH_SomMot_98,0.09373093385945631,9.29674322465872,4.493633897985523e-18,6.860103820593283e-18,***
679,7Networks_RH_SomMot_99,0.12264770949370729,12.186132886019776,1.2207734865851988e-27,2.2947873190454014e-27,***
680,7Networks_RH_SomMot_100,0.12585638155006285,12.699416326543506,1.9782000288748256e-29,3.888576056759657e-29,***
681,7Networks_RH_SomMot_101,0.1092075749972687,12.65411574050898,2.8514597639555233e-29,5.58388325692998e-29,***
682,7Networks_RH_SomMot_102,0.10860334522285794,12.16207101029772,1.4793094378879545e-27,2.765665470834002e-27,***
683,7Networks_RH_SomMot_103,0.04855886301699862,4.956206637528286,1.2536381776961949e-06,1.5220642345676153e-06,***
684,7Networks_RH_DorsAttn_Post_1,0.19351408505304027,20.523399492861277,1.515020608857163e-57,6.514588618085801e-57,***
685,7Networks_RH_DorsAttn_Post_2,0.3196846725392291,26.09529093440033,1.3193561641000925e-76,1.4484846397354207e-75,***
686,7Networks_RH_DorsAttn_Post_3,0.22992888447408225,18.352727548461242,8.88929239625887e-50,2.903085364854163e-49,***
687,7Networks_RH_DorsAttn_Post_4,0.3002091452062364,20.50328703344733,1.7853069832022026e-57,7.64496600275798e-57,***
688,7Networks_RH_DorsAttn_Post_5,0.012193683754468358,1.1638575168784866,0.24548325585895095,0.2523294024366906,ns
689,7Networks_RH_DorsAttn_Post_6,0.32931925349117164,21.746438946553855,7.488421322972238e-62,3.69763196426189e-61,***
690,7Networks_RH_DorsAttn_Post_7,0.34904287309736987,22.446096653906885,2.749024977486748e-64,1.5502698233695759e-63,***
691,7Networks_RH_DorsAttn_Post_8,0.43142777683197653,23.36004413408496,1.957837938120707e-67,1.2707476428557043e-66,***
692,7Networks_RH_DorsAttn_Post_9,0.6460654847486925,31.91762565358869,8.55218704943499e-95,4.2027890642937656e-93,***
693,7Networks_RH_DorsAttn_Post_10,0.3825536652588093,26.322229151321594,2.3822120097042304e-77,2.672220428276919e-76,***
694,7Networks_RH_DorsAttn_Post_11,0.5671672878878754,28.08594930735701,4.946726793722438e-83,1.0635462606503241e-81,***
695,7Networks_RH_DorsAttn_Post_12,0.2548198972425219,16.202088086380613,5.4561599966345207e-42,1.4400913341500833e-41,***
696,7Networks_RH_DorsAttn_Post_13,0.1459613506061954,10.840838998536613,4.6451222340838875e-23,7.78208789866002e-23,***
697,7Networks_RH_DorsAttn_Post_14,0.15233660450060899,13.62020128785551,1.0979386251596242e-32,2.284420687832121e-32,***
698,7Networks_RH_DorsAttn_Post_15,0.06925172465718821,5.274918915252448,2.680942617626947e-07,3.3055349837407515e-07,***
699,7Networks_RH_DorsAttn_Post_16,0.2931766545348896,19.895958923907568,2.5778774307279962e-55,9.889849474019672e-55,***
700,7Networks_RH_DorsAttn_Post_17,0.15881158915361906,14.756271751093783,9.28702383143536e-37,2.183191023699611e-36,***
701,7Networks_RH_DorsAttn_Post_18,0.03796001429279099,3.9466875939363133,0.00010051821387764117,0.00011642513661248674,***
702,7Networks_RH_DorsAttn_Post_19,0.019091844357221402,1.3716708854204587,0.17127590029111386,0.17711095100243437,ns
703,7Networks_RH_DorsAttn_Post_20,0.06309211685625535,5.844429689943101,1.4254178894006675e-08,1.8005278602955802e-08,***
704,7Networks_RH_DorsAttn_Post_21,0.12933122722035045,9.397067036009858,2.185529354638392e-18,3.361350661679315e-18,***
705,7Networks_RH_DorsAttn_Post_22,0.29770803346616975,22.01321584276598,8.776324133109381e-63,4.597546449425828e-62,***
706,7Networks_RH_DorsAttn_Post_23,0.07508674227182051,7.7667757023933435,1.571560925535214e-13,2.2186742478144195e-13,***
707,7Networks_RH_DorsAttn_Post_24,0.21959537790686426,16.98843509063397,7.67520681106816e-45,2.146561904884103e-44,***
708,7Networks_RH_DorsAttn_Post_25,0.11877795272279029,10.794299584118495,6.637249628295311e-23,1.106565689240834e-22,***
709,7Networks_RH_DorsAttn_Post_26,-0.015387807243530574,-1.5787982697158505,0.11552358045064194,0.12177766601129977,ns
710,7Networks_RH_DorsAttn_Post_27,0.07486165905184314,5.049757296864083,8.032506619363519e-07,9.78695021391163e-07,***
711,7Networks_RH_DorsAttn_Post_28,0.0716904218346941,7.029269300403831,1.6182472708076674e-11,2.1945219230926582e-11,***
712,7Networks_RH_DorsAttn_Post_29,0.02549234623071919,1.9884697598030863,0.047743693823511416,0.051217767178652576,ns
713,7Networks_RH_DorsAttn_Post_30,0.08809073013125043,9.72507305215042,2.0168434015576332e-19,3.1440821607363706e-19,***
714,7Networks_RH_DorsAttn_Post_31,0.17823300503020853,17.155867477742763,1.8972831500112366e-45,5.364373180305743e-45,***
715,7Networks_RH_DorsAttn_Post_32,0.24763935643210494,16.510584784195842,4.14994648605096e-43,1.1240799930720712e-42,***
716,7Networks_RH_DorsAttn_Post_33,0.42293689334972967,24.20205976975254,2.6776941802953066e-70,2.0622241746751912e-69,***
717,7Networks_RH_DorsAttn_Post_34,0.24480624363625347,19.59929752099023,2.9552194638773603e-54,1.0970454988206604e-53,***
718,7Networks_RH_DorsAttn_Post_35,0.11108504215858793,10.074934667572402,1.522615656047216e-20,2.432413865388122e-20,***
719,7Networks_RH_DorsAttn_Post_36,0.037138455924695855,4.17972916977057,3.917500170179537e-05,4.563047602285872e-05,***
720,7Networks_RH_DorsAttn_Post_37,0.21001529614266048,15.83788795647593,1.1407424046079845e-40,2.885407258714314e-40,***
721,7Networks_RH_DorsAttn_Post_38,0.04330045680860644,2.8578514335437135,0.004588851295728905,0.005081217314583937,**
722,7Networks_RH_DorsAttn_Post_39,0.2614870951619443,19.4243498647624,1.2490149603527095e-53,4.570863259163107e-53,***
723,7Networks_RH_DorsAttn_Post_40,0.04441225577353777,3.4054973995769044,0.000758232910749136,0.0008570606395324297,***
724,7Networks_RH_DorsAttn_Post_41,0.3528012474292714,20.010087987196084,1.0103689223066876e-55,3.919927548197374e-55,***
725,7Networks_RH_DorsAttn_Post_42,0.13907494895030825,11.24966827138363,1.971019118808603e-24,3.441779578021114e-24,***
726,7Networks_RH_DorsAttn_Post_43,0.13157065239346122,10.777895961823265,7.525845044500582e-23,1.2526890461168713e-22,***
727,7Networks_RH_DorsAttn_Post_44,0.2406877763048128,18.022537557768143,1.3836947632808533e-48,4.353576206420246e-48,***
728,7Networks_RH_DorsAttn_Post_45,0.14963322905644394,10.944835701409001,2.0879774089387065e-23,3.532447026270074e-23,***
729,7Networks_RH_DorsAttn_Post_46,0.19288387106068497,12.94804226716212,2.6439277785036604e-30,5.267439126285285e-30,***
730,7Networks_RH_DorsAttn_Post_47,0.34149788472210957,22.5013543992814,1.769215755459505e-64,1.0143503664634495e-63,***
731,7Networks_RH_DorsAttn_Post_48,0.08650692982405488,6.940395933374771,2.7717839885907336e-11,3.7245847346687984e-11,***
732,7Networks_RH_DorsAttn_Post_49,0.10073704775380843,7.5562597365649165,6.078159125178143e-13,8.442342149641782e-13,***
733,7Networks_RH_DorsAttn_Post_50,0.13690674848543208,10.894105712388868,3.085213168045617e-23,5.1855700153470307e-23,***
734,7Networks_RH_DorsAttn_Post_51,0.13409141480347178,11.465639456921046,3.650660226112082e-25,6.495657505771843e-25,***
735,7Networks_RH_DorsAttn_Post_52,0.0698873748240003,7.097022514146805,1.0704168472357889e-11,1.4573485308012323e-11,***
736,7Networks_RH_DorsAttn_FEF_1,0.22362581216508984,18.503290663765668,2.5466137014175735e-50,8.505195274637333e-50,***
737,7Networks_RH_DorsAttn_FEF_2,0.30289065497451473,26.435846320359182,1.0135406078251587e-77,1.2022688589374297e-76,***
738,7Networks_RH_DorsAttn_FEF_3,0.1957654402723343,17.1742650332126,1.6272401552453037e-45,4.613494066519652e-45,***
739,7Networks_RH_DorsAttn_FEF_4,0.1247973646696406,12.355799499615575,3.1409370913323547e-28,5.9695157978913255e-28,***
740,7Networks_RH_DorsAttn_FEF_5,0.25180122010517964,21.0206801783553,2.645289036471531e-59,1.197341353350272e-58,***
741,7Networks_RH_DorsAttn_FEF_6,0.17691483705466432,18.100083406349118,7.258969883278534e-49,2.2979315704121e-48,***
742,7Networks_RH_DorsAttn_PrCv_1,0.0832745660436172,7.815931522197887,1.1421830515652855e-13,1.6191386115595805e-13,***
743,7Networks_RH_DorsAttn_PrCv_2,0.18825624499526275,16.399844729979034,1.0463884515660884e-42,2.8121689635838624e-42,***
744,7Networks_RH_DorsAttn_PrCv_3,0.17806894309236926,18.046934966926134,1.1294931454607974e-48,3.564638917784535e-48,***
745,7Networks_RH_SalVentAttn_TempOccPar_1,0.17516716960297954,11.406190123010479,5.813491914802811e-25,1.029077814078302e-24,***
746,7Networks_RH_SalVentAttn_TempOccPar_2,0.13132181711553884,9.208287148649942,8.45676338431231e-18,1.2815535701336719e-17,***
747,7Networks_RH_SalVentAttn_TempOccPar_3,0.47643171151594277,27.70615732752316,8.011792001612462e-82,1.5311424714192703e-80,***
748,7Networks_RH_SalVentAttn_TempOccPar_4,-0.3283590945226049,-19.620802376318426,2.4757519473567153e-54,9.223740107119605e-54,***
749,7Networks_RH_SalVentAttn_TempOccPar_5,-0.044351267548457515,-3.1961000181097843,0.0015542451291086755,0.0017377908702493532,**
750,7Networks_RH_SalVentAttn_TempOccPar_6,0.13557231732135466,10.08787366281261,1.3827656192145265e-20,2.2124249907432424e-20,***
751,7Networks_RH_SalVentAttn_TempOccPar_7,-0.08680946634495784,-7.167212272232088,6.956913300762588e-12,9.509317253492704e-12,***
752,7Networks_RH_SalVentAttn_TempOccPar_8,0.12046885369856518,8.578611114996129,6.948497606430491e-16,1.0244070756908954e-15,***
753,7Networks_RH_SalVentAttn_TempOccPar_9,0.22648941274859238,18.733807792123127,3.764618913302834e-51,1.2864525558041473e-50,***
754,7Networks_RH_SalVentAttn_TempOccPar_10,0.27358400728573384,20.161205173692643,2.9277401655006365e-56,1.1576351918761137e-55,***
755,7Networks_RH_SalVentAttn_TempOccPar_11,0.11842218935860406,9.798294022319348,1.178556949683323e-19,1.8484358238194367e-19,***
756,7Networks_RH_SalVentAttn_TempOccPar_12,0.31496000551805026,23.377420236601676,1.707347912023575e-67,1.1151791425369174e-66,***
757,7Networks_RH_SalVentAttn_TempOccPar_13,0.5053223979820616,31.2928248706761,6.248972555128923e-93,2.5795758707572194e-91,***
758,7Networks_RH_SalVentAttn_TempOccPar_14,0.231198684438447,18.608590903610082,1.0630630355960788e-50,3.585232198480893e-50,***
759,7Networks_RH_SalVentAttn_TempOccPar_15,0.2598596302328614,20.320175009027736,7.970330576661802e-57,3.2770442849063663e-56,***
760,7Networks_RH_SalVentAttn_TempOccPar_16,0.1662419878321537,13.993531961062828,5.10226488337484e-34,1.0901733663856802e-33,***
761,7Networks_RH_SalVentAttn_TempOccPar_17,0.25030516010066445,20.24085129519377,1.525181713937042e-56,6.221294580170069e-56,***
762,7Networks_RH_SalVentAttn_TempOccPar_18,0.20608347115572795,16.45535698094309,6.581930352062355e-43,1.7735123037410836e-42,***
763,7Networks_RH_SalVentAttn_PrC_1,0.11625181351006582,9.37768419113255,2.512855076994949e-18,3.85329337215273e-18,***
764,7Networks_RH_SalVentAttn_PrC_2,-0.07319624396176758,-7.697858614899083,2.453245457758274e-13,3.435209379113349e-13,***
765,7Networks_RH_SalVentAttn_FrOperIns_1,0.10621232614800641,11.809486524029364,2.4366883500535483e-26,4.48246413057979e-26,***
766,7Networks_RH_SalVentAttn_FrOperIns_2,0.16987077049164387,20.53933272491866,1.3302985437778354e-57,5.744217979827306e-57,***
767,7Networks_RH_SalVentAttn_FrOperIns_3,-0.125406229774843,-15.078093020899322,6.406869654042174e-38,1.5448339913484867e-37,***
768,7Networks_RH_SalVentAttn_FrOperIns_4,0.3080107583556292,28.43403165229883,3.9155476406638156e-84,9.397314337593159e-83,***
769,7Networks_RH_SalVentAttn_FrOperIns_5,0.31900825271072186,31.172043579060272,1.4404774337240585e-92,5.309188255725816e-91,***
770,7Networks_RH_SalVentAttn_FrOperIns_6,0.3053986869406659,28.61715284604061,1.0374110907606385e-84,2.611239623573119e-83,***
771,7Networks_RH_SalVentAttn_FrOperIns_7,0.09253668216148846,9.035974413841055,2.8725689488678006e-17,4.308853423301701e-17,***
772,7Networks_RH_SalVentAttn_FrOperIns_8,0.15852546719654304,14.74198513600259,1.0456019253073067e-36,2.4524117884480467e-36,***
773,7Networks_RH_SalVentAttn_FrOperIns_9,0.25076533732632195,25.320299717271794,4.7824638539181686e-74,4.6561346200410845e-73,***
774,7Networks_RH_SalVentAttn_FrOperIns_10,0.1282110241202499,14.683729222764132,1.6953753927111543e-36,3.93174697815261e-36,***
775,7Networks_RH_SalVentAttn_FrOperIns_11,0.19457909433471754,20.23681081337029,1.5764627631362838e-56,6.405155793530098e-56,***
776,7Networks_RH_SalVentAttn_FrOperIns_12,0.3246105043228472,26.706072909466325,1.3363282000559158e-78,1.768065003150904e-77,***
777,7Networks_RH_SalVentAttn_FrOperIns_13,0.28145254349189797,25.20761494839525,1.1334794159970035e-73,1.0731658323934933e-72,***
778,7Networks_RH_SalVentAttn_FrOperIns_14,0.21741264343583735,21.89122425333847,2.337186491283753e-62,1.1881657433521346e-61,***
779,7Networks_RH_SalVentAttn_FrOperIns_15,0.1422913068028456,12.890404971091591,4.2192196251399314e-30,8.389662144786916e-30,***
780,7Networks_RH_SalVentAttn_FrOperIns_16,0.2645708199244057,22.24456655652706,1.3752946027326028e-63,7.430911151937415e-63,***
781,7Networks_RH_SalVentAttn_FrOperIns_17,0.26829921663513934,22.983088283596423,3.847266547727675e-66,2.3774725013502755e-65,***
782,7Networks_RH_SalVentAttn_FrOperIns_18,0.2505048239846533,23.850379219010087,4.165721367076601e-69,2.9047462505561162e-68,***
783,7Networks_RH_SalVentAttn_FrOperIns_19,0.28452824398493903,23.384642435268965,1.612926536732748e-67,1.0670129396847409e-66,***
784,7Networks_RH_SalVentAttn_FrOperIns_20,0.15975117078672982,16.09535213647892,1.3302004628860711e-41,3.466583024490973e-41,***
785,7Networks_RH_SalVentAttn_FrOperIns_21,0.2324912778128691,18.427313828193704,4.784788151535995e-50,1.5725800548997283e-49,***
786,7Networks_RH_SalVentAttn_FrOperIns_22,0.21896396343628366,17.866961016142305,5.0515963486113626e-48,1.5423808969724633e-47,***
787,7Networks_RH_SalVentAttn_FrOperIns_23,0.2000574258083182,17.603961071256087,4.518298037873946e-47,1.347654212452576e-46,***
788,7Networks_RH_SalVentAttn_FrOperIns_24,0.0993876227318761,10.592809966500132,3.090000829531843e-22,5.061715644566448e-22,***
789,7Networks_RH_SalVentAttn_PFCl_1,0.3020478055773006,23.976698179002824,1.551862081245482e-69,1.1100879387321212e-68,***
790,7Networks_RH_SalVentAttn_PFCl_2,0.22341010410014275,17.756698027843967,1.265450129679197e-47,3.8074184659735613e-47,***
791,7Networks_RH_SalVentAttn_Med_1,0.23030236819459712,21.54288284987227,3.862491283492741e-61,1.8714042274950745e-60,***
792,7Networks_RH_SalVentAttn_Med_2,0.07309415887946638,7.8038815038297855,1.2352652764079018e-13,1.7462928291136363e-13,***
793,7Networks_RH_SalVentAttn_Med_3,0.03482415472373606,3.783048771107498,0.00018985156252734745,0.00021769645836469174,***
794,7Networks_RH_SalVentAttn_Med_4,0.1525877160194934,14.367735563242876,2.3229547089134618e-35,5.166571680169596e-35,***
795,7Networks_RH_SalVentAttn_Med_5,0.2525806500753572,22.892949159001688,7.860137003234983e-66,4.743661630022516e-65,***
796,7Networks_RH_SalVentAttn_Med_6,0.12381124394340079,14.219108606004772,7.935547464638768e-35,1.742443613512172e-34,***
797,7Networks_RH_SalVentAttn_Med_7,0.13170998093411557,16.932552814203834,1.2237920502755924e-44,3.404187050901379e-44,***
798,7Networks_RH_SalVentAttn_Med_8,0.13089012929658358,13.296328205173504,1.5535669465969526e-31,3.168539701359793e-31,***
799,7Networks_RH_SalVentAttn_Med_9,0.2003612832970221,21.41948045440657,1.0462595229364155e-60,4.9757595745178837e-60,***
800,7Networks_RH_SalVentAttn_Med_10,0.25597145358057716,24.79288674847225,2.7504182136043697e-72,2.365359663699758e-71,***
801,7Networks_RH_SalVentAttn_Med_11,0.21274211668949583,21.237633680318243,4.555290217047487e-60,2.1175943711680213e-59,***
802,7Networks_RH_SalVentAttn_Med_12,0.1744078743109216,17.302920641644402,5.561979690603927e-46,1.607832784510715e-45,***
803,7Networks_RH_SalVentAttn_Med_13,0.29799495996711695,23.406524947579523,1.3575912712636961e-67,9.038930270607319e-67,***
804,7Networks_RH_SalVentAttn_Med_14,0.2231259375422792,21.952020085811657,1.434231606736701e-62,7.400635090761377e-62,***
805,7Networks_RH_SalVentAttn_Med_15,0.12736639052592066,11.42317810833455,5.090173347493218e-25,9.025874389369418e-25,***
806,7Networks_RH_SalVentAttn_Med_16,0.24167439663494714,19.70871224438986,1.2010642598526351e-54,4.5072666042469806e-54,***
807,7Networks_RH_SalVentAttn_Med_17,0.06505234353312052,5.85524214674202,1.345301412143692e-08,1.7034982298555706e-08,***
808,7Networks_RH_SalVentAttn_Med_18,0.13145646302786915,13.13899162067379,5.601304329508505e-31,1.1334404055005445e-30,***
809,7Networks_RH_SalVentAttn_Med_19,0.18762530854925746,17.50991354368095,9.896202492362235e-47,2.917965992033665e-46,***
810,7Networks_RH_SalVentAttn_Med_20,0.211713198991933,22.33192052990873,6.840577915547535e-64,3.7954174241102455e-63,***
811,7Networks_RH_Limbic_OFC_1,0.11493620990320844,15.511162885497425,1.740090262744891e-39,4.3481190100550304e-39,***
812,7Networks_RH_Limbic_OFC_2,0.05559141302238241,7.28808872517402,3.291094648965054e-12,4.528546236975915e-12,***
813,7Networks_RH_Limbic_OFC_3,0.004155668698687163,0.616402049879561,0.5381354333157085,0.5471485390953804,ns
814,7Networks_RH_Limbic_OFC_4,-0.0023241796439705123,-0.334151352702486,0.738518195512237,0.7442878689146764,ns
815,7Networks_RH_Limbic_OFC_5,-0.025996842896058622,-3.422057303855183,0.0007152906000949405,0.0008094077843179589,***
816,7Networks_RH_Limbic_OFC_6,0.15202729477097537,16.396219870945846,1.0785491350995268e-42,2.8910719673317186e-42,***
817,7Networks_RH_Limbic_OFC_7,-0.03238351814646,-4.266254505302097,2.7311836552463945e-05,3.192051565361585e-05,***
818,7Networks_RH_Limbic_OFC_8,-0.02574965026557207,-3.695355554054786,0.0002645894399868411,0.00030238793141353266,***
819,7Networks_RH_Limbic_OFC_9,-0.019435032496383585,-2.3910325516128785,0.017468806864903097,0.018916903131773345,*
820,7Networks_RH_Limbic_OFC_10,-0.003556211009654486,-0.40551203844989114,0.6854142029839874,0.6927986850925318,ns
821,7Networks_RH_Limbic_OFC_11,-0.04318953855185746,-6.017364920282592,5.598825134226024e-09,7.142135399902666e-09,***
822,7Networks_RH_Limbic_OFC_12,-0.048198044906185816,-6.989771799713858,2.05663308213155e-11,2.7817108004715067e-11,***
823,7Networks_RH_Limbic_OFC_13,-0.03972092035619705,-4.874859907980593,1.836583443796477e-06,2.2167884374245198e-06,***
824,7Networks_RH_Limbic_OFC_14,-0.06026640312946069,-6.678390264975077,1.31861969280731e-10,1.7379508594854968e-10,***
825,7Networks_RH_Limbic_TempPole_1,0.22477050462788029,25.6674602582341,3.382795978363532e-75,3.4910454496711645e-74,***
826,7Networks_RH_Limbic_TempPole_2,0.2527989025547243,21.927318034536974,1.748912532969524e-62,8.935038287250241e-62,***
827,7Networks_RH_Limbic_TempPole_3,-0.04180261290573261,-3.9123801783092875,0.00011505726376448869,0.0001331155787051035,***
828,7Networks_RH_Limbic_TempPole_4,0.07244485566463763,9.471498178949311,1.2771281948783597e-18,1.9700990988258104e-18,***
829,7Networks_RH_Limbic_TempPole_5,0.08657618948814697,10.074434461272181,1.5282956009906626e-20,2.43771415799438e-20,***
830,7Networks_RH_Limbic_TempPole_6,0.1833698402811836,23.992764773809693,1.3688821899978712e-69,9.948495916040867e-69,***
831,7Networks_RH_Limbic_TempPole_7,0.2991481814765478,33.023838667240554,4.8230569201586935e-98,3.1108717135023574e-96,***
832,7Networks_RH_Limbic_TempPole_8,-0.04076166416144083,-5.702758137613981,3.019735083434254e-08,3.772840927486865e-08,***
833,7Networks_RH_Limbic_TempPole_9,0.050966471871508094,6.739712290793004,9.186814878161148e-11,1.215486276187475e-10,***
834,7Networks_RH_Limbic_TempPole_10,0.14579231515154117,14.099822376757835,2.1242168980630526e-34,4.576600916077391e-34,***
835,7Networks_RH_Limbic_TempPole_11,-0.07347178320655767,-9.532018749989382,8.238621253196139e-19,1.2727929840267088e-18,***
836,7Networks_RH_Limbic_TempPole_12,0.016076465437187416,1.924300347558689,0.05534126869727456,0.05924500964272546,ns
837,7Networks_RH_Limbic_TempPole_13,0.27344438505244706,27.038806692135662,1.1164940808879955e-79,1.6228477344738189e-78,***
838,7Networks_RH_Limbic_TempPole_14,0.15582880219298187,16.26861519112256,3.1306193853882704e-42,8.305396415734434e-42,***
839,7Networks_RH_Limbic_TempPole_15,0.17003236949406475,17.57991459408144,5.521071035273221e-47,1.6372831345982655e-46,***
840,7Networks_RH_Limbic_TempPole_16,0.12674826835825143,14.90075306919904,2.798050020321e-37,6.638132462002924e-37,***
841,7Networks_RH_Limbic_TempPole_17,-0.039798124170716,-5.069767840209688,7.296932114834186e-07,8.911756144980922e-07,***
842,7Networks_RH_Cont_Par_1,0.2818796470234708,18.231044261243714,2.443280805413093e-49,7.85503361740284e-49,***
843,7Networks_RH_Cont_Par_2,0.1833826167170415,12.366543780449657,2.881688152234101e-28,5.486904378423601e-28,***
844,7Networks_RH_Cont_Par_3,0.25543064438440577,20.54590894372117,1.2607960951476973e-57,5.466981387363125e-57,***
845,7Networks_RH_Cont_Par_4,-0.05157684284351267,-3.599609619450641,0.0003774746042649304,0.00042997107240773526,***
846,7Networks_RH_Cont_Par_5,-0.036188468680097445,-2.793052076320871,0.005585269148896241,0.006164703488407402,**
847,7Networks_RH_Cont_Par_6,0.05690924497130428,4.7219953662740535,3.7144593865324818e-06,4.457351263838978e-06,***
848,7Networks_RH_Cont_Par_7,0.05634587728523234,4.5332742706315585,8.65042752942692e-06,1.0308592621672726e-05,***
849,7Networks_RH_Cont_Par_8,-0.10659089900084497,-8.395448750714426,2.4258668361334297e-15,3.536009286567372e-15,***
850,7Networks_RH_Cont_Par_9,0.09093603218271651,8.459235776105393,1.5722486299676128e-15,2.3015043774845056e-15,***
851,7Networks_RH_Cont_Par_10,0.01807359433341329,1.4308186803391205,0.15360932622258325,0.15980325066704223,ns
852,7Networks_RH_Cont_Par_11,-0.005837748968911322,-0.4945196739524742,0.6213311835428286,0.6292578816645722,ns
853,7Networks_RH_Cont_Par_12,0.08459713754529372,8.311724405866007,4.2741514031386606e-15,6.212569363435349e-15,***
854,7Networks_RH_Cont_Par_13,-0.22850190382749178,-17.06646993205997,4.00113153265268e-45,1.1281879075676408e-44,***
855,7Networks_RH_Cont_Par_14,-0.06789511187535449,-5.779786744145511,2.011088478333513e-08,2.5310284263904703e-08,***
856,7Networks_RH_Cont_Par_15,0.029690394306317047,2.6568424098770236,0.008345334290399591,0.009142659222603374,**
857,7Networks_RH_Cont_Par_16,0.03907511329116449,3.650865678789006,0.0003123766523469335,0.00035621293394700037,***
858,7Networks_RH_Cont_Par_17,0.046466101659700124,3.863832140369584,0.00013907206801495235,0.00016036019462729702,***
859,7Networks_RH_Cont_Temp_1,-0.018334426229478704,-2.4583357547306437,0.014570519370707106,0.0157949327632035,*
860,7Networks_RH_Cont_Temp_2,-0.025303420641185417,-2.7923006384652713,0.005597895400761905,0.0061720385187887675,**
861,7Networks_RH_Cont_Temp_3,0.01549966949416676,1.4470298450710521,0.14901926658477485,0.15534129607625013,ns
862,7Networks_RH_Cont_Temp_4,0.17622915998286673,14.42850188627392,1.4050216796836556e-35,3.152135594420723e-35,***
863,7Networks_RH_Cont_PFCv_1,0.10077766088953637,9.759236033023672,1.5700462434227243e-19,2.4549813988064414e-19,***
864,7Networks_RH_Cont_PFCv_2,0.01681529974823866,1.7859677385113757,0.07519826724295081,0.0800047544275518,ns
865,7Networks_RH_Cont_PFCl_1,0.11561760027960744,12.73397987043549,1.496286206385975e-29,2.946884284332683e-29,***
866,7Networks_RH_Cont_PFCl_2,-0.04387589405748929,-4.920873247692657,1.4806920159505387e-06,1.7956218101773864e-06,***
867,7Networks_RH_Cont_PFCl_3,-0.009860294769916135,-0.9029328538020375,0.3673460448578536,0.3764658572922591,ns
868,7Networks_RH_Cont_PFCl_4,0.06669938954959093,5.295677758019966,2.418565362132056e-07,2.985597432679763e-07,***
869,7Networks_RH_Cont_PFCl_5,0.1794160513932292,14.492862505890129,8.246633926070605e-36,1.858193496005429e-35,***
870,7Networks_RH_Cont_PFCl_6,-0.04831245633542578,-4.429763104935388,1.3596383782411089e-05,1.5981170915089117e-05,***
871,7Networks_RH_Cont_PFCl_7,0.3023374291980513,21.8008629728481,4.832767333215675e-62,2.4328857989651597e-61,***
872,7Networks_RH_Cont_PFCl_8,0.1819576136089239,17.215475740647186,1.1537099486455167e-45,3.289029466856832e-45,***
873,7Networks_RH_Cont_PFCl_9,0.11913938576312785,10.288687549120283,3.0785743073177113e-21,4.9642010705498095e-21,***
874,7Networks_RH_Cont_PFCl_10,-0.029532644359762647,-2.953859136539025,0.003407667824232508,0.003793649616621303,**
875,7Networks_RH_Cont_PFCl_11,0.08460785085425983,7.249465980875103,4.184003160690764e-12,5.73425134373555e-12,***
876,7Networks_RH_Cont_PFCl_12,0.2264500741537744,19.2052944871867,7.61417225656075e-53,2.700283769337008e-52,***
877,7Networks_RH_Cont_PFCl_13,0.045639812245094,4.210276834360249,3.4513639012844185e-05,4.026756306431911e-05,***
878,7Networks_RH_Cont_PFCl_14,0.13038221547474635,11.100742110287436,6.262821562985468e-24,1.0790036482472458e-23,***
879,7Networks_RH_Cont_PFCl_15,0.042049793956846104,3.522099261856651,0.0005005473190263811,0.0005670305523987105,***
880,7Networks_RH_Cont_PFCl_16,0.09945523299373295,9.385457374658856,2.3761174019876417e-18,3.649037438766735e-18,***
881,7Networks_RH_Cont_PFCl_17,0.21295350157463347,15.52683571686924,1.526991351603296e-39,3.8258811938359887e-39,***
882,7Networks_RH_Cont_PFCl_18,0.0785338272268957,6.877831625649971,4.037369125427802e-11,5.3901228168712695e-11,***
883,7Networks_RH_Cont_PFCl_19,0.17398577406011204,13.983910722124199,5.523169170140676e-34,1.1776674759473509e-33,***
884,7Networks_RH_Cont_PFCl_20,0.10690123646368904,9.7019186890255,2.3893690287250944e-19,3.7191988501422283e-19,***
885,7Networks_RH_Cont_PFCl_21,0.25327336755889357,19.391612611922262,1.6360813056219863e-53,5.945196857048908e-53,***
886,7Networks_RH_Cont_PFCl_22,0.04427620729175518,3.53507701796499,0.00047760965979870156,0.0005416408449585274,***
887,7Networks_RH_Cont_PFCl_23,0.3362976305640863,25.876027609605654,6.937693305594269e-76,7.305815807523761e-75,***
888,7Networks_RH_Cont_PFCl_24,0.1515832856196763,12.230589942637517,8.558050256062918e-28,1.6116620190249872e-27,***
889,7Networks_RH_Cont_PFCl_25,0.14942425155536596,10.805726301158431,6.080757084936276e-23,1.0170731461352086e-22,***
890,7Networks_RH_Cont_PFCl_26,0.09370742126181925,7.9850793980325925,3.7738707997762454e-14,5.3942308384613365e-14,***
891,7Networks_RH_Cont_PFCl_27,-0.04492840764631872,-3.0369172749121924,0.0026178626925318967,0.0029206857283166675,**
892,7Networks_RH_Cont_PFCl_28,0.10471286323376193,8.421156755039055,2.037301290811133e-15,2.9738259294442566e-15,***
893,7Networks_RH_Cont_PFCl_29,0.049349529984257054,3.7873907409955887,0.00018672677535509598,0.00021435153744878648,***
894,7Networks_RH_Cont_PFCl_30,0.06438432607278631,5.179089049963342,4.295833879191031e-07,5.271463214417531e-07,***
895,7Networks_RH_Cont_PFCl_31,0.04622162507915395,3.8523335127847838,0.00014541830037760804,0.00016749072097063783,***
896,7Networks_RH_Cont_PFCl_32,0.10237293095921603,9.549489257798518,7.25751354547201e-19,1.122901646016059e-18,***
897,7Networks_RH_Cont_PFCl_33,0.05718547050040416,4.768388732616976,3.005107428781976e-06,3.6103269691536656e-06,***
898,7Networks_RH_Cont_PFCl_34,0.1836034862741823,15.395133271693263,4.575943455257399e-39,1.1379213604399123e-38,***
899,7Networks_RH_Cont_pCun_1,0.18775957105955865,11.503020169033064,2.723529885879154e-25,4.862773083438212e-25,***
900,7Networks_RH_Cont_pCun_3,0.08814822342675638,6.039355007946005,4.964533291800504e-09,6.348696848993954e-09,***
901,7Networks_RH_Cont_pCun_5,-0.15681514974689717,-9.824921588468786,9.689435194020516e-20,1.5243135854007885e-19,***
902,7Networks_RH_Cont_Cing_1,0.04113236704194705,5.773232195029979,2.0821922703640537e-08,2.6109628469206603e-08,***
903,7Networks_RH_Cont_Cing_2,0.09820243223712795,12.610895410028967,4.040516957189313e-29,7.837995300412351e-29,***
904,7Networks_RH_Cont_Cing_3,0.07827349869660287,6.9519792782809695,2.5846996852468707e-11,3.482258583779074e-11,***
905,7Networks_RH_Cont_Cing_4,0.05799368854200783,6.551384953759537,2.7673515876107697e-10,3.624247256870957e-10,***
906,7Networks_RH_Cont_Cing_5,-0.03389312374147151,-2.9106773414718226,0.003899448577774602,0.004331787871112367,**
907,7Networks_RH_Cont_PFCmp_1,0.11113680062011587,9.89080863864276,5.961943336509045e-20,9.422244292920879e-20,***
908,7Networks_RH_Cont_PFCmp_2,0.12618242645716699,11.591317368631978,1.3615237656491421e-25,2.4694069000877235e-25,***
909,7Networks_RH_Cont_PFCmp_3,0.07024849019511492,5.953815466513156,7.91099325840879e-09,1.0054365816105753e-08,***
910,7Networks_RH_Cont_PFCmp_4,-0.007904101502657312,-0.7650430935214745,0.44489718553898827,0.454138373369175,ns
911,7Networks_RH_Cont_PFCmp_5,0.03309041289166597,3.238976408299059,0.0013457703783070376,0.0015096032939270248,**
912,7Networks_RH_Default_Par_1,0.35335371279269373,22.23344181800267,1.5033033806818676e-63,8.080255671165038e-63,***
913,7Networks_RH_Default_Par_2,0.3441623382100917,20.364221478387567,5.559943074706557e-57,2.3136537310875673e-56,***
914,7Networks_RH_Default_Par_3,0.5198938642291252,28.844917137578243,2.0000296795718542e-85,5.160076573295383e-84,***
915,7Networks_RH_Default_Par_4,0.2953803365935674,19.025346514587795,3.369119364750788e-52,1.1866659332501068e-51,***
916,7Networks_RH_Default_Par_5,0.34626240026521227,20.677792262695935,4.301540973709663e-58,1.8730760695647141e-57,***
917,7Networks_RH_Default_Par_6,0.15295510501361415,9.241074332679114,6.692268836770118e-18,1.0156502116980532e-17,***
918,7Networks_RH_Default_Par_7,0.25856361432464486,17.841371181313054,6.251289058408385e-48,1.90304728857742e-47,***
919,7Networks_RH_Default_Par_8,0.10405445205380587,7.568715261597341,5.614287144962311e-13,7.819088169502165e-13,***
920,7Networks_RH_Default_Par_9,0.07119792478009752,4.878131682313555,1.8087622357174897e-06,2.185764200539168e-06,***
921,7Networks_RH_Default_Par_10,0.2124729233010612,14.13007685451601,1.6549810057612991e-34,3.5805878363640685e-34,***
922,7Networks_RH_Default_Par_11,-0.0902261207700651,-6.284706270271728,1.270744672939629e-09,1.6537307723501855e-09,***
923,7Networks_RH_Default_Par_12,-0.0921071389969437,-5.738959681267208,2.4958426416377334e-08,3.125861172536579e-08,***
924,7Networks_RH_Default_Par_13,-0.03737271735642213,-2.487863598570284,0.013439564959395744,0.01459961161904885,*
925,7Networks_RH_Default_Par_14,-0.1533638317116501,-10.344955460286222,2.01628951416497e-21,3.2665789303269217e-21,***
926,7Networks_RH_Default_Par_15,-0.08124702191611895,-5.715347840856543,2.8264040234288873e-08,3.5355744874892265e-08,***
927,7Networks_RH_Default_Par_16,-0.20069977505012115,-14.001953810909932,4.760208721149626e-34,1.0213171310242027e-33,***
928,7Networks_RH_Default_Temp_1,0.14588589630019855,10.213684549211607,5.403472905555661e-21,8.685956446313772e-21,***
929,7Networks_RH_Default_Temp_2,0.10221251974913595,8.904493171565962,7.243812024543585e-17,1.0818544152429783e-16,***
930,7Networks_RH_Default_Temp_3,-0.17089526439438554,-15.13441159465662,4.010381896619749e-38,9.738150864262542e-38,***
931,7Networks_RH_Default_Temp_4,0.04956243750083522,3.727235216757843,0.00023468053865380943,0.00026850367615380413,***
932,7Networks_RH_Default_Temp_5,0.004606435927992131,0.4339218224666168,0.6646829793319906,0.6725027790888376,ns
933,7Networks_RH_Default_Temp_6,-0.17042721066341585,-11.519245449236822,2.3980574769547034e-25,4.29651964621051e-25,***
934,7Networks_RH_Default_Temp_7,-0.1852601292984749,-20.37299729269491,5.175070250018903e-57,2.1622155862427154e-56,***
935,7Networks_RH_Default_Temp_8,-0.20833066628547814,-14.628304851870482,2.684564622781339e-36,6.156601534911872e-36,***
936,7Networks_RH_Default_Temp_9,-0.19208513133089944,-13.637901696402746,9.495813172305447e-33,1.9797331704685294e-32,***
937,7Networks_RH_Default_Temp_10,-0.05279088227173256,-5.78912366203293,1.9138786595733907e-08,2.4116273219532835e-08,***
938,7Networks_RH_Default_Temp_11,0.10226416130660293,7.706983008204139,2.3131035877821514e-13,3.243373508955408e-13,***
939,7Networks_RH_Default_Temp_12,-0.28902022590699716,-20.402584657578114,4.063511333859612e-57,1.7116504883849468e-56,***
940,7Networks_RH_Default_Temp_13,-0.14689060461635842,-10.858094315938603,4.0687935225390514e-23,6.827634008553335e-23,***
941,7Networks_RH_Default_Temp_14,-0.1903456218954274,-14.569075985173571,4.3861531040534816e-36,9.948373633809215e-36,***
942,7Networks_RH_Default_Temp_15,-0.17422008162896105,-11.064034195603437,8.320464727011093e-24,1.42636538177333e-23,***
943,7Networks_RH_Default_Temp_16,-0.544449306542149,-29.636628655350055,6.886767984198822e-88,2.153680169603995e-86,***
944,7Networks_RH_Default_Temp_17,-0.4641593192009383,-27.84502701143088,2.888021992035478e-82,5.731612876501179e-81,***
945,7Networks_RH_Default_Temp_18,-0.10018331392167096,-6.799833261782757,6.431920609148456e-11,8.531802144783041e-11,***
946,7Networks_RH_Default_PFCv_1,0.07833896458482828,7.813546145423823,1.160041740404711e-13,1.642199006992677e-13,***
947,7Networks_RH_Default_PFCv_2,0.07856366590435249,6.945839182146594,2.6822659146019765e-11,3.608994033727822e-11,***
948,7Networks_RH_Default_PFCv_3,0.06672159496674776,6.04344998205674,4.854440919752326e-09,6.223332955508571e-09,***
949,7Networks_RH_Default_PFCv_4,0.037746825853733054,3.1949959836621935,0.0015599884018291856,0.0017423247085364929,**
950,7Networks_RH_Default_PFCv_5,-0.012765721583525484,-1.102494995784541,0.2712034893780894,0.2784895532718291,ns
951,7Networks_RH_Default_PFCv_6,0.060808648389514545,4.46640894745522,1.1595892642460518e-05,1.3707859343664668e-05,***
952,7Networks_RH_Default_PFCv_7,0.166681288333037,14.473988392064692,9.641659687454237e-36,2.1677979950877498e-35,***
953,7Networks_RH_Default_PFCv_8,0.14154387715047376,9.78471861648236,1.3021797560412675e-19,2.0392253539219848e-19,***
954,7Networks_RH_Default_PFCv_9,0.07769168650718482,5.602514800039849,5.0943895334509245e-08,6.326606496415588e-08,***
955,7Networks_RH_Default_PFCv_10,0.0554312483828283,4.4306583593605415,1.3543788636826962e-05,1.5937502706049517e-05,***
956,7Networks_RH_Default_PFCdPFCm_1,-0.07915964728404128,-9.089296399235954,1.9700906796597458e-17,2.972417516679617e-17,***
957,7Networks_RH_Default_PFCdPFCm_2,-0.08137301030677965,-10.596365911619813,3.0075574803246304e-22,4.934498123521492e-22,***
958,7Networks_RH_Default_PFCdPFCm_3,0.010122710859124957,0.8837347295008241,0.3776057932706267,0.38659640739611784,ns
959,7Networks_RH_Default_PFCdPFCm_4,-0.03896759451302672,-4.483513564198169,1.0761916274000139e-05,1.2751202749446779e-05,***
960,7Networks_RH_Default_PFCdPFCm_5,0.017459584479817283,1.5336176078206651,0.12626507971112108,0.1325590663905157,ns
961,7Networks_RH_Default_PFCdPFCm_6,-0.009403797015629491,-0.8557022127275419,0.39290208345657385,0.40185822609235305,ns
962,7Networks_RH_Default_PFCdPFCm_7,0.044843994015035485,4.051270003418424,6.620542642787385e-05,7.676853940850092e-05,***
963,7Networks_RH_Default_PFCdPFCm_8,0.06977387431938929,5.259879677804251,2.8880851539173126e-07,3.5566872062561655e-07,***
964,7Networks_RH_Default_PFCdPFCm_9,0.06913374194633949,8.548652019448303,8.533979420850218e-16,1.2527833232314971e-15,***
965,7Networks_RH_Default_PFCdPFCm_10,0.07182555311311391,6.027224219261423,5.305198026823869e-09,6.775945994656229e-09,***
966,7Networks_RH_Default_PFCdPFCm_11,-0.04520879754653894,-3.268921077478394,0.0012158947975658937,0.0013654009043395018,**
967,7Networks_RH_Default_PFCdPFCm_12,0.06915111263439117,8.790734031910924,1.6032078111159772e-16,2.3805905914700553e-16,***
968,7Networks_RH_Default_PFCdPFCm_13,0.11775026488484104,8.889800367385455,8.029019905255664e-17,1.1973914078358158e-16,***
969,7Networks_RH_Default_PFCdPFCm_14,0.020195618566308613,1.5326609699992153,0.12650069644087691,0.13267146212091968,ns
970,7Networks_RH_Default_PFCdPFCm_15,-0.023743663367538446,-1.6502451563389986,0.10002618846201991,0.10587387332595338,ns
971,7Networks_RH_Default_PFCdPFCm_16,0.04684195554259202,4.329840141652485,2.087440046949038e-05,2.4424468576546568e-05,***
972,7Networks_RH_Default_PFCdPFCm_17,0.1727545973305509,15.881722985984329,7.912793684115528e-41,2.0162970572857346e-40,***
973,7Networks_RH_Default_PFCdPFCm_18,0.000945830995033917,0.0803215846782882,0.9360394914175268,0.9387684695266159,ns
974,7Networks_RH_Default_PFCdPFCm_19,-0.004954720666033334,-0.39853532633592814,0.6905426483971557,0.6966178036616468,ns
975,7Networks_RH_Default_PFCdPFCm_20,0.11973641191653403,9.145115961026134,1.325856817300944e-17,2.0062818701679977e-17,***
976,7Networks_RH_Default_PFCdPFCm_21,-0.09157201850187312,-7.099459074033147,1.0545736519772306e-11,1.4376750447034373e-11,***
977,7Networks_RH_Default_PFCdPFCm_22,-0.027504469405701566,-2.163441422959727,0.03136236996088898,0.03382023594528467,*
978,7Networks_RH_Default_PFCdPFCm_23,-0.023833803509873887,-1.8685795508243186,0.0627367770466744,0.06702314069582606,ns
979,7Networks_RH_Default_PFCdPFCm_24,-0.033088517153995314,-2.5628689561876463,0.010909817622128365,0.01188905151640599,*
980,7Networks_RH_Default_pCunPCC_1,0.10707845884835951,8.05276458562742,2.4132906572900553e-14,3.463860859976825e-14,***
981,7Networks_RH_Default_pCunPCC_2,0.15822678482977173,9.854996836562181,7.764355808122447e-20,1.2252010999973037e-19,***
982,7Networks_RH_Default_pCunPCC_3,0.046069385180031334,3.8333510022692576,0.0001564986515368618,0.00017985145700004606,***
983,7Networks_RH_Default_pCunPCC_4,0.32283924244614576,18.26432848148817,1.8528278856082275e-49,5.975369931086534e-49,***
984,7Networks_RH_Default_pCunPCC_5,0.07801218296233645,8.31870290452133,4.077564920497034e-15,5.935186174827841e-15,***
985,7Networks_RH_Default_pCunPCC_6,0.019137209876710897,1.3112219955985447,0.19086865451135163,0.19697645145571488,ns
986,7Networks_RH_Default_pCunPCC_7,0.10843709581031073,7.475923493753705,1.0122525729738036e-12,1.398453353827263e-12,***
987,7Networks_RH_Default_pCunPCC_8,-0.10755805344720501,-8.179006631454168,1.0419875072081872e-14,1.5124206855680017e-14,***
988,7Networks_RH_Default_pCunPCC_9,0.06295998427217189,4.110579205418777,5.2045129019766144e-05,6.048487967162012e-05,***
989,7Networks_RH_Default_pCunPCC_10,-0.15902957114305225,-10.577143973604278,3.4808195565625064e-22,5.683869908817258e-22,***
990,7Networks_RH_Default_pCunPCC_11,-0.025703862653993045,-2.5497484433935282,0.01131901824279345,0.012321140263832325,*
991,7Networks_RH_Default_pCunPCC_12,-0.14656700169544495,-11.60424202015996,1.229944955644104e-25,2.2346887222266114e-25,***
992,7Networks_RH_Default_pCunPCC_13,-0.1606905376734468,-13.327570324066887,1.2038372027827184e-31,2.4649999866503284e-31,***
993,7Networks_RH_Default_pCunPCC_14,-0.13019643997414032,-10.910608930318974,2.717428063480954e-23,4.576002653024926e-23,***
994,7Networks_RH_Default_pCunPCC_15,-0.2511510088157617,-15.312667254922816,9.094757229598129e-39,2.240045217409372e-38,***
995,7Networks_RH_Default_pCunPCC_16,-0.13625513120222205,-8.771961464543063,1.8268216586608316e-16,2.708735562841923e-16,***
996,7Networks_RH_Default_pCunPCC_17,0.33058805847665695,18.34582654910463,9.413741102070315e-50,3.0646627184027023e-49,***
997,7Networks_RH_Default_pCunPCC_18,0.026963014987094008,1.6002279567445499,0.11068789419137981,0.1169190448367492,ns
998,7Networks_RH_Cont_pCun_2,-0.04057127900610934,-3.3101343645057484,0.001056110844740909,0.0011898541394897578,**
999,7Networks_RH_Cont_pCun_4,0.0071867717179807215,0.5540269822928545,0.5800073518734377,0.5879838773412452,ns
1000,aHIP-rh,0.14128056788671653,13.168660594079013,4.399195600596513e-31,8.919390687260514e-31,***
1001,pHIP-rh,0.15116606146860442,13.695044286593259,5.9415040293564974e-33,1.243738774502212e-32,***
1002,lAMY-rh,0.40129346698572343,34.59902733376924,1.4720122297943245e-102,1.519116621147743e-100,***
1003,mAMY-rh,0.2972467496212393,28.204649427536474,2.0794187418802056e-83,4.8771821400463e-82,***
1004,THA-DP-rh,0.17146828737501427,16.852350012903027,2.3907485079876567e-44,6.596931711880379e-44,***
1005,THA-VP-rh,0.1931037597021194,18.863521039755764,1.285541379386404e-51,4.4972159441585387e-51,***
1006,THA-VA-rh,0.1866154577199263,17.946637343299244,2.6023152658396762e-48,8.113563004068114e-48,***
1007,THA-DA-rh,0.12127144376695932,11.043710955527663,9.736210996397209e-24,1.6662968073436018e-23,***
1008,NAc-shell-rh,-0.0007651131672615384,-0.0936382426264876,0.9254642226978521,0.9290652508017349,ns
1009,NAc-core-rh,0.09466592692211247,10.726983284893088,1.1109884453591166e-22,1.843312018666573e-22,***
1010,pGP-rh,0.09080450853704443,11.219121214229645,2.4996108235529703e-24,4.357429678896394e-24,***
1011,aGP-rh,0.05347326387908074,7.281623155332852,3.426236323092848e-12,4.708223549176856e-12,***
1012,aPUT-rh,0.28180986304025324,25.472758009311953,1.4916715006594785e-74,1.4945679501753223e-73,***
1013,pPUT-rh,0.37040533097757433,31.976298975160933,5.729702991003317e-95,2.9565267433577116e-93,***
1014,aCAU-rh,0.06366719643482367,6.822569986828337,5.617548837962257e-11,7.480400517131676e-11,***
1015,pCAU-rh,0.16453070586646942,15.227950937825414,1.8412657681621735e-38,4.492166129416934e-38,***
1016,aHIP-lh,0.08773318802375298,8.42192521085897,2.026688946202747e-15,2.9625254851008993e-15,***
1017,pHIP-lh,0.09403016713393023,8.752042163269769,2.0979478182434527e-16,3.1062871569974794e-16,***
1018,lAMY-lh,0.2877555003067251,27.51792546422278,3.2066259658392935e-81,5.7055827530106045e-80,***
1019,mAMY-lh,0.26350896057437834,26.546921741545635,4.402253062840675e-78,5.60879649487849e-77,***
1020,THA-DP-lh,0.1785675075064406,17.768863682438464,1.1434930457408885e-47,3.4606593055853286e-47,***
1021,THA-VP-lh,0.21040121827666594,20.355073945284477,5.991657129407721e-57,2.4832892198991037e-56,***
1022,THA-VA-lh,0.13768599538887952,13.771535899177694,3.170048250385305e-33,6.6493695008082e-33,***
1023,THA-DA-lh,0.13861746550887602,12.633124743778835,3.377537689796406e-29,6.576639426169606e-29,***
1024,NAc-shell-lh,0.005084135384875863,0.601640159365805,0.5479057703624934,0.5565342076910367,ns
1025,NAc-core-lh,0.0655143374205549,6.9368268047764206,2.8320700450230064e-11,3.8006453660126694e-11,***
1026,pGP-lh,0.09068681133425875,12.256621810627554,6.949811526359437e-28,1.3111893044246688e-27,***
1027,aGP-lh,0.03150727028096306,4.168376858024835,4.105579611293427e-05,4.776728476724709e-05,***
1028,aPUT-lh,0.2663699425934918,23.60166363000368,2.926573731097076e-68,2.0001484042994585e-67,***
1029,pPUT-lh,0.3660961167346488,30.722982574664048,3.2651481778862606e-91,1.1619423860615933e-89,***
1030,aCAU-lh,0.02066714241985723,2.1869500929564643,0.029582517673285316,0.031934265940199213,*
1031,pCAU-lh,0.0735038105606161,7.050007371676146,1.4263496861242462e-11,1.936832731684503e-11,***
