roi_idx,label,delta_r,t,p,p_fdr,sig
0,7Networks_LH_Vis_1,-0.002747989,-0.7712837931316183,0.4411961596847984,0.5397099945262515,ns
1,7Networks_LH_Vis_2,-0.017168373,-3.660165925534286,0.00030176083257036073,0.0008723170286067571,***
2,7Networks_LH_Vis_3,0.01084989,3.011770886398523,0.0028371300275796237,0.00682090726534312,**
3,7Networks_LH_Vis_4,-0.0027946513,-0.6469108354125654,0.5182253455141917,0.613312564874594,ns
4,7Networks_LH_Vis_5,0.012675425,2.4361690464217496,0.015474174468172498,0.030948348936344995,*
5,7Networks_LH_Vis_6,-0.027789857,-5.533350775308575,7.278730774392446e-08,3.6464321161034004e-07,***
6,7Networks_LH_Vis_7,-0.047944915,-9.745759968618582,1.7331479101692282e-19,3.650221721009476e-18,***
7,7Networks_LH_Vis_8,0.0039972444,0.7762166924975283,0.43828331124238007,0.5383693622694036,ns
8,7Networks_LH_Vis_9,-0.034862872,-6.777457106114661,7.346368619978298e-11,5.054301610545069e-10,***
9,7Networks_LH_Vis_10,-0.023694845,-4.1497970148098196,4.432116471628405e-05,0.00014754658705550046,***
10,7Networks_LH_Vis_11,-0.019221824,-3.9427280529671225,0.00010210259033645221,0.00032223202821779414,***
11,7Networks_LH_Vis_12,-0.009019332,-1.655498412057011,0.09895587816900131,0.15615056004649747,ns
12,7Networks_LH_Vis_13,0.007422423,1.9386533118143987,0.05355925405423471,0.09166359897839173,ns
13,7Networks_LH_Vis_14,-0.024180103,-4.792609776161584,2.6886416117030266e-06,1.0713043024237543e-05,***
14,7Networks_LH_Vis_15,-0.019308027,-4.338292086185797,2.0136994800890164e-05,6.981002919424816e-05,***
15,7Networks_LH_Vis_16,-0.012362998,-2.8524723908629346,0.004664942172895318,0.010650929916876035,*
16,7Networks_LH_Vis_17,-0.012392141,-2.5262988156808053,0.012084602226477488,0.02484324601140392,*
17,7Networks_LH_Vis_18,-0.01974725,-4.586337325303944,6.838945223741425e-06,2.575836303248595e-05,***
18,7Networks_LH_Vis_19,0.004350485,1.1839045907704868,0.23746577434558375,0.32330432602195575,ns
19,7Networks_LH_Vis_20,-0.0068210363,-2.3096719629769815,0.02164182979031447,0.04113143341363634,*
20,7Networks_LH_Vis_21,0.0045718225,0.7964361701579851,0.42646061439906013,0.5264442034208493,ns
21,7Networks_LH_Vis_22,0.0023880904,0.8411009932685833,0.40101684900320766,0.5022444031205222,ns
22,7Networks_LH_Vis_23,-0.0013492252,-0.285247733614459,0.7756675183275896,0.837331463299239,ns
23,7Networks_LH_Vis_24,-0.012679679,-2.708452412634615,0.007180582109647253,0.015600759446644137,*
24,7Networks_LH_Vis_25,-0.00087437016,-0.2336263169696251,0.815447657028848,0.8684643777644697,ns
25,7Networks_LH_Vis_26,-0.0030750632,-0.7371898336623982,0.4616308706243798,0.5585029993954982,ns
26,7Networks_LH_Vis_27,-0.004174246,-0.8607719348368118,0.3901081025804861,0.49096531934519716,ns
27,7Networks_LH_Vis_28,-0.013010994,-2.987996760389756,0.003059812855662253,0.007259142223088379,**
28,7Networks_LH_Vis_29,-0.008051714,-1.5002272972442179,0.13469444524783625,0.20174842887629466,ns
29,7Networks_LH_Vis_30,-0.011110007,-2.598525118468288,0.009863746635494662,0.02094523976919854,*
30,7Networks_LH_Vis_31,-0.0011313147,-0.3949936968721706,0.6931515253626728,0.7675240066247621,ns
31,7Networks_LH_Vis_32,8.883716e-05,0.02622574452368955,0.9790961651894308,0.989644703697838,ns
32,7Networks_LH_Vis_33,-0.02069505,-3.873037101606378,0.00013418170091266415,0.0004121295099460399,***
33,7Networks_LH_Vis_34,0.004763099,0.9677436559780227,0.33401659200860334,0.4308814036910983,ns
34,7Networks_LH_Vis_35,-0.0062518744,-1.3131492759246572,0.19021940175040755,0.2689129076800282,ns
35,7Networks_LH_Vis_36,-0.00806553,-1.431076195585401,0.1535355775643683,0.22419578357507314,ns
36,7Networks_LH_Vis_37,0.0046535432,1.4931804670676607,0.13652808475603043,0.20331455045919683,ns
37,7Networks_LH_Vis_38,0.0063432995,1.7192832998197847,0.08667991034735074,0.13847316947130955,ns
38,7Networks_LH_Vis_39,-0.003067336,-0.5615963599515903,0.5748451439341185,0.6629586717899307,ns
39,7Networks_LH_Vis_40,-0.00883009,-1.8447530857249204,0.06614097106872303,0.11044900023126565,ns
40,7Networks_LH_Vis_41,-0.0017029549,-0.5231675777544523,0.6012758831780658,0.6852643173647229,ns
41,7Networks_LH_Vis_42,-0.009980724,-1.7542471481016502,0.08049394463712663,0.1304737124970545,ns
42,7Networks_LH_Vis_43,-0.013820039,-2.5429526452268614,0.011536304981572989,0.023906559720850047,*
43,7Networks_LH_Vis_44,-0.005578962,-1.0118921987707223,0.31247266142759983,0.4066479023874943,ns
44,7Networks_LH_Vis_45,-0.004363584,-0.9960412797241321,0.32009938066440885,0.41552523376813827,ns
45,7Networks_LH_Vis_46,0.005710337,1.9524538124767665,0.051891510262034826,0.08905842825621638,ns
46,7Networks_LH_Vis_47,0.010523886,2.3832550709961255,0.017834504665762273,0.03519160385289993,*
47,7Networks_LH_Vis_48,-0.005146221,-1.5251623477458285,0.12835952306556428,0.19366524532699173,ns
48,7Networks_LH_Vis_49,-0.006604817,-1.2807547765471847,0.20135112329187965,0.2827134139281902,ns
49,7Networks_LH_Vis_50,0.0038231832,1.0951095231525583,0.27441993057052594,0.36652354509390545,ns
50,7Networks_LH_Vis_51,0.0019116668,0.4021304941125818,0.6878981085578808,0.7648824342197545,ns
51,7Networks_LH_Vis_52,-0.012357703,-2.5669092554778272,0.010786498887649817,0.022579445947372434,*
52,7Networks_LH_Vis_53,0.00097126747,0.1979790243680132,0.8432066872302422,0.8861398179446129,ns
53,7Networks_LH_Vis_54,-0.0064308434,-1.2470138760613183,0.21344576826925543,0.2968679688057569,ns
54,7Networks_LH_Vis_55,0.0028670062,1.0518818064045101,0.2937705303529633,0.38789194230163165,ns
55,7Networks_LH_Vis_56,0.009377042,2.3006646115883633,0.022153601321393605,0.041872740959117576,*
56,7Networks_LH_Vis_57,0.0089891,2.1932216009577004,0.02912271859726237,0.053006429616181246,ns
57,7Networks_LH_Vis_58,-0.006707802,-1.209828854878692,0.2273760307516484,0.3127575940450158,ns
58,7Networks_LH_Vis_59,0.0024393706,0.5164361122090056,0.6059618816720855,0.6882794750271871,ns
59,7Networks_LH_Vis_60,0.0073254146,1.647880862045654,0.10051091419193905,0.1579091294907848,ns
60,7Networks_LH_Vis_61,0.0075301533,1.4982991662738383,0.13519424730970966,0.2021423582164441,ns
61,7Networks_LH_Vis_62,0.0009716419,0.1871231044987402,0.8517010971054506,0.8941561873986013,ns
62,7Networks_LH_Vis_63,0.0040630307,1.051542719978358,0.29392587100763173,0.38789194230163165,ns
63,7Networks_LH_Vis_64,0.011849943,2.3262701122695573,0.020725822850977123,0.03968283707274284,*
64,7Networks_LH_Vis_65,0.012893362,2.7312421125323074,0.006714636729702812,0.014838340696045612,*
65,7Networks_LH_Vis_66,0.010274599,3.466660281787141,0.0006106596747447428,0.0016627989032627296,**
66,7Networks_LH_Vis_67,0.005528318,1.235688578174785,0.217621263474123,0.3010524717229155,ns
67,7Networks_LH_Vis_68,-0.0067528654,-1.3555027305915732,0.17636161679347045,0.2524343807640243,ns
68,7Networks_LH_Vis_69,0.00735072,2.364485791962832,0.01874494343296307,0.036499587967580925,*
69,7Networks_LH_Vis_70,-0.00572311,-1.195162243134563,0.23304588412246882,0.31849368282970686,ns
70,7Networks_LH_Vis_71,-0.0030225923,-0.7796310161135838,0.4362736996524885,0.5366322503472802,ns
71,7Networks_LH_Vis_72,0.0004290151,0.08751285434669075,0.9303270985439203,0.9523926661852469,ns
72,7Networks_LH_Vis_73,0.0012726012,0.29244590800804715,0.7701646413790756,0.8344861865355189,ns
73,7Networks_LH_Vis_74,-0.0077062747,-1.5423488508694845,0.12413045338303211,0.18922101608757624,ns
74,7Networks_LH_Vis_75,-0.006058382,-1.662485790157774,0.09754651799503829,0.15439878308417102,ns
75,7Networks_LH_Vis_76,-0.0004760852,-0.10099715098577566,0.9196257858414121,0.9443321502371516,ns
76,7Networks_LH_Vis_77,0.0069832886,1.3672057404307691,0.17266925470533673,0.24852813229554743,ns
77,7Networks_LH_Vis_78,-0.030452615,-7.396278215861735,1.6727140104426673e-12,1.3486256709194005e-11,***
78,7Networks_LH_Vis_79,-0.032369357,-6.9869250919971835,2.0924036648807884e-11,1.4892141945910162e-10,***
79,7Networks_LH_Vis_80,0.0039150617,0.8588568174091828,0.3911621151406405,0.4913174616740959,ns
80,7Networks_LH_Vis_81,-0.03201426,-7.360370439762094,2.09546125801461e-12,1.663473860208521e-11,***
81,7Networks_LH_SomMot_1,0.0023009921,0.601153078486523,0.5482296470633778,0.641465981597966,ns
82,7Networks_LH_SomMot_2,-0.020079039,-4.009796852890133,7.820965831747536e-05,0.00025222614807385806,***
83,7Networks_LH_SomMot_3,-0.022550946,-4.669025524856055,4.7219536538996695e-06,1.825114670720771e-05,***
84,7Networks_LH_SomMot_4,-0.011164013,-2.04971533168019,0.041333737313033775,0.07304180977234735,ns
85,7Networks_LH_SomMot_5,-0.012415411,-2.9677708334858526,0.003261757895762681,0.007685237781797002,**
86,7Networks_LH_SomMot_6,0.0012801777,0.36787658051719957,0.7132462072450648,0.7872407335581891,ns
87,7Networks_LH_SomMot_7,-0.030988565,-5.163540263677318,4.6344868224251334e-07,2.125684622552328e-06,***
88,7Networks_LH_SomMot_8,-0.025346879,-5.003394313876429,1.002319490013722e-06,4.4002020272265115e-06,***
89,7Networks_LH_SomMot_9,-0.008446619,-1.8959349952981552,0.05900929784792042,0.1003255278073375,ns
90,7Networks_LH_SomMot_10,-0.002358078,-0.798671697576785,0.4251650391007309,0.5254734375472506,ns
91,7Networks_LH_SomMot_11,-0.0006833859,-0.2702151381010602,0.787195958833552,0.8453550775402973,ns
92,7Networks_LH_SomMot_12,-7.1216296e-06,-0.002591783378943785,0.9979339239078113,0.9986126570372691,ns
93,7Networks_LH_SomMot_13,-0.022044512,-3.977626672637575,8.891746859747258e-05,0.00028321860368083856,***
94,7Networks_LH_SomMot_14,-0.024214325,-5.796578859135419,1.8395676491628333e-08,9.836444631792974e-08,***
95,7Networks_LH_SomMot_15,-0.014597646,-4.883328539574887,1.7654063786103456e-06,7.376110861238367e-06,***
96,7Networks_LH_SomMot_16,-0.004110946,-1.5463905446896011,0.12315196844691044,0.18800714709646682,ns
97,7Networks_LH_SomMot_17,-0.0003526674,-0.11229529380568666,0.9106706062954689,0.939812065696924,ns
98,7Networks_LH_SomMot_18,-0.0033866898,-1.0444235087227054,0.2972000797065512,0.39171198244848127,ns
99,7Networks_LH_SomMot_19,-0.023833664,-4.9627043132339335,1.215722885097953e-06,5.26563366343568e-06,***
100,7Networks_LH_SomMot_20,0.0095483465,2.4717535705609146,0.014046539090536141,0.02825736518797914,*
101,7Networks_LH_SomMot_21,-0.0097560575,-3.004786852703025,0.002900952294098635,0.006946131711159608,**
102,7Networks_LH_SomMot_22,-0.01043134,-3.4832140822251083,0.0005756102331570339,0.0015768362931748619,**
103,7Networks_LH_SomMot_23,-0.0059471442,-1.572963781039138,0.11686867558624006,0.17974437139344224,ns
104,7Networks_LH_SomMot_24,-0.008114627,-3.011227978599187,0.0028420446938929667,0.00682090726534312,**
105,7Networks_LH_SomMot_25,-5.030959e-05,-0.013675265937724564,0.9890989007102848,0.9948831048080058,ns
106,7Networks_LH_SomMot_26,-0.0068390574,-1.7356236339939086,0.0837424693798822,0.13503473187506004,ns
107,7Networks_LH_SomMot_27,-0.0050969846,-1.5329054594204616,0.12644044678904176,0.1918919721857222,ns
108,7Networks_LH_SomMot_28,-0.00255046,-0.8155120062102937,0.4154799576882312,0.5172199232017547,ns
109,7Networks_LH_SomMot_29,0.006202528,1.9158217592635118,0.056417094818870285,0.09623544107946137,ns
110,7Networks_LH_SomMot_30,0.0015608364,0.4601223789531377,0.645789347058161,0.725195436522331,ns
111,7Networks_LH_SomMot_31,0.00038345042,0.1165540321181595,0.9072979240731598,0.9382078733902814,ns
112,7Networks_LH_SomMot_32,-0.015298675,-4.808957588114263,2.493490536330238e-06,1.0012771336547883e-05,***
113,7Networks_LH_SomMot_33,-0.0006437776,-0.21116358859069947,0.8329148892451558,0.8789040549089987,ns
114,7Networks_LH_SomMot_34,0.007909583,2.626540429224486,0.009105864496799475,0.01953690677899596,*
115,7Networks_LH_SomMot_35,-0.016301475,-4.891900778772474,1.6960759523501035e-06,7.144287276837987e-06,***
116,7Networks_LH_SomMot_36,-0.00054254755,-0.16455318791784498,0.8694156927417416,0.9053854640862535,ns
117,7Networks_LH_SomMot_37,-0.010877425,-3.373905177191442,0.0008469078761099699,0.002241048533706382,**
118,7Networks_LH_SomMot_38,-0.0036412007,-1.194547557960287,0.23328569248433417,0.31849368282970686,ns
119,7Networks_LH_SomMot_39,-0.024253914,-7.080320130026076,1.1855124583892292e-11,8.555586412990802e-11,***
120,7Networks_LH_SomMot_40,-0.008234261,-2.5884951281846953,0.010148523062924776,0.02135380036712269,*
121,7Networks_LH_SomMot_41,-0.008093023,-2.559433839571205,0.011015654085157102,0.022965969729054805,*
122,7Networks_LH_SomMot_42,-0.0015156515,-0.47951233892608636,0.6319525592927029,0.7127596078579993,ns
123,7Networks_LH_SomMot_43,-0.014859513,-3.445673732442489,0.0006579670342151672,0.001782209919448957,**
124,7Networks_LH_SomMot_44,-0.00549227,-1.7310075088190264,0.08456396086230823,0.13614665773775678,ns
125,7Networks_LH_SomMot_45,-0.01723784,-4.514770050927127,9.38437602483506e-06,3.4712100564981305e-05,***
126,7Networks_LH_SomMot_46,-0.015397841,-4.835791648062892,2.202440466075607e-06,8.948498271614278e-06,***
127,7Networks_LH_SomMot_47,-0.0074465866,-2.3694339891163514,0.018501038130370108,0.036229736908049245,*
128,7Networks_LH_SomMot_48,-0.012170524,-3.5257577873007024,0.0004939786136159541,0.0013777998087882827,**
129,7Networks_LH_SomMot_49,-0.013173068,-3.9666899242310736,9.286478088379703e-05,0.00029488139652947244,***
130,7Networks_LH_SomMot_50,-0.013452167,-3.9314956530626235,0.00010672711631870792,0.0003357999513442273,***
131,7Networks_LH_SomMot_51,-0.004030735,-1.3140813105161084,0.18990600978547445,0.2688381373094782,ns
132,7Networks_LH_SomMot_52,-0.0132887885,-4.670549914178545,4.689591851064202e-06,1.819420597856487e-05,***
133,7Networks_LH_SomMot_53,-0.01692872,-4.066361368399275,6.228939347843794e-05,0.00020342612047388595,***
134,7Networks_LH_SomMot_54,-0.014266397,-4.518819650904376,9.218811331928062e-06,3.422234998039482e-05,***
135,7Networks_LH_SomMot_55,-0.024811402,-6.491085186364735,3.9212498933043e-10,2.5451131382956213e-09,***
136,7Networks_LH_SomMot_56,-0.020603718,-5.4566136979516155,1.0772247327645469e-07,5.370511711173973e-07,***
137,7Networks_LH_SomMot_57,-0.023194047,-6.800312499568389,6.41361376651417e-11,4.4421808100957205e-10,***
138,7Networks_LH_SomMot_58,-0.0170932,-4.849862056606537,2.063228118249921e-06,8.449410389023486e-06,***
139,7Networks_LH_SomMot_59,-0.019604586,-4.528632161766484,8.829189845206095e-06,3.289431018141766e-05,***
140,7Networks_LH_SomMot_60,-0.014620395,-4.505742491195324,9.763802763283298e-06,3.598658732752987e-05,***
141,7Networks_LH_SomMot_61,-0.03502722,-7.872539518625553,7.897154114854985e-14,7.616694436009667e-13,***
142,7Networks_LH_SomMot_62,-0.02710992,-7.7089034045524185,2.2846311754868874e-13,2.0325339423297136e-12,***
143,7Networks_LH_SomMot_63,-0.018547256,-4.726483719529559,3.63933565506507e-06,1.4390016843015909e-05,***
144,7Networks_LH_SomMot_64,-0.032459322,-9.150195280684061,1.2788496082056219e-17,2.0948774534415902e-16,***
145,7Networks_LH_SomMot_65,-0.011308878,-3.323141229223222,0.0010098872850020156,0.002651917756035827,**
146,7Networks_LH_SomMot_66,-0.041357346,-9.98069261489436,3.066350591970673e-20,7.359241420729616e-19,***
147,7Networks_LH_SomMot_67,-0.018198092,-4.859206374673977,1.975513104196899e-06,8.1549180941248e-06,***
148,7Networks_LH_SomMot_68,-0.047429517,-13.056721994007546,1.0937971674775405e-30,6.271103760204565e-29,***
149,7Networks_LH_SomMot_69,-0.03591384,-9.809282864189855,1.0870854843922334e-19,2.493049377539522e-18,***
150,7Networks_LH_SomMot_70,-0.01817216,-5.726404814487998,2.6666098499369373e-08,1.3828851081079995e-07,***
151,7Networks_LH_SomMot_71,-0.050375786,-12.142965407157687,1.7229200388991386e-27,8.082061273381415e-26,***
152,7Networks_LH_SomMot_72,-0.010688567,-3.225137847770422,0.0014100385008956103,0.0035491700803030974,**
153,7Networks_LH_SomMot_73,-0.024881734,-7.134608926598942,8.501425302987544e-12,6.266764937630819e-11,***
154,7Networks_LH_SomMot_74,-0.004423707,-1.5273321068082646,0.12781948189607328,0.19313280427049434,ns
155,7Networks_LH_SomMot_75,-0.009582125,-3.2254054856478667,0.0014087690261159963,0.0035491700803030974,**
156,7Networks_LH_SomMot_76,-0.052654054,-14.799307670822087,6.497396170618197e-37,7.450347608975533e-35,***
157,7Networks_LH_SomMot_77,-0.0018660204,-0.5785806202701431,0.5633423081991477,0.65467135268076,ns
158,7Networks_LH_SomMot_78,0.0028083487,0.9910750497045115,0.3225138678361632,0.4179233198182116,ns
159,7Networks_LH_SomMot_79,-0.024618406,-6.353226572901461,8.625879962632725e-10,5.298754834188674e-09,***
160,7Networks_LH_SomMot_80,-0.0018045304,-0.5614428424120737,0.5749496233061899,0.6629586717899307,ns
161,7Networks_LH_SomMot_81,-0.10320865,-20.98003835034212,3.6795252576164496e-59,1.898635032930088e-56,***
162,7Networks_LH_SomMot_82,-0.013089835,-3.61334756213317,0.00035887594255415716,0.0010232946406708177,**
163,7Networks_LH_SomMot_83,-0.012156949,-3.7117275423062073,0.00024880727857559524,0.0007357281131519034,***
164,7Networks_LH_SomMot_84,-0.07652474,-17.743120367000365,1.4169915419045353e-47,2.924670542490961e-45,***
165,7Networks_LH_SomMot_85,-0.044319358,-10.916136376789716,2.6042765836157364e-23,9.598619408183715e-22,***
166,7Networks_LH_SomMot_86,-0.008877287,-2.7238023770762925,0.006863651271113983,0.015045093554466886,*
167,7Networks_LH_SomMot_87,-0.0145518435,-4.43219384662951,1.3454034586858212e-05,4.8717767346097106e-05,***
168,7Networks_LH_SomMot_88,0.0023024895,0.7142062143002015,0.4757010698162404,0.5708412837794884,ns
169,7Networks_LH_SomMot_89,-0.024761073,-6.665354324070494,1.4235055250251247e-10,9.539335726142394e-10,***
170,7Networks_LH_SomMot_90,-0.005695936,-1.826000854152343,0.06892657371879492,0.11399394884262237,ns
171,7Networks_LH_SomMot_91,-0.029931953,-8.191650065666215,9.575232748028747e-15,1.0187257933985224e-13,***
172,7Networks_LH_DorsAttn_Post_1,-0.021682104,-5.074098041695824,7.146570095377603e-07,3.192753393259604e-06,***
173,7Networks_LH_DorsAttn_Post_2,-0.0026620247,-0.6440164796071033,0.5200976347193452,0.6145515825769935,ns
174,7Networks_LH_DorsAttn_Post_3,-0.021633403,-4.498921165054816,1.006022930131148e-05,3.694717665107988e-05,***
175,7Networks_LH_DorsAttn_Post_4,0.0016531822,0.3611038270488818,0.7182970837992226,0.7911233623060809,ns
176,7Networks_LH_DorsAttn_Post_5,0.012063314,2.4344053286875558,0.015548160773179715,0.031036173922478656,*
177,7Networks_LH_DorsAttn_Post_6,0.0011915638,0.2787592148970384,0.7806376084169424,0.8406973579986524,ns
178,7Networks_LH_DorsAttn_Post_7,0.0049288007,1.0544044109059012,0.2926166250442857,0.38765129274159543,ns
179,7Networks_LH_DorsAttn_Post_8,0.0041759214,0.8398758893734745,0.40170228336729197,0.5024930381030852,ns
180,7Networks_LH_DorsAttn_Post_9,-0.02969505,-6.157258947466297,2.5916348767228265e-09,1.4858706626544204e-08,***
181,7Networks_LH_DorsAttn_Post_10,-0.00014452143,-0.031869282841548094,0.974599245629017,0.9870327983210457,ns
182,7Networks_LH_DorsAttn_Post_11,0.01105873,2.262069921870046,0.024468105458359132,0.04582774016883236,*
183,7Networks_LH_DorsAttn_Post_12,-0.0033275862,-0.9061831988864245,0.365626460020433,0.4681470306961375,ns
184,7Networks_LH_DorsAttn_Post_13,0.01630145,3.4318498588984236,0.0006909772677682104,0.0018570014071270656,**
185,7Networks_LH_DorsAttn_Post_14,0.0003721653,0.08831743153466218,0.9296882007024967,0.9523926661852469,ns
186,7Networks_LH_DorsAttn_Post_15,0.009225188,1.7288300342682645,0.08495373610151798,0.13656114588281396,ns
187,7Networks_LH_DorsAttn_Post_16,7.982541e-05,0.01617961755371196,0.9871027435573994,0.9947690665397262,ns
188,7Networks_LH_DorsAttn_Post_17,-0.012540947,-3.081088745998495,0.002270032628258294,0.005564545540053585,**
189,7Networks_LH_DorsAttn_Post_18,0.007127922,1.6914954418236874,0.09186687403216959,0.1460810693392897,ns
190,7Networks_LH_DorsAttn_Post_19,-0.0107201105,-3.032143741982314,0.0026582489935230735,0.006439701787126319,**
191,7Networks_LH_DorsAttn_Post_20,-2.4014535e-05,-0.006971991572700601,0.9944422190966151,0.9963731748618513,ns
192,7Networks_LH_DorsAttn_Post_21,-0.014269563,-3.270259074689241,0.0012103727138475775,0.0031149741663109723,**
193,7Networks_LH_DorsAttn_Post_22,-0.01899951,-4.286022046037566,2.5130757340484032e-05,8.531230781374842e-05,***
194,7Networks_LH_DorsAttn_Post_23,-0.051850684,-13.897430481402438,1.1257572624288557e-33,9.681512456888158e-32,***
195,7Networks_LH_DorsAttn_Post_24,0.00010365253,0.024008016578934505,0.9808634998549481,0.9904609900687931,ns
196,7Networks_LH_DorsAttn_Post_25,-0.012932868,-4.02766542878738,7.280375964727079e-05,0.00023552815033223653,***
197,7Networks_LH_DorsAttn_Post_26,-0.0111035565,-2.842323027406863,0.004811648703513213,0.010913453762693705,*
198,7Networks_LH_DorsAttn_Post_27,-0.021576338,-4.962054600798171,1.2194636100398521e-06,5.26563366343568e-06,***
199,7Networks_LH_DorsAttn_Post_28,-0.02662732,-6.458862349554348,4.719651917625648e-10,3.025267564589856e-09,***
200,7Networks_LH_DorsAttn_Post_29,-0.0065699145,-1.462655477221525,0.14469534273354193,0.21424045007319265,ns
201,7Networks_LH_DorsAttn_Post_30,-0.0027816372,-0.9813381110514479,0.32728236085525797,0.42325237644439373,ns
202,7Networks_LH_DorsAttn_Post_31,-0.018747473,-5.122532544108126,5.656549154425855e-07,2.5603327751611762e-06,***
203,7Networks_LH_DorsAttn_Post_32,-0.0090983035,-2.3132985845129994,0.021438715520097806,0.040896034042035,*
204,7Networks_LH_DorsAttn_Post_33,-0.029885406,-8.328307577169213,3.821556910068751e-15,4.240695409882743e-14,***
205,7Networks_LH_DorsAttn_Post_34,-0.0012427903,-0.2779873801342475,0.7812294247293678,0.8406973579986524,ns
206,7Networks_LH_DorsAttn_Post_35,-0.08915401,-20.686900060476226,3.993886081728684e-58,1.3738968121146672e-55,***
207,7Networks_LH_DorsAttn_Post_36,-0.017054982,-4.371867992542787,1.7446527913295332e-05,6.082708380581345e-05,***
208,7Networks_LH_DorsAttn_Post_37,-0.034603108,-9.233721211130712,7.053129879693258e-18,1.2131383393072403e-16,***
209,7Networks_LH_DorsAttn_Post_38,0.0016494949,0.4027965519780373,0.6874085884237249,0.7648824342197545,ns
210,7Networks_LH_DorsAttn_Post_39,-0.014172576,-3.685687443666134,0.00027434750120386116,0.0008043369921658657,***
211,7Networks_LH_DorsAttn_Post_40,-0.036877334,-8.235877584761976,7.119756118468013e-15,7.653737827353114e-14,***
212,7Networks_LH_DorsAttn_Post_41,-0.0053268448,-1.1020014787473664,0.27141760753626404,0.36433220669663496,ns
213,7Networks_LH_DorsAttn_Post_42,-0.021898529,-5.002572272090774,1.0062477504122643e-06,4.4002020272265115e-06,***
214,7Networks_LH_DorsAttn_Post_43,-0.022242403,-5.046111991464484,8.174024212369811e-07,3.6204261747492036e-06,***
215,7Networks_LH_DorsAttn_Post_44,0.011886659,2.3315847189677985,0.020439795391479384,0.039378823483507644,*
216,7Networks_LH_DorsAttn_Post_45,0.00073394395,0.14171082522387338,0.8874114336207818,0.9194865456793642,ns
217,7Networks_LH_DorsAttn_Post_46,-0.0041954154,-1.1046473060652675,0.27027104468677465,0.36393258580955473,ns
218,7Networks_LH_DorsAttn_Post_47,6.227538e-05,0.015026818625268897,0.988021601941104,0.9947690665397262,ns
219,7Networks_LH_DorsAttn_Post_48,0.00082799466,0.21454941284042192,0.8302764984782365,0.8770167312482497,ns
220,7Networks_LH_DorsAttn_Post_49,-0.015669314,-3.657471642310961,0.00030480076189025616,0.0008786435370691183,***
221,7Networks_LH_DorsAttn_Post_50,-0.02289295,-5.253858542099632,2.97530229388652e-07,1.3893719309008545e-06,***
222,7Networks_LH_DorsAttn_FEF_1,0.0005264747,0.15009537821822372,0.8807985986237901,0.9144709796576975,ns
223,7Networks_LH_DorsAttn_FEF_2,-0.011923582,-2.972065079895899,0.003217888180737833,0.0075992233467309924,**
224,7Networks_LH_DorsAttn_FEF_3,-0.004383958,-1.2377837115204542,0.2168443950959496,0.30038042381076513,ns
225,7Networks_LH_DorsAttn_FEF_4,-0.009416895,-2.2301021984975704,0.02654198392689568,0.04900058571119203,*
226,7Networks_LH_DorsAttn_FEF_5,-0.042076528,-9.095464279155227,1.885856550426781e-17,3.0409436875631846e-16,***
227,7Networks_LH_DorsAttn_FEF_6,-0.00047381863,-0.14840235578128902,0.8821332151311679,0.9149361588094124,ns
228,7Networks_LH_DorsAttn_FEF_7,0.0067934208,1.8729720366367046,0.06212538257209809,0.10458955108385846,ns
229,7Networks_LH_DorsAttn_PrCv_1,0.0022890018,0.5691116500449309,0.5697415392199444,0.6591628570347339,ns
230,7Networks_LH_DorsAttn_PrCv_2,-0.007183451,-1.851465442530601,0.06516680921783181,0.10899861768687591,ns
231,7Networks_LH_DorsAttn_PrCv_3,0.0023780642,0.7383913283861278,0.46090181810850794,0.5582754416525589,ns
232,7Networks_LH_DorsAttn_PrCv_4,0.0055551794,1.3087535926590579,0.1917025914683852,0.27026922731608405,ns
233,7Networks_LH_SalVentAttn_ParOper_1,0.013989459,3.8160797293141164,0.00016727008015468786,0.0005077138903518761,***
234,7Networks_LH_SalVentAttn_ParOper_2,-0.0014998554,-0.36251617834053457,0.7172427723143097,0.7908061335773159,ns
235,7Networks_LH_SalVentAttn_ParOper_3,0.0075548836,2.0001754651594643,0.046457417332885685,0.08085000790478587,ns
236,7Networks_LH_SalVentAttn_ParOper_4,0.013679422,3.4754695366796517,0.000591766582927508,0.0016156167025957362,**
237,7Networks_LH_SalVentAttn_ParOper_5,0.0012627176,0.32503318927041813,0.7454013049480316,0.8140255520702313,ns
238,7Networks_LH_SalVentAttn_ParOper_6,-0.002955062,-0.7142796162449113,0.4756557610883201,0.5708412837794884,ns
239,7Networks_LH_SalVentAttn_ParOper_7,-0.0138975475,-3.676739708119689,0.00028367975480133087,0.0008293413794758455,***
240,7Networks_LH_SalVentAttn_ParOper_8,0.0068105515,1.386158071603262,0.1668134246111223,0.24077126461353596,ns
241,7Networks_LH_SalVentAttn_ParOper_9,0.0064411755,1.4728773870995135,0.14191945947406515,0.2107350822694032,ns
242,7Networks_LH_SalVentAttn_TempOcc_1,-0.047079254,-8.395949978361623,2.417631567602713e-15,2.7119519323543475e-14,***
243,7Networks_LH_SalVentAttn_TempOcc_2,-0.011140015,-2.7559831367101904,0.006239879491204718,0.01387835266147256,*
244,7Networks_LH_SalVentAttn_FrOperIns_1,0.0005824987,0.25102453816122333,0.8019812460489194,0.8558889823396948,ns
245,7Networks_LH_SalVentAttn_FrOperIns_2,-0.0035862662,-1.273097560362911,0.2040508255943209,0.2856860445768501,ns
246,7Networks_LH_SalVentAttn_FrOperIns_3,-0.006588113,-2.3082115724498853,0.02172409554662494,0.041211887139920834,*
247,7Networks_LH_SalVentAttn_FrOperIns_4,-0.0037070639,-1.3495726277539895,0.17825503865201878,0.25408729266420355,ns
248,7Networks_LH_SalVentAttn_FrOperIns_5,-0.013844435,-4.84637493194896,2.096915802459617e-06,8.553427304894565e-06,***
249,7Networks_LH_SalVentAttn_FrOperIns_6,0.0030372464,1.222119105898837,0.2227015248410133,0.30725664924589,ns
250,7Networks_LH_SalVentAttn_FrOperIns_7,-0.019126114,-5.830925855457913,1.5320418176887216e-08,8.321406083446108e-08,***
251,7Networks_LH_SalVentAttn_FrOperIns_8,-0.016850982,-5.216725178976056,3.5724799177247003e-07,1.6607203941855363e-06,***
252,7Networks_LH_SalVentAttn_FrOperIns_9,-0.0125611955,-4.645324735096482,5.253636014453582e-06,2.015521325991114e-05,***
253,7Networks_LH_SalVentAttn_FrOperIns_10,-0.008539451,-2.247726916265851,0.025380462193516508,0.0471090593232177,*
254,7Networks_LH_SalVentAttn_FrOperIns_11,-0.0062335106,-1.9670831126466117,0.05017152188448931,0.0864390827792871,ns
255,7Networks_LH_SalVentAttn_FrOperIns_12,-0.00065158046,-0.23018985456284563,0.8181141472630973,0.8702148564569501,ns
256,7Networks_LH_SalVentAttn_FrOperIns_13,-0.013320293,-3.6132942853169223,0.000358946375894221,0.0010232946406708177,**
257,7Networks_LH_SalVentAttn_FrOperIns_14,-0.017289486,-5.25553809543562,2.9507198158292045e-07,1.3893719309008545e-06,***
258,7Networks_LH_SalVentAttn_FrOperIns_15,0.00068036234,0.22369789469645965,0.8231572756143701,0.8724202855691211,ns
259,7Networks_LH_SalVentAttn_FrOperIns_16,-0.02000266,-5.5982100553605445,5.209292140613815e-08,2.6482706842923434e-07,***
260,7Networks_LH_SalVentAttn_FrOperIns_17,-0.012893159,-4.043183375082615,6.83990937907372e-05,0.00022197441758503393,***
261,7Networks_LH_SalVentAttn_FrOperIns_18,-0.0102491835,-2.938356181078211,0.003577288941267575,0.008362891344427375,**
262,7Networks_LH_SalVentAttn_FrOperIns_19,-0.02586759,-8.738372422798369,2.3067194636623797e-16,3.0916032292202285e-15,***
263,7Networks_LH_SalVentAttn_FrOperIns_20,0.0028629915,0.7591883709620194,0.44838543727671576,0.5456766170631729,ns
264,7Networks_LH_SalVentAttn_FrOperIns_21,-0.0038046178,-1.1899313335020305,0.23509225219421573,0.32049564632025185,ns
265,7Networks_LH_SalVentAttn_FrOperIns_22,-0.0049006627,-1.1293744795172938,0.2597169654354697,0.3522048729689944,ns
266,7Networks_LH_SalVentAttn_FrOperIns_23,0.003316846,1.014482273390366,0.31123797402737136,0.40555251161142325,ns
267,7Networks_LH_SalVentAttn_PFCl_1,-0.035830066,-7.742334859210768,1.840955987604845e-13,1.7115915128001802e-12,***
268,7Networks_LH_SalVentAttn_PFCl_2,-0.027433662,-5.768430087558973,2.1358370068399357e-08,1.1245835668667416e-07,***
269,7Networks_LH_SalVentAttn_Med_1,-0.022179283,-5.4234953731932345,1.2741888025748682e-07,6.232051394584189e-07,***
270,7Networks_LH_SalVentAttn_Med_2,-0.027026106,-7.725964066130803,2.0464135402112933e-13,1.8689369676973937e-12,***
271,7Networks_LH_SalVentAttn_Med_3,-0.0027107466,-0.8140166365597107,0.41633462699231083,0.517659439826584,ns
272,7Networks_LH_SalVentAttn_Med_4,-0.0058024228,-1.7238723163920033,0.08584663487550905,0.13756789936572256,ns
273,7Networks_LH_SalVentAttn_Med_5,2.0568701e-05,0.00853602628126383,0.9931954634641482,0.9960910770602536,ns
274,7Networks_LH_SalVentAttn_Med_6,-0.029413002,-7.273320160908767,3.607831938519786e-12,2.799460571843924e-11,***
275,7Networks_LH_SalVentAttn_Med_7,-0.0013213502,-0.41979117995703596,0.674963417783456,0.7530402671919206,ns
276,7Networks_LH_SalVentAttn_Med_8,0.0020598292,0.6501406047645433,0.5161402291205124,0.6115461727352111,ns
277,7Networks_LH_SalVentAttn_Med_9,-0.0026058059,-0.9031192630805256,0.36724728887714364,0.46963965566445137,ns
278,7Networks_LH_SalVentAttn_Med_10,-0.023541737,-6.054767510773938,4.562445717888141e-09,2.5589369461198703e-08,***
279,7Networks_LH_SalVentAttn_Med_11,0.010477181,2.7449358103615085,0.00644798095777153,0.014279648816352401,*
280,7Networks_LH_SalVentAttn_Med_12,0.0025161302,0.5257327679618243,0.5994945063491898,0.6848748201886317,ns
281,7Networks_LH_SalVentAttn_Med_13,-0.0058626854,-1.5411321323596132,0.12442620947854947,0.18939210646292487,ns
282,7Networks_LH_SalVentAttn_Med_14,-0.030476963,-9.158855846385523,1.2024821127481694e-17,2.0272097793925118e-16,***
283,7Networks_LH_SalVentAttn_Med_15,-0.017357836,-4.420049622590688,1.417977748435566e-05,5.1166190083409236e-05,***
284,7Networks_LH_SalVentAttn_Med_16,-0.010711833,-2.843528048701237,0.004794013464507801,0.010897405055885575,*
285,7Networks_LH_SalVentAttn_Med_17,0.0030589704,0.7666416812008389,0.44394745616414577,0.5409135475341186,ns
286,7Networks_LH_SalVentAttn_Med_18,-0.019280266,-4.9567265819826964,1.250562573094794e-06,5.3774190643076145e-06,***
287,7Networks_LH_SalVentAttn_Med_19,-0.017009255,-4.697378170215844,4.15381727542337e-06,1.6237649349382262e-05,***
288,7Networks_LH_Limbic_OFC_1,-0.0013205217,-0.4815992177725349,0.6304709334006022,0.7118665243647937,ns
289,7Networks_LH_Limbic_OFC_2,-0.009672289,-3.527854513574661,0.0004902505620926726,0.00137110726308845,**
290,7Networks_LH_Limbic_OFC_3,-0.004721815,-1.95195726498579,0.05195074981612622,0.08905842825621638,ns
291,7Networks_LH_Limbic_OFC_4,-0.0014767878,-0.6203940640318513,0.5355084514723545,0.6287198201586688,ns
292,7Networks_LH_Limbic_OFC_5,-0.0049335435,-1.8203454929233522,0.06978544299418334,0.11504565043130544,ns
293,7Networks_LH_Limbic_OFC_6,-0.013060258,-5.425198098691563,1.2632591359546082e-07,6.208016325262646e-07,***
294,7Networks_LH_Limbic_OFC_7,-0.00086386566,-0.2293350715313465,0.8187777380035839,0.8702148564569501,ns
295,7Networks_LH_Limbic_OFC_8,-0.0004254871,-0.10946053920787269,0.9129164744488724,0.940249303025186,ns
296,7Networks_LH_Limbic_OFC_9,-0.0016574827,-0.46587311904287,0.6416724291703162,0.721357240635911,ns
297,7Networks_LH_Limbic_OFC_10,-0.0010212889,-0.2816006961002247,0.7784599618071119,0.8394677958045345,ns
298,7Networks_LH_Limbic_OFC_11,-0.005870516,-2.528105836550355,0.012024006360307182,0.024768013101471083,*
299,7Networks_LH_Limbic_OFC_12,-0.0007589812,-0.3464500107923185,0.7292675666813044,0.8005138393806649,ns
300,7Networks_LH_Limbic_OFC_13,-0.00058532646,-0.16305431070798918,0.8705945655293903,0.9056991851071883,ns
301,7Networks_LH_Limbic_OFC_14,-0.005529659,-1.3873047800458627,0.1664639929283004,0.2406034183501485,ns
302,7Networks_LH_Limbic_TempPole_1,-0.0022989267,-0.675745785119993,0.4997658117359318,0.5948769523777181,ns
303,7Networks_LH_Limbic_TempPole_2,-0.03163518,-7.989136875736169,3.6742974014188425e-14,3.611309445965948e-13,***
304,7Networks_LH_Limbic_TempPole_3,0.0055931574,1.8002227013722263,0.07291336628779461,0.11943903810953023,ns
305,7Networks_LH_Limbic_TempPole_4,-0.005082131,-1.8316218404840772,0.06808159592455625,0.11277721828915256,ns
306,7Networks_LH_Limbic_TempPole_5,0.0068573765,2.3469002411857325,0.019634800409128256,0.03801709947883745,*
307,7Networks_LH_Limbic_TempPole_6,0.0013379193,0.5750802467425079,0.5657038350764916,0.6559621997740891,ns
308,7Networks_LH_Limbic_TempPole_7,0.00013787916,0.04153941554582065,0.966895796132429,0.9821225015833335,ns
309,7Networks_LH_Limbic_TempPole_8,-0.029531045,-7.428970893800975,1.3616396094507233e-12,1.1152476801215448e-11,***
310,7Networks_LH_Limbic_TempPole_9,-0.010505021,-3.332593819796976,0.000977483915946662,0.0025733760236146814,**
311,7Networks_LH_Limbic_TempPole_10,-0.01005973,-3.035928925076498,0.002626178001627916,0.006376978112188257,**
312,7Networks_LH_Limbic_TempPole_11,0.0044022487,1.3936338766879661,0.1645453022264779,0.2381637474021391,ns
313,7Networks_LH_Limbic_TempPole_12,-0.006706568,-2.890646440686476,0.004148884456034327,0.009557251693364788,**
314,7Networks_LH_Limbic_TempPole_13,0.0065714763,2.257176458269114,0.02477611433903299,0.046236799272842764,*
315,7Networks_LH_Limbic_TempPole_14,-0.00481919,-1.6575118513088822,0.09854809980815153,0.15574523583769123,ns
316,7Networks_LH_Limbic_TempPole_15,-0.010680112,-3.906174921585204,0.0001178914204924498,0.0003664576685186994,***
317,7Networks_LH_Cont_Par_1,-0.050286356,-10.969251693681,1.729860868324122e-23,6.611912652261088e-22,***
318,7Networks_LH_Cont_Par_2,-0.0036477183,-0.8246938311363514,0.4102550265617202,0.5119506498327633,ns
319,7Networks_LH_Cont_Par_3,-0.014794454,-3.6188197433934777,0.0003517103867357169,0.0010082364419757217,**
320,7Networks_LH_Cont_Par_4,-0.06439357,-14.082599682754381,2.448465865815588e-34,2.5268167735216867e-32,***
321,7Networks_LH_Cont_Par_5,-0.03346157,-7.711180793223268,2.2513142431787272e-13,2.020309825182997e-12,***
322,7Networks_LH_Cont_Par_6,-0.06016645,-12.416298052062562,1.9332277115316873e-28,9.975454991503507e-27,***
323,7Networks_LH_Cont_Par_7,-0.0099252835,-2.7116797815362474,0.007112870530547694,0.015518990248467696,*
324,7Networks_LH_Cont_Par_8,-0.043974444,-9.797888653660586,1.1820736787380526e-19,2.6334453317005872e-18,***
325,7Networks_LH_Cont_Par_9,-0.040158503,-9.651614530326867,3.4508082182594745e-19,6.7797833786908384e-18,***
326,7Networks_LH_Cont_Par_10,-0.03437421,-8.820640308482718,1.3017180631554495e-16,1.865795890522811e-15,***
327,7Networks_LH_Cont_Par_11,-0.043719698,-10.136011614609838,9.657680105924555e-21,2.5555707357215746e-19,***
328,7Networks_LH_Cont_Par_12,-0.03124288,-8.097340170439503,1.7955604059589075e-14,1.8908350397444822e-13,***
329,7Networks_LH_Cont_Par_13,-0.020699367,-5.640219593469117,4.188061000865043e-08,2.1396430459864973e-07,***
330,7Networks_LH_Cont_Par_14,-0.031411275,-7.512353031186863,8.035699016744623e-13,6.742147467707684e-12,***
331,7Networks_LH_Cont_Par_15,-0.029904226,-8.646376662670175,4.3586476301992967e-16,5.419426932970691e-15,***
332,7Networks_LH_Cont_Temp_1,0.0015387781,0.4414880006370786,0.6592041750407653,0.7378510939718761,ns
333,7Networks_LH_Cont_Temp_2,0.0060941665,1.5357438823016107,0.12574261604269052,0.19111396134912612,ns
334,7Networks_LH_Cont_Temp_3,0.0064045596,1.5303907479350953,0.127061222166912,0.1922685942467056,ns
335,7Networks_LH_Cont_Temp_4,-0.0111542605,-2.498643112610319,0.013046551739358371,0.026608777460509565,*
336,7Networks_LH_Cont_PFCd_1,-0.013375356,-3.5351291282621107,0.0004775195765991342,0.0013427798448237232,**
337,7Networks_LH_Cont_PFCl_1,-0.020332104,-4.632308829529096,5.5696721990876805e-06,2.1288524849846242e-05,***
338,7Networks_LH_Cont_PFCl_2,-0.017922899,-4.204924968000907,3.5290083013832315e-05,0.00011824469373465894,***
339,7Networks_LH_Cont_PFCl_3,-0.025094962,-6.3776782778497845,7.506735386645504e-10,4.695121769101915e-09,***
340,7Networks_LH_Cont_PFCl_4,-0.018189404,-4.142945690987088,4.558663610038246e-05,0.00015127140982506334,***
341,7Networks_LH_Cont_PFCl_5,-0.05425067,-11.357860150475576,8.480869631461391e-25,3.500902983867262e-23,***
342,7Networks_LH_Cont_PFCl_6,-0.0060465317,-1.2887722181227321,0.1985525849570418,0.27954470351387056,ns
343,7Networks_LH_Cont_PFCl_7,-0.00987918,-2.8978532422702354,0.004057511886774882,0.00938868221334457,**
344,7Networks_LH_Cont_PFCl_8,-0.0021621604,-0.5354112255127581,0.5927951186045699,0.6795103386392164,ns
345,7Networks_LH_Cont_PFCl_9,-0.03902196,-8.6488236016494,4.28570095499356e-16,5.393711445796773e-15,***
346,7Networks_LH_Cont_PFCl_10,-0.00069930346,-0.16491211302274988,0.8691334399418917,0.9053854640862535,ns
347,7Networks_LH_Cont_PFCl_11,-0.011563937,-2.5918717265219726,0.010051841612987548,0.021213702545200715,*
348,7Networks_LH_Cont_PFCl_12,-0.040706318,-8.897603085694005,7.60206592836262e-17,1.1370046431985832e-15,***
349,7Networks_LH_Cont_PFCl_13,-0.012605196,-3.912172967269209,0.0001151508524696605,0.00035902018050963636,***
350,7Networks_LH_Cont_PFCl_14,-0.00821081,-1.878629625531564,0.06134520849831663,0.1037840248692832,ns
351,7Networks_LH_Cont_PFCl_15,-0.026412373,-5.981085627416289,6.822552160130633e-09,3.805877745543142e-08,***
352,7Networks_LH_Cont_PFCl_16,-0.004365031,-1.3092088433902982,0.1915485850877154,0.27026922731608405,ns
353,7Networks_LH_Cont_PFCl_17,-0.019977473,-4.912563967186463,1.5395994972992242e-06,6.538546013221397e-06,***
354,7Networks_LH_Cont_PFCl_18,-0.0011452878,-0.3052742956365076,0.7603865170043411,0.8270520098440999,ns
355,7Networks_LH_Cont_PFCl_19,-0.03134435,-7.11774000179047,9.428495660535955e-12,6.90085639834972e-11,***
356,7Networks_LH_Cont_PFCl_20,-0.0010943875,-0.3222545687035546,0.7475029252580088,0.8154577366451005,ns
357,7Networks_LH_Cont_OFC_1,-0.0061207255,-1.5611067704666535,0.11964029411943843,0.18346030242386396,ns
358,7Networks_LH_Cont_PFCv_1,-0.007902218,-2.4796541824127325,0.013745894355934932,0.02789697029434297,*
359,7Networks_LH_Cont_PFCv_2,-0.009208398,-2.9983504767595117,0.0029609338035615084,0.007073341864063603,**
360,7Networks_LH_Cont_pCun_1,0.00462584,0.960539960108843,0.33762121973685866,0.4349876389119078,ns
361,7Networks_LH_Cont_pCun_2,-0.013921332,-3.1240660450820577,0.0019729451853948456,0.004882684487595877,**
362,7Networks_LH_Cont_pCun_3,-0.0016838069,-0.37475756718476694,0.7081275270788739,0.7824278457659506,ns
363,7Networks_LH_Cont_pCun_4,0.014371502,2.9484146694557487,0.0034663797206862714,0.008148755972091646,**
364,7Networks_LH_Cont_Cing_1,-0.022985786,-7.636525594692964,3.63891399733814e-13,3.182507834960136e-12,***
365,7Networks_LH_Cont_Cing_2,-0.0005104261,-0.22339993991326454,0.8233889129305465,0.8724202855691211,ns
366,7Networks_LH_Cont_Cing_3,0.0021373162,0.8176112388004745,0.4142819140099814,0.5163513710849044,ns
367,7Networks_LH_Cont_Cing_4,-0.0053821136,-1.9834508868337979,0.0483043394334518,0.08364107096530579,ns
368,7Networks_LH_Cont_Cing_5,-0.0052480516,-1.877059665675077,0.061560881818431584,0.10380854581147286,ns
369,7Networks_LH_Cont_Cing_6,-0.0013966813,-0.5318231289775756,0.595274758508006,0.68106823811559,ns
370,7Networks_LH_Cont_Cing_7,-0.0016696028,-0.5776699479962516,0.563956233074802,0.65467135268076,ns
371,7Networks_LH_Cont_Cing_8,-0.011269638,-3.649297369490497,0.00031420108516366075,0.000903218718353476,***
372,7Networks_LH_Cont_PFCmp_1,-0.051453866,-11.423507192758803,5.077085200394852e-25,2.1831466361697864e-23,***
373,7Networks_LH_Cont_PFCmp_2,-0.027940663,-7.238945763400763,4.4660796046217316e-12,3.439547874604199e-11,***
374,7Networks_LH_Default_Par_1,-0.025222717,-5.336580206015089,1.9725874332033423e-07,9.468419679376042e-07,***
375,7Networks_LH_Default_Par_2,-0.018787686,-5.0101376065330765,9.706509800275287e-07,4.280819706788076e-06,***
376,7Networks_LH_Default_Par_3,-0.03820161,-8.05682011970796,2.3493304947306393e-14,2.4245090705620197e-13,***
377,7Networks_LH_Default_Par_4,-0.030723885,-6.275224113129801,1.340419995798359e-09,8.042519974790154e-09,***
378,7Networks_LH_Default_Par_5,-0.03794726,-7.314007941178365,2.800132237895444e-12,2.1891942950818922e-11,***
379,7Networks_LH_Default_Par_6,-0.03995723,-8.746417392100271,2.1814826802717188e-16,3.001720168053885e-15,***
380,7Networks_LH_Default_Par_7,-0.03224178,-6.716978487050528,1.0506698965720229e-10,7.18073730637303e-10,***
381,7Networks_LH_Default_Par_8,-0.013347279,-2.9024066120955836,0.004000731886520657,0.009278101813234423,**
382,7Networks_LH_Default_Par_9,-0.022904845,-4.40398368170473,1.519773645312493e-05,5.4082979378016994e-05,***
383,7Networks_LH_Default_Par_10,-0.0021703881,-0.594524982489409,0.5526463224607094,0.6444418133101154,ns
384,7Networks_LH_Default_Par_11,-0.013323499,-2.8704267939339423,0.004415352809478072,0.01014842783826586,*
385,7Networks_LH_Default_Par_12,-0.0067519867,-1.4583821849050154,0.1458681309245131,0.2153589572447747,ns
386,7Networks_LH_Default_Par_13,-0.0036994945,-0.8641559281515542,0.3882499215793819,0.4892233444077193,ns
387,7Networks_LH_Default_Par_14,0.00033523462,0.06724860632929563,0.9464323040378113,0.9632328774822695,ns
388,7Networks_LH_Default_Par_15,-0.004576783,-1.1018485534247748,0.27148397960243437,0.36433220669663496,ns
389,7Networks_LH_Default_Par_16,-0.010610823,-2.3616821970001247,0.018884388917489853,0.03670186320687294,*
390,7Networks_LH_Default_Par_17,0.009711305,2.1311832925112126,0.033954495362181605,0.06131266992630445,ns
391,7Networks_LH_Default_Par_18,-0.0059029637,-1.4618737430904414,0.14490934195855057,0.21424991533126675,ns
392,7Networks_LH_Default_Par_19,-0.010669499,-2.32482292096558,0.020804314628911705,0.039759356846364585,*
393,7Networks_LH_Default_Temp_1,-0.047845,-9.649730250339573,3.498588146652036e-19,6.7797833786908384e-18,***
394,7Networks_LH_Default_Temp_2,-0.0028710873,-0.7706509621564722,0.4415706480673367,0.5397099945262515,ns
395,7Networks_LH_Default_Temp_3,-0.005383079,-1.7777254147846115,0.07654601718478397,0.12479540242448194,ns
396,7Networks_LH_Default_Temp_4,-0.071469486,-11.18483553451781,3.262584842208756e-24,1.2949952142920908e-22,***
397,7Networks_LH_Default_Temp_5,-0.04197288,-8.949917843905652,5.2666968385351467e-17,7.992986966718045e-16,***
398,7Networks_LH_Default_Temp_6,-0.004120379,-1.0731301167989276,0.2841467215713434,0.37788584621343607,ns
399,7Networks_LH_Default_Temp_7,-0.07526751,-13.387854524671576,7.3568382684795e-32,5.423040780764888e-30,***
400,7Networks_LH_Default_Temp_8,0.0030083146,0.7700715139327264,0.44191370675841324,0.5397099945262515,ns
401,7Networks_LH_Default_Temp_9,-0.03928184,-7.199224733692617,5.710419078870024e-12,4.365298140291752e-11,***
402,7Networks_LH_Default_Temp_10,-0.023386534,-4.973746854706348,1.1538172807509373e-06,5.024217019978765e-06,***
403,7Networks_LH_Default_Temp_11,-0.06797975,-10.768026750135082,8.116518602593504e-23,2.7020152251214506e-21,***
404,7Networks_LH_Default_Temp_12,-0.0015673245,-0.35116778694471734,0.7257294208818263,0.7984571027185979,ns
405,7Networks_LH_Default_Temp_13,-0.04900128,-8.649856170028324,4.255282768670799e-16,5.393711445796773e-15,***
406,7Networks_LH_Default_Temp_14,-0.021225875,-4.2010394922197705,3.5864203536122216e-05,0.00011977947588763149,***
407,7Networks_LH_Default_Temp_15,-0.053397752,-9.011602706561225,3.411642054771475e-17,5.254947164961437e-16,***
408,7Networks_LH_Default_Temp_16,-0.059096973,-10.212456542612875,5.453392854680438e-21,1.4810266910605821e-19,***
409,7Networks_LH_Default_Temp_17,-0.04818351,-8.740600928807604,2.271331532645032e-16,3.084229133802201e-15,***
410,7Networks_LH_Default_Temp_18,-0.050776627,-8.683167984708232,3.3808188890236614e-16,4.416462143635973e-15,***
411,7Networks_LH_Default_Temp_19,-0.05454215,-8.835070808053322,1.1770705936581325e-16,1.7108969755706941e-15,***
412,7Networks_LH_Default_Temp_20,-0.055862624,-10.78163425380919,7.313455110005325e-23,2.515828557841832e-21,***
413,7Networks_LH_Default_Temp_21,-0.05701985,-9.43824194171006,1.6240376603624162e-18,2.889667009472437e-17,***
414,7Networks_LH_Default_Temp_22,-0.033384323,-5.649268162948022,3.995144688871582e-08,2.0512384671221254e-07,***
415,7Networks_LH_Default_PFC_1,-0.0040370305,-1.4317921561768878,0.1533306790055783,0.22419578357507314,ns
416,7Networks_LH_Default_PFC_2,-0.00060889445,-0.28848337200719976,0.7731925103047455,0.8355336865282694,ns
417,7Networks_LH_Default_PFC_3,-0.008827087,-2.3313460217737036,0.02045256723562025,0.039378823483507644,*
418,7Networks_LH_Default_PFC_4,-0.012504399,-3.40683723935357,0.0007546709716758343,0.0020072691823955183,**
419,7Networks_LH_Default_PFC_5,0.00015093498,0.03847778941376463,0.9693344560889046,0.9836314244677969,ns
420,7Networks_LH_Default_PFC_6,-0.0036495125,-0.9096439393699524,0.36380112887572846,0.4663885279500022,ns
421,7Networks_LH_Default_PFC_7,0.0063664853,1.7104075743893832,0.088310195464672,0.14085953897919862,ns
422,7Networks_LH_Default_PFC_8,-0.014014658,-3.2852317091876113,0.0011501473214594617,0.0029853116245352742,**
423,7Networks_LH_Default_PFC_9,0.0014193486,0.6241818290686021,0.5330218983409274,0.6265132108061926,ns
424,7Networks_LH_Default_PFC_10,0.0023495755,0.5580070795057894,0.5772902579234983,0.664173407109309,ns
425,7Networks_LH_Default_PFC_11,-0.013850271,-2.9140179003840703,0.0038592082107042213,0.008970051516771974,**
426,7Networks_LH_Default_PFC_12,0.0017628248,0.41226682559902156,0.6804627343051626,0.7583558766770278,ns
427,7Networks_LH_Default_PFC_13,0.0009623511,0.2946427676423132,0.7684874813800462,0.833942251087495,ns
428,7Networks_LH_Default_PFC_14,-0.020945238,-5.116350779863229,5.828449215093898e-07,2.626619908286857e-06,***
429,7Networks_LH_Default_PFC_15,-0.009781438,-2.7649622841687296,0.006075236473000241,0.013541347818868787,*
430,7Networks_LH_Default_PFC_16,-0.0055442713,-1.5567083098643717,0.12068151842480448,0.18450863261392328,ns
431,7Networks_LH_Default_PFC_17,-0.016495071,-3.9428542471882415,0.00010205173122801652,0.00032223202821779414,***
432,7Networks_LH_Default_PFC_18,-0.011107904,-3.3965662618081036,0.0007823801219271247,0.0020756202720534516,**
433,7Networks_LH_Default_PFC_19,-0.008198417,-2.0387628284737382,0.042423054002346715,0.07471090738979831,ns
434,7Networks_LH_Default_PFC_20,-0.015307555,-3.716928734845387,0.00024398219699329582,0.000724057108704549,***
435,7Networks_LH_Default_PFC_21,-0.023164203,-5.093354103043721,6.513498049003845e-07,2.9225782550312904e-06,***
436,7Networks_LH_Default_PFC_22,-0.029934721,-6.361613851230237,8.224699385018729e-10,5.113186605626101e-09,***
437,7Networks_LH_Default_PFC_23,-0.022491813,-7.618141918362063,4.09383406645894e-13,3.5206972971546883e-12,***
438,7Networks_LH_Default_PFC_24,-0.019779649,-4.856375128194876,2.0017024188962116e-06,8.230107156577252e-06,***
439,7Networks_LH_Default_PFC_25,-0.028799374,-7.469126617494493,1.0567248593548543e-12,8.724320438833677e-12,***
440,7Networks_LH_Default_PFC_26,-0.018294903,-4.2918717389651215,2.4517943143349046e-05,8.350665783477298e-05,***
441,7Networks_LH_Default_PFC_27,-0.0181156,-3.7167366703342424,0.0002441587924701386,0.000724057108704549,***
442,7Networks_LH_Default_PFC_28,-0.020469543,-5.193317453576462,4.007059107413549e-07,1.8461093744869566e-06,***
443,7Networks_LH_Default_PFC_29,-0.03756552,-8.429942449819,1.919183779786614e-15,2.200664067488651e-14,***
444,7Networks_LH_Default_PFC_30,-0.019912528,-4.414837648089313,1.45026284252745e-05,5.214882416335639e-05,***
445,7Networks_LH_Default_PFC_31,-0.012268418,-3.271493782515919,0.0012052975909507683,0.003109667784652982,**
446,7Networks_LH_Default_PFC_32,-0.032813303,-7.140629783340454,8.192776423252384e-12,6.082694437983065e-11,***
447,7Networks_LH_Default_PFC_33,-0.033360984,-7.087222075172529,1.1365441908950182e-11,8.259954964814499e-11,***
448,7Networks_LH_Default_PFC_34,-0.028819982,-6.424644454532107,5.742135285725656e-10,3.657952848684492e-09,***
449,7Networks_LH_Default_PFC_35,-0.031671874,-7.161571835575345,7.202765511065749e-12,5.425732852131279e-11,***
450,7Networks_LH_Default_PFC_36,-0.003925681,-1.0387098166575814,0.29984554280443765,0.39419184735564283,ns
451,7Networks_LH_Default_PFC_37,-0.042823993,-9.668634116356662,3.047573371949753e-19,6.2901914397042905e-18,***
452,7Networks_LH_Default_PFC_38,-0.02306194,-4.863106689398915,1.9399761897225805e-06,8.040383244151418e-06,***
453,7Networks_LH_Default_PFC_39,-0.02806006,-7.403225824505125,1.6012260124659329e-12,1.3011537361140494e-11,***
454,7Networks_LH_Default_PFC_40,-0.029729169,-6.229376529654169,1.73373552506555e-09,1.0224086067815129e-08,***
455,7Networks_LH_Default_PFC_41,-0.0028095082,-0.7171317020755235,0.4738971013265806,0.5700021078893137,ns
456,7Networks_LH_Default_PFC_42,-0.014920203,-3.30142810054228,0.0010881424466680002,0.0028429443163579143,**
457,7Networks_LH_Default_PFC_43,-0.019992424,-4.8727197103984174,1.8550055764166222e-06,7.719216753475622e-06,***
458,7Networks_LH_Default_PFC_44,-0.032305494,-8.478510454860206,1.378637756532865e-15,1.6167660962976328e-14,***
459,7Networks_LH_Default_PFC_45,-0.0006486716,-0.18105344536657655,0.8564580280704976,0.8982364684641805,ns
460,7Networks_LH_Default_PFC_46,-0.01274561,-2.941248774893287,0.003545066028884019,0.008314791231382518,**
461,7Networks_LH_Default_PFC_47,-0.030746957,-7.142661329467266,8.091144455346643e-12,6.050768897041838e-11,***
462,7Networks_LH_Default_PFC_48,-0.03428055,-7.71759376459862,2.1600524612860345e-13,1.955415912322094e-12,***
463,7Networks_LH_Default_PFC_49,-0.005387912,-1.2552550859309526,0.2104440894376343,0.29308812456091576,ns
464,7Networks_LH_Default_PFC_50,-0.008417053,-2.2864777721520984,0.022981121608045923,0.04319948542714644,*
465,7Networks_LH_Default_pCunPCC_1,-0.0037145303,-1.3662221190301242,0.17297733741566126,0.24862480809604795,ns
466,7Networks_LH_Default_pCunPCC_2,0.006837608,1.754010047422521,0.08053464618277492,0.1304737124970545,ns
467,7Networks_LH_Default_pCunPCC_3,0.0047997925,1.5973673215094408,0.11132395671792154,0.17250198698632888,ns
468,7Networks_LH_Default_pCunPCC_4,0.008180511,1.7512607191625567,0.08100783406769164,0.13103461560792756,ns
469,7Networks_LH_Default_pCunPCC_5,0.0024286928,0.631089059452175,0.5285026761026064,0.6225005609995687,ns
470,7Networks_LH_Default_pCunPCC_6,-0.0026601842,-1.034084890902284,0.3019984309665939,0.39651702386453547,ns
471,7Networks_LH_Default_pCunPCC_7,0.015259249,3.2425092959091666,0.0013298042394091826,0.003371886916634586,**
472,7Networks_LH_Default_pCunPCC_8,0.008687107,2.8507875171626322,0.004689011223089213,0.010682250733395293,*
473,7Networks_LH_Default_pCunPCC_9,0.006832501,1.6739386067703612,0.09527140298214562,0.1510293208564889,ns
474,7Networks_LH_Default_pCunPCC_10,0.004774569,1.3498670157056878,0.1781606861866752,0.25408729266420355,ns
475,7Networks_LH_Default_pCunPCC_11,0.0048652887,1.871486170926284,0.062331644584742656,0.10476589122386715,ns
476,7Networks_LH_Default_pCunPCC_12,0.005987065,1.9053333719262062,0.05777210481559118,0.09838417849783844,ns
477,7Networks_LH_Default_pCunPCC_13,0.00809314,2.2003449813858635,0.028607976883204725,0.05245208124504419,ns
478,7Networks_LH_Default_pCunPCC_14,0.009326621,2.993278411543438,0.003009000362733742,0.007155042337191754,**
479,7Networks_LH_Default_pCunPCC_15,0.011422463,2.724784372349072,0.006843812693149948,0.015045093554466886,*
480,7Networks_LH_Default_pCunPCC_16,0.006921074,2.326807697976508,0.020696731830689253,0.03968283707274284,*
481,7Networks_LH_Default_pCunPCC_17,0.0053472985,2.0425408824985856,0.0420445687087925,0.07417093146576728,ns
482,7Networks_LH_Default_pCunPCC_18,0.014772224,3.347636630096778,0.0009279068640443769,0.0024491045618767185,**
483,7Networks_LH_Default_pCunPCC_19,0.0044293944,1.5234614758980034,0.12878410627128128,0.19402218638242671,ns
484,7Networks_LH_Default_pCunPCC_20,0.008069887,2.480509261456884,0.013713700873178442,0.02789697029434297,*
485,7Networks_LH_Default_pCunPCC_21,0.005050312,1.586447620239577,0.11377865794994045,0.17551505979721754,ns
486,7Networks_LH_Default_pCunPCC_22,0.004367893,1.7579011567852323,0.07986880616082535,0.12980253221727836,ns
487,7Networks_LH_Default_pCunPCC_23,0.0036628216,1.1252717722948025,0.2614479478988784,0.35408698455596127,ns
488,7Networks_LH_Default_pCunPCC_24,0.014166235,3.0140652716959457,0.002816446171015358,0.006791057122635162,**
489,7Networks_LH_Default_pCunPCC_25,-0.0013960486,-0.4845116669623774,0.6284056715147932,0.7103117776596567,ns
490,7Networks_LH_Default_pCunPCC_26,0.0059248228,1.5623844173997832,0.11933917337053314,0.18327087339046158,ns
491,7Networks_LH_Default_pCunPCC_27,0.008092405,2.197424576693739,0.028818047244727394,0.052730894958437365,ns
492,7Networks_LH_Default_pCunPCC_28,0.013531131,3.094969632572586,0.002169850709738172,0.005344357834009054,**
493,7Networks_LH_Default_pCunPCC_29,0.0075439354,1.4560286461938783,0.1465171670646352,0.21600816630100503,ns
494,7Networks_LH_Default_pCunPCC_30,0.022230836,5.74428116191908,2.4267252108934994e-08,1.2712590952497925e-07,***
495,7Networks_LH_Default_pCunPCC_31,0.008830315,2.2320201797516144,0.026413383452866018,0.04885055864401027,*
496,7Networks_LH_Default_pCunPCC_32,0.012182193,2.428605530364791,0.015793668328735546,0.03140475089644525,*
497,7Networks_LH_Default_PHC_1,-0.00038927785,-0.08645541105699067,0.9311668606404206,0.9523926661852469,ns
498,7Networks_LH_Default_PHC_2,0.0032133053,1.332896196975948,0.18366114106312048,0.2614321345891591,ns
499,7Networks_LH_Default_PHC_3,0.0030205755,0.885309576026584,0.37675754730154587,0.47883471528964944,ns
500,7Networks_RH_Vis_1,-0.0018929214,-0.42759936370967583,0.6692750536055061,0.7475020079230328,ns
501,7Networks_RH_Vis_2,-0.041147117,-8.407277082183445,2.2387319056022815e-15,2.5388695896500598e-14,***
502,7Networks_RH_Vis_3,0.004888677,1.0316573403778884,0.303132577115323,0.39750040607752646,ns
503,7Networks_RH_Vis_4,-0.0030231911,-0.8706334543724015,0.38470820563952013,0.4871397156073433,ns
504,7Networks_RH_Vis_5,-0.016748007,-3.266609842718281,0.0012254887022069927,0.0031435227364993586,**
505,7Networks_RH_Vis_6,-0.022014987,-4.406915997576997,1.5006859872346935e-05,5.358850999398629e-05,***
506,7Networks_RH_Vis_7,0.018605968,3.284935308185012,0.001151312041245193,0.0029853116245352742,**
507,7Networks_RH_Vis_8,-0.012473406,-2.4992351900302974,0.013025264169883784,0.026608777460509565,*
508,7Networks_RH_Vis_9,0.0041874046,0.8377093046663875,0.40291619663545053,0.5034013497915072,ns
509,7Networks_RH_Vis_10,0.0034774547,1.1044922461721236,0.27033814726491917,0.36393258580955473,ns
510,7Networks_RH_Vis_11,-0.018099112,-3.575308538045352,0.000412610639430943,0.0011634267210183964,**
511,7Networks_RH_Vis_12,-0.020902075,-3.7473133232722544,0.0002175125000082183,0.0006506460869811052,***
512,7Networks_RH_Vis_13,0.008864172,2.104529261815092,0.036233234184305366,0.06447016841069507,ns
513,7Networks_RH_Vis_14,-0.006373734,-1.2430501609322875,0.21490047774446067,0.2984889542830194,ns
514,7Networks_RH_Vis_15,0.006514476,1.8401066114676998,0.06682235358913237,0.11135965621403422,ns
515,7Networks_RH_Vis_16,-0.020474536,-3.928722168365689,0.00010789921360334666,0.00033845589191080166,***
516,7Networks_RH_Vis_17,-0.02040687,-3.822724957290579,0.00016304525088006947,0.0004963501442720699,***
517,7Networks_RH_Vis_18,-0.0063567357,-1.2716673486604904,0.20455799645201556,0.2856860445768501,ns
518,7Networks_RH_Vis_19,0.0023043135,0.808318430012327,0.4196009490495872,0.5206610371160061,ns
519,7Networks_RH_Vis_20,-0.01761211,-4.252910263548805,2.8885276669809054e-05,9.741701151386582e-05,***
520,7Networks_RH_Vis_21,0.016970906,3.0744078166789057,0.002319754067145432,0.005672953074156601,**
521,7Networks_RH_Vis_22,-0.0005997126,-0.22680114162962361,0.8207456603034208,0.8714089726678295,ns
522,7Networks_RH_Vis_23,0.0027363678,0.7187544184614396,0.4728981043957259,0.5694642283971868,ns
523,7Networks_RH_Vis_24,-0.0022475182,-0.4486946766514713,0.6540027273129292,0.732823902917419,ns
524,7Networks_RH_Vis_25,-0.010482273,-2.4122210596545575,0.01650584712066572,0.032757758131782735,*
525,7Networks_RH_Vis_26,-0.015013715,-2.824779383517611,0.005075168200158984,0.011485906979307174,*
526,7Networks_RH_Vis_27,-0.014399026,-3.798119717238165,0.0001792125919817467,0.0005407818565063234,***
527,7Networks_RH_Vis_28,-0.013086693,-2.7869962286021286,0.005687763298431356,0.01276037331300252,*
528,7Networks_RH_Vis_29,-0.010538647,-2.5101771417003156,0.012637378518655413,0.02592798137425922,*
529,7Networks_RH_Vis_30,-0.018077979,-3.592718733030332,0.00038714118538796656,0.0010976090750559931,**
530,7Networks_RH_Vis_31,-3.5080724e-05,-0.01073634406879986,0.9914415297131722,0.9952992788560251,ns
531,7Networks_RH_Vis_32,0.005227064,1.709071082181528,0.08855782038351485,0.14103652875893105,ns
532,7Networks_RH_Vis_33,-0.0010003558,-0.3317698612669338,0.7403139270667453,0.8101844885820585,ns
533,7Networks_RH_Vis_34,-0.008274606,-1.6313809856210693,0.10394632003400972,0.16228835442526177,ns
534,7Networks_RH_Vis_35,-0.026370883,-5.4329684838204315,1.2145284491003066e-07,5.997097413739313e-07,***
535,7Networks_RH_Vis_36,-0.01017934,-2.19471114415873,0.029014425094585843,0.05290262667422719,ns
536,7Networks_RH_Vis_37,-0.003480419,-0.7754601940064723,0.4387292961904733,0.5383693622694036,ns
537,7Networks_RH_Vis_38,-0.0112636145,-1.987386250794243,0.047864262183952955,0.08301835054426798,ns
538,7Networks_RH_Vis_39,-0.00803989,-1.4339089098123043,0.152726114619618,0.22388259984012182,ns
539,7Networks_RH_Vis_40,0.0056466246,1.8080572666745693,0.07168209991422135,0.11779606227942108,ns
540,7Networks_RH_Vis_41,0.0014744531,0.4379710171899595,0.661748621574512,0.7398966169717187,ns
541,7Networks_RH_Vis_42,-0.00057035463,-0.16036479828568978,0.8727106007876111,0.9069862437188465,ns
542,7Networks_RH_Vis_43,-0.007153011,-1.7456583360194213,0.08197908625809303,0.13239814869851643,ns
543,7Networks_RH_Vis_44,-0.012686455,-2.36657261636673,0.018641737459173018,0.03643612321565635,*
544,7Networks_RH_Vis_45,-0.014552389,-2.612706785577672,0.009473309421209943,0.020199287856794753,*
545,7Networks_RH_Vis_46,-0.010541922,-2.4538432379729436,0.014749789230672668,0.029556859196221735,*
546,7Networks_RH_Vis_47,0.009385353,2.247903332084387,0.0253690630295645,0.0471090593232177,*
547,7Networks_RH_Vis_48,0.0063535986,1.6750535526492254,0.09505221906405864,0.15091367703709002,ns
548,7Networks_RH_Vis_49,-0.03423589,-5.875239715321301,1.2085549110450454e-08,6.599093482531677e-08,***
549,7Networks_RH_Vis_50,0.009960626,2.133337340860955,0.03377584003503348,0.06115204722132377,ns
550,7Networks_RH_Vis_51,-0.0035539616,-0.7448949144776517,0.45696677184776247,0.5541594695028095,ns
551,7Networks_RH_Vis_52,-0.0054330677,-1.0086841809272942,0.314006413724783,0.4081292430276776,ns
552,7Networks_RH_Vis_53,0.004354231,0.893996211584168,0.37210000582396163,0.4740829703831215,ns
553,7Networks_RH_Vis_54,-0.012303844,-2.5442944480308998,0.011493110025833028,0.023864968906759928,*
554,7Networks_RH_Vis_55,-0.00041858078,-0.10249390216630413,0.9184388106159218,0.9443321502371516,ns
555,7Networks_RH_Vis_56,-0.015108562,-2.7923359006878714,0.00559730231854073,0.01261226199286907,*
556,7Networks_RH_Vis_57,0.015367048,4.218585339432934,3.33404804931929e-05,0.00011207614289568427,***
557,7Networks_RH_Vis_58,-0.013255438,-2.3856165255934814,0.017722762323744843,0.03503810482395532,*
558,7Networks_RH_Vis_59,-0.0076627107,-2.2002491844818577,0.028614846648216934,0.05245208124504419,ns
559,7Networks_RH_Vis_60,0.015157205,3.036930068081247,0.002617755218260988,0.006371517418031461,**
560,7Networks_RH_Vis_61,-0.00076894474,-0.13255482650378092,0.8946416980930817,0.9260483775647546,ns
561,7Networks_RH_Vis_62,0.0048911073,1.0284006154937784,0.30465857760953147,0.3989944823515691,ns
562,7Networks_RH_Vis_63,0.006990435,1.8321280658839136,0.06800591951604225,0.11277721828915256,ns
563,7Networks_RH_Vis_64,0.013235154,2.994937749367921,0.0029931970739938687,0.00713390157127407,**
564,7Networks_RH_Vis_65,0.013011049,3.260364716745101,0.0012517648508853798,0.003197577539885426,**
565,7Networks_RH_Vis_66,0.015017387,2.8640086415526222,0.004503141010695189,0.010327203384527634,*
566,7Networks_RH_Vis_67,0.016413974,3.2487848918141666,0.0013018755561198382,0.0033092009209745644,**
567,7Networks_RH_Vis_68,-0.01001534,-2.6979770797389877,0.007404385924038129,0.016019551936283752,*
568,7Networks_RH_Vis_69,0.010626258,2.1237607281814537,0.03457635324859359,0.06173494213243699,ns
569,7Networks_RH_Vis_70,0.006638573,1.423256477020635,0.15578712631616168,0.22656138620948674,ns
570,7Networks_RH_Vis_71,0.008214237,2.010128013761612,0.04538697158762809,0.07912053155140572,ns
571,7Networks_RH_Vis_72,0.018704286,3.99027494104473,8.45511795468577e-05,0.0002709839046346495,***
572,7Networks_RH_Vis_73,0.0027344103,0.5251066232331865,0.5999291060567084,0.6848748201886317,ns
573,7Networks_RH_Vis_74,0.014491605,2.7229413223228742,0.006881089300105009,0.015045093554466886,*
574,7Networks_RH_Vis_75,-0.0061363676,-1.4368099545100315,0.15190051391174714,0.2233067384001753,ns
575,7Networks_RH_Vis_76,0.016616452,3.1952880560211683,0.0015584671104045009,0.0038942810119550727,**
576,7Networks_RH_Vis_77,0.015676936,2.669728169993596,0.008039609421351616,0.017285160255905974,*
577,7Networks_RH_Vis_78,-0.016463622,-3.8870536781801053,0.00012704678497190688,0.00039137994654032206,***
578,7Networks_RH_Vis_79,0.006328157,1.2183103715690835,0.2241426938992364,0.3088321229693084,ns
579,7Networks_RH_Vis_80,-0.019285304,-3.828424231991844,0.00015950243913524483,0.0004884466385387912,***
580,7Networks_RH_Vis_81,-0.0067178877,-1.422967814582032,0.15587072113249573,0.22656138620948674,ns
581,7Networks_RH_SomMot_1,-0.005327784,-1.2647973170888969,0.20700704686881655,0.2886909086062414,ns
582,7Networks_RH_SomMot_2,-0.049649652,-7.7014443124440355,2.3971996738181246e-13,2.1144530456241922e-12,***
583,7Networks_RH_SomMot_3,-0.007387788,-1.5573764411144244,0.12052289751035905,0.18450863261392328,ns
584,7Networks_RH_SomMot_4,-0.068018734,-10.874816858957692,3.5783000008024944e-23,1.2733812416648877e-21,***
585,7Networks_RH_SomMot_5,-0.031111654,-6.226726473475378,1.7596405303338917e-09,1.0317892200594183e-08,***
586,7Networks_RH_SomMot_6,-0.00083883514,-0.2578789828559317,0.7966917886650463,0.8528899646289707,ns
587,7Networks_RH_SomMot_7,-0.039345358,-6.960850142573374,2.4498807534689334e-11,1.7316965325889994e-10,***
588,7Networks_RH_SomMot_8,-0.0071034045,-2.608469178533285,0.00958849802239918,0.020402742183744237,*
589,7Networks_RH_SomMot_9,-0.025738915,-4.888838473820826,1.720535643867556e-06,7.217856847444381e-06,***
590,7Networks_RH_SomMot_10,0.0045857164,1.0673421246873676,0.2867467091516323,0.3808527720006236,ns
591,7Networks_RH_SomMot_11,-0.004776932,-1.7811641206761393,0.07598134618640785,0.1240708057980584,ns
592,7Networks_RH_SomMot_12,-0.036947913,-5.797347497500328,1.8320682378464115e-08,9.836444631792974e-08,***
593,7Networks_RH_SomMot_13,-0.045343116,-8.442963738749997,1.7564859186965626e-15,2.036734233814441e-14,***
594,7Networks_RH_SomMot_14,-0.05062332,-8.663655305371329,3.8687312449312826e-16,4.990663305961355e-15,***
595,7Networks_RH_SomMot_15,-0.00206924,-0.8043853690636259,0.4218642647914209,0.5226457638232249,ns
596,7Networks_RH_SomMot_16,-0.010892584,-3.781145154419621,0.0001912370629530151,0.0005753838162318122,***
597,7Networks_RH_SomMot_17,-0.00073614775,-0.3183374931985772,0.7504688250434017,0.8178287512616585,ns
598,7Networks_RH_SomMot_18,-0.0050671888,-1.0958940075660581,0.2740770420682153,0.36652354509390545,ns
599,7Networks_RH_SomMot_19,0.0012237254,0.47053580341726026,0.6383425472509197,0.718396410864721,ns
600,7Networks_RH_SomMot_20,-0.009710993,-3.0253999346081435,0.002716280990182229,0.0065648758357565815,**
601,7Networks_RH_SomMot_21,-0.021482028,-8.037175211668849,2.6755876814020136e-14,2.707065183536155e-13,***
602,7Networks_RH_SomMot_22,0.0011257707,0.3882958795382334,0.6980953430966688,0.7721697685699487,ns
603,7Networks_RH_SomMot_23,-0.017438715,-3.4398929848233983,0.0006715874443436521,0.001814340949116882,**
604,7Networks_RH_SomMot_24,0.0011893507,0.29186809315012074,0.7706059455119665,0.8344861865355189,ns
605,7Networks_RH_SomMot_25,-0.0072563626,-2.311094895906154,0.021561936442964266,0.041055200016861845,*
606,7Networks_RH_SomMot_26,0.0023192556,0.7732786917356355,0.4400168428780159,0.5393080544538152,ns
607,7Networks_RH_SomMot_27,0.0058836355,1.6321612248277533,0.10378178179694938,0.1622769679006845,ns
608,7Networks_RH_SomMot_28,-0.016272638,-5.160116472423464,4.7124626794607116e-07,2.1518856129218823e-06,***
609,7Networks_RH_SomMot_29,-0.0044139912,-1.3998159997898023,0.16268737983751413,0.2358053033599924,ns
610,7Networks_RH_SomMot_30,-0.012555765,-3.4970586145763307,0.0005477526452633588,0.0015154979354203386,**
611,7Networks_RH_SomMot_31,-0.0050520236,-1.8048172450732038,0.07218920312432002,0.11844079113560932,ns
612,7Networks_RH_SomMot_32,-0.0028718724,-0.8946994177151232,0.37172454213234485,0.4740829703831215,ns
613,7Networks_RH_SomMot_33,0.00080097973,0.25589004804084287,0.7982256605710704,0.8536465095433623,ns
614,7Networks_RH_SomMot_34,0.003159826,0.8873308587865045,0.3756705744933675,0.4780419640902038,ns
615,7Networks_RH_SomMot_35,-0.0020222785,-0.5210674789693519,0.6027360668274311,0.685803330723163,ns
616,7Networks_RH_SomMot_36,-0.007585121,-2.127271336199273,0.03428102796218821,0.06140009698669263,ns
617,7Networks_RH_SomMot_37,-0.011684319,-3.2750391572649704,0.001190834385218663,0.003080052845979098,**
618,7Networks_RH_SomMot_38,-0.0068277633,-2.083303076132614,0.03814051458786253,0.06774700697878508,ns
619,7Networks_RH_SomMot_39,-0.038877368,-9.663474097552085,3.1646131126271315e-19,6.403687710257255e-18,***
620,7Networks_RH_SomMot_40,-0.008011549,-2.4761553447022044,0.01387832475431029,0.02808319832636906,*
621,7Networks_RH_SomMot_41,-0.016024604,-4.407346091050534,1.4979057302008604e-05,5.358850999398629e-05,***
622,7Networks_RH_SomMot_42,-0.004144169,-1.1328513394076143,0.25825629382669774,0.35068486214362116,ns
623,7Networks_RH_SomMot_43,-0.007983111,-2.459878819332933,0.01450939188814121,0.029131697331832157,*
624,7Networks_RH_SomMot_44,-0.006742378,-2.1266955301701107,0.03432931779197834,0.06140009698669263,ns
625,7Networks_RH_SomMot_45,-0.0051456606,-1.6082590412459057,0.10891759546165873,0.1692815640307708,ns
626,7Networks_RH_SomMot_46,-0.010726166,-3.092672003306019,0.002186146757359191,0.005371674889511155,**
627,7Networks_RH_SomMot_47,-0.008184597,-2.1300540031725577,0.03404848198905513,0.06131266992630445,ns
628,7Networks_RH_SomMot_48,-0.0036282393,-0.9740446043292722,0.3308842217045198,0.427374864579555,ns
629,7Networks_RH_SomMot_49,-0.008553333,-2.213968354791233,0.027645450747609573,0.05094661637773765,ns
630,7Networks_RH_SomMot_50,0.005445198,1.6504662032624124,0.09998096556335787,0.15752726177310736,ns
631,7Networks_RH_SomMot_51,-0.006976531,-2.5881098114199723,0.010159608508001202,0.02135380036712269,*
632,7Networks_RH_SomMot_52,-0.013700121,-3.822795956920645,0.0001630006613731101,0.0004963501442720699,***
633,7Networks_RH_SomMot_53,-0.007314852,-2.2844744922343554,0.023100121883749745,0.04334422869823589,*
634,7Networks_RH_SomMot_54,-0.016375307,-4.37902770983199,1.6919143243316384e-05,5.9498378008578654e-05,***
635,7Networks_RH_SomMot_55,-0.0068166973,-2.0250578851282044,0.043820425033937294,0.07677874131582901,ns
636,7Networks_RH_SomMot_56,-0.009934745,-2.8024518059272276,0.005429495846073097,0.01226091840951299,*
637,7Networks_RH_SomMot_57,-0.013631955,-4.61234700941529,6.090176215712477e-06,2.3192110164632016e-05,***
638,7Networks_RH_SomMot_58,-0.011082473,-2.754400863729757,0.006269307347442666,0.013913817596905012,*
639,7Networks_RH_SomMot_59,-0.033244416,-8.816495173245956,1.339882525607549e-16,1.8941900909958774e-15,***
640,7Networks_RH_SomMot_60,-0.0024379469,-0.8028434680037975,0.42275352588538406,0.5231194708797559,ns
641,7Networks_RH_SomMot_61,-0.003224338,-0.808045572465489,0.41975773534933825,0.5206610371160061,ns
642,7Networks_RH_SomMot_62,-0.015024593,-4.3786013099736065,1.6950119316397408e-05,5.9498378008578654e-05,***
643,7Networks_RH_SomMot_63,-0.005867011,-1.609950681246957,0.10854759212967462,0.16896095788510437,ns
644,7Networks_RH_SomMot_64,-0.013358113,-3.5772236793446046,0.00040973382089818007,0.0011584802826491009,**
645,7Networks_RH_SomMot_65,-0.017552711,-5.1406095957176055,5.181593781897243e-07,2.3556849263955745e-06,***
646,7Networks_RH_SomMot_66,-0.01629537,-4.654314897059817,5.045504784756936e-06,1.942895872339238e-05,***
647,7Networks_RH_SomMot_67,-0.02096897,-6.282777397534231,1.2846243022800764e-09,7.752820350602566e-09,***
648,7Networks_RH_SomMot_68,-0.010116491,-3.266113583657083,0.0012275578127996527,0.0031435227364993586,**
649,7Networks_RH_SomMot_69,-0.018172145,-4.833260399484987,2.22842895304291e-06,9.018583057020717e-06,***
650,7Networks_RH_SomMot_70,0.0024901319,0.6602220217623134,0.5096599851471797,0.6045621892780338,ns
651,7Networks_RH_SomMot_71,-0.006110146,-1.8645757996818761,0.06329841287758838,0.10621782453605075,ns
652,7Networks_RH_SomMot_72,-0.008544168,-3.2259105452286785,0.0014063762853259748,0.0035491700803030974,**
653,7Networks_RH_SomMot_73,-0.017632179,-5.053261173721853,7.898717568774581e-07,3.5135674702480033e-06,***
654,7Networks_RH_SomMot_74,-0.029568557,-8.77220593648773,1.8237197282721083e-16,2.543349675103805e-15,***
655,7Networks_RH_SomMot_75,-0.007958274,-2.3072488914274367,0.021778474187275517,0.041239239194987766,*
656,7Networks_RH_SomMot_76,-0.10195526,-21.85368075046283,3.16035821517888e-62,3.2614896780646043e-59,***
657,7Networks_RH_SomMot_77,-0.030865777,-8.03439800564353,2.7251881332750055e-14,2.730479760718258e-13,***
658,7Networks_RH_SomMot_78,-0.061476827,-13.98518409326594,5.4655311157561116e-34,5.127661919509371e-32,***
659,7Networks_RH_SomMot_79,-0.013404632,-3.900704176573981,0.00012044488330747487,0.00037215305261471273,***
660,7Networks_RH_SomMot_80,-0.01024308,-2.685815431046802,0.007672095157333264,0.016564021343865958,*
661,7Networks_RH_SomMot_81,-0.026317682,-6.234261251068701,1.6869615102479698e-09,1.0063261725872282e-08,***
662,7Networks_RH_SomMot_82,-0.016711725,-5.213988957512536,3.6208158524788277e-07,1.6756421344206953e-06,***
663,7Networks_RH_SomMot_83,-0.00953814,-2.926006058572298,0.003717902136484333,0.008661117392442057,**
664,7Networks_RH_SomMot_84,-3.8428232e-05,-0.011648719916450485,0.990714261570681,0.9952992788560251,ns
665,7Networks_RH_SomMot_85,-0.038681608,-10.506694816066432,5.941406475445377e-22,1.8033916125469498e-20,***
666,7Networks_RH_SomMot_86,-0.032521322,-7.943686928254507,4.955105828964065e-14,4.824216241029165e-13,***
667,7Networks_RH_SomMot_87,-0.03391624,-9.0483944956099,2.6312712764661214e-17,4.1776491650969805e-16,***
668,7Networks_RH_SomMot_88,-0.0039825886,-0.9474109275059275,0.3442551855710315,0.44243007659938294,ns
669,7Networks_RH_SomMot_89,-0.028818551,-8.717787812869984,2.6605410956843565e-16,3.520100526597764e-15,***
670,7Networks_RH_SomMot_90,-0.0012277145,-0.3028737422645954,0.7622134078427125,0.8280044598880836,ns
671,7Networks_RH_SomMot_91,-0.040714853,-10.33538416294819,2.1669420493579612e-21,6.044011337668692e-20,***
672,7Networks_RH_SomMot_92,-0.07734085,-17.235891552756282,9.729966828157902e-46,1.6735542944431591e-43,***
673,7Networks_RH_SomMot_93,-0.0039864583,-1.2280026637533723,0.22048840053836713,0.3046104810650534,ns
674,7Networks_RH_SomMot_94,-0.011129607,-3.108114796936498,0.0020787510087030654,0.005132227370769291,**
675,7Networks_RH_SomMot_95,-0.028088383,-7.83532412848821,1.0067266876654722e-13,9.619832793247846e-13,***
676,7Networks_RH_SomMot_96,-0.039535467,-10.385406990985727,1.4864715720102181e-21,4.3829676066129865e-20,***
677,7Networks_RH_SomMot_97,-0.098545164,-19.174940145502493,9.783929612386212e-53,2.5242538399956426e-50,***
678,7Networks_RH_SomMot_98,-0.04482837,-11.432467335100272,4.73332752574516e-25,2.1238234811169585e-23,***
679,7Networks_RH_SomMot_99,-0.057697166,-13.624788301112433,1.0574049926588758e-32,8.39416886479969e-31,***
680,7Networks_RH_SomMot_100,-0.013597498,-4.0942091640504135,5.563489672751129e-05,0.00018343518665428645,***
681,7Networks_RH_SomMot_101,-0.0021426415,-0.5960270371139681,0.5516438822578797,0.6440005503282036,ns
682,7Networks_RH_SomMot_102,-0.0071944674,-1.8858387526826665,0.06036291521901196,0.10228986618394144,ns
683,7Networks_RH_SomMot_103,-0.038697664,-10.105757085668786,1.210259483083105e-20,3.122469466354411e-19,***
684,7Networks_RH_DorsAttn_Post_1,-0.003334821,-0.8947083062758151,0.37171979776484976,0.4740829703831215,ns
685,7Networks_RH_DorsAttn_Post_2,-0.01599066,-3.721147614781869,0.0002401333620262329,0.000716235923731423,***
686,7Networks_RH_DorsAttn_Post_3,0.011798536,2.774834705963473,0.005898763271218005,0.01317645821622723,*
687,7Networks_RH_DorsAttn_Post_4,-0.0028929766,-0.5160284937140206,0.606246165503598,0.6882794750271871,ns
688,7Networks_RH_DorsAttn_Post_5,0.0036127241,0.8519547199050714,0.3949751856105913,0.4952787260633417,ns
689,7Networks_RH_DorsAttn_Post_6,0.0011291577,0.21689171089991002,0.8284523948389236,0.875986548641157,ns
690,7Networks_RH_DorsAttn_Post_7,-0.028128408,-5.7337775245579135,2.5649948205851785e-08,1.336906391335305e-07,***
691,7Networks_RH_DorsAttn_Post_8,-0.026316363,-4.4855303069721995,1.066746736868502e-05,3.876347297353148e-05,***
692,7Networks_RH_DorsAttn_Post_9,-0.025715945,-4.485877710644009,1.0651278173732957e-05,3.876347297353148e-05,***
693,7Networks_RH_DorsAttn_Post_10,-0.014394544,-3.9030243433217016,0.0001193556110177375,0.00036989486657749277,***
694,7Networks_RH_DorsAttn_Post_11,-0.0028693215,-0.49097489746580153,0.6238329473085827,0.7059162298491857,ns
695,7Networks_RH_DorsAttn_Post_12,0.02092874,4.050265352812195,6.647427158848185e-05,0.00021640835419341726,***
696,7Networks_RH_DorsAttn_Post_13,0.005576003,1.3582387315261524,0.1754931378111529,0.25185170708825666,ns
697,7Networks_RH_DorsAttn_Post_14,-0.011558104,-3.3089045331876954,0.0010605817487051503,0.002777970468689632,**
698,7Networks_RH_DorsAttn_Post_15,-0.0015249833,-0.34697166146298897,0.7288760625127293,0.8005138393806649,ns
699,7Networks_RH_DorsAttn_Post_16,-0.00632255,-1.4211677748823108,0.15639277350110978,0.22700048136869944,ns
700,7Networks_RH_DorsAttn_Post_17,-0.04054521,-9.990697884582964,2.8471153983513105e-20,7.166397783167201e-19,***
701,7Networks_RH_DorsAttn_Post_18,-0.03935929,-9.5770359765021,5.941035417617912e-19,1.11475428199667e-17,***
702,7Networks_RH_DorsAttn_Post_19,-0.028287198,-5.976277456718561,7.003201385051645e-09,3.885647220093171e-08,***
703,7Networks_RH_DorsAttn_Post_20,-0.04199008,-9.558623205395058,6.791698695456458e-19,1.2516130453055474e-17,***
704,7Networks_RH_DorsAttn_Post_21,-0.02227582,-4.821437383731307,2.353788899098737e-06,9.488711499491783e-06,***
705,7Networks_RH_DorsAttn_Post_22,-0.005578903,-1.2716178416591413,0.20457556874253122,0.2856860445768501,ns
706,7Networks_RH_DorsAttn_Post_23,-0.05020151,-13.169225054149651,4.379017857512245e-31,3.0127642859684247e-29,***
707,7Networks_RH_DorsAttn_Post_24,-0.01223944,-2.8611655117640886,0.004542535418202572,0.010394449116596573,*
708,7Networks_RH_DorsAttn_Post_25,-0.024674729,-6.193586206678314,2.1174295106530197e-09,1.2345690706180319e-08,***
709,7Networks_RH_DorsAttn_Post_26,-0.06734585,-15.845239047923425,1.072873570219554e-40,1.5817221778093994e-38,***
710,7Networks_RH_DorsAttn_Post_27,-0.02520792,-5.254770851574491,2.9619248789964743e-07,1.3893719309008545e-06,***
711,7Networks_RH_DorsAttn_Post_28,-0.035338417,-8.879450292941495,8.632245141898191e-17,1.2726395694912762e-15,***
712,7Networks_RH_DorsAttn_Post_29,-0.043600902,-9.647825263393644,3.547561070245206e-19,6.7797833786908384e-18,***
713,7Networks_RH_DorsAttn_Post_30,-0.009263471,-2.775524339011813,0.005886611141549102,0.01317645821622723,*
714,7Networks_RH_DorsAttn_Post_31,-0.024548879,-6.11649371297496,3.2480453376084443e-09,1.8417487848417113e-08,***
715,7Networks_RH_DorsAttn_Post_32,-0.024404299,-5.316163207122445,2.1841738525054918e-07,1.03874074460169e-06,***
716,7Networks_RH_DorsAttn_Post_33,0.022595063,4.693829994200929,4.221133393630836e-06,1.6438527027271783e-05,***
717,7Networks_RH_DorsAttn_Post_34,-0.0010811933,-0.2652300656100136,0.7910295065935177,0.8485888262001146,ns
718,7Networks_RH_DorsAttn_Post_35,-0.0041199243,-1.0518321580227503,0.29379327157211427,0.38789194230163165,ns
719,7Networks_RH_DorsAttn_Post_36,-0.024822794,-6.525935097783458,3.2067478501268187e-10,2.1078750199559726e-09,***
720,7Networks_RH_DorsAttn_Post_37,-0.0070056715,-1.5762481212173471,0.11610998378666632,0.17884403472811886,ns
721,7Networks_RH_DorsAttn_Post_38,0.019899357,4.603773013198651,6.3278353452945985e-06,2.3920608338256503e-05,***
722,7Networks_RH_DorsAttn_Post_39,-0.021191288,-5.322614308499803,2.1150429035445862e-07,1.0105204983601912e-06,***
723,7Networks_RH_DorsAttn_Post_40,-0.0069341497,-1.5997132811384396,0.11080211900901461,0.17195155912376403,ns
724,7Networks_RH_DorsAttn_Post_41,0.013474057,2.4735804273108704,0.013976507139276614,0.028226527138421654,*
725,7Networks_RH_DorsAttn_Post_42,-0.009200214,-2.1281157560335298,0.03421031645974121,0.06140008101991813,ns
726,7Networks_RH_DorsAttn_Post_43,0.0041426816,1.0243659368067324,0.30655620173399817,0.3999570166744451,ns
727,7Networks_RH_DorsAttn_Post_44,-0.01105971,-2.592057747137368,0.010046539370612218,0.021213702545200715,*
728,7Networks_RH_DorsAttn_Post_45,-0.0036829486,-0.8665313883662908,0.38694877902986624,0.4881798777002714,ns
729,7Networks_RH_DorsAttn_Post_46,0.006390663,1.2811309792369492,0.20121916391310093,0.2827134139281902,ns
730,7Networks_RH_DorsAttn_Post_47,0.009089691,1.8099018396308024,0.07139471481083413,0.11751091815754518,ns
731,7Networks_RH_DorsAttn_Post_48,-0.037489697,-7.756175206441641,1.6832530143679948e-13,1.5936854227777714e-12,***
732,7Networks_RH_DorsAttn_Post_49,-0.0107061975,-2.235505524775915,0.026181076471120536,0.048507847249903764,*
733,7Networks_RH_DorsAttn_Post_50,-0.00837751,-1.886256134476467,0.060306447828965895,0.10228986618394144,ns
734,7Networks_RH_DorsAttn_Post_51,-0.024654383,-6.135553425056096,2.923059502915891e-09,1.666628401662541e-08,***
735,7Networks_RH_DorsAttn_Post_52,-0.045285564,-10.616805031891596,2.5744005561828613e-22,8.050852648426402e-21,***
736,7Networks_RH_DorsAttn_FEF_1,-0.018205239,-4.338043503194676,2.015832238361042e-05,6.981002919424816e-05,***
737,7Networks_RH_DorsAttn_FEF_2,-0.009249707,-2.3279206771460697,0.020636617589216665,0.03965919804855046,*
738,7Networks_RH_DorsAttn_FEF_3,-0.033811253,-7.392321820686949,1.714820921402502e-12,1.3718567371220016e-11,***
739,7Networks_RH_DorsAttn_FEF_4,-0.012188255,-3.4132605398498868,0.0007378106817132171,0.0019725922889327462,**
740,7Networks_RH_DorsAttn_FEF_5,-0.019931339,-4.701033918172759,4.085542575114074e-06,1.6031482652158647e-05,***
741,7Networks_RH_DorsAttn_FEF_6,-0.009932247,-2.70357128393159,0.007284095849198623,0.015792409488178526,*
742,7Networks_RH_DorsAttn_PrCv_1,-0.03349843,-8.01369228095992,3.124786870220362e-14,3.1007500481417437e-13,***
743,7Networks_RH_DorsAttn_PrCv_2,-0.027866846,-6.470198997036993,4.4220666113959114e-10,2.852232964350363e-09,***
744,7Networks_RH_DorsAttn_PrCv_3,-0.0026544242,-0.720102233150744,0.4720692326530137,0.5691301963760632,ns
745,7Networks_RH_SalVentAttn_TempOccPar_1,-0.044418544,-9.157064521495055,1.2178973480846486e-17,2.0272097793925118e-16,***
746,7Networks_RH_SalVentAttn_TempOccPar_2,-0.032236483,-6.712195527079408,1.0807251060173496e-10,7.315470470417082e-10,***
747,7Networks_RH_SalVentAttn_TempOccPar_3,-0.03996655,-8.071413535459957,2.1327415918038788e-14,2.2232215381228312e-13,***
748,7Networks_RH_SalVentAttn_TempOccPar_4,-0.0628144,-9.762231321539776,1.5359187720025037e-19,3.3022253598053828e-18,***
749,7Networks_RH_SalVentAttn_TempOccPar_5,-0.024782725,-5.959543538314505,7.669124925766187e-09,4.209860065633354e-08,***
750,7Networks_RH_SalVentAttn_TempOccPar_6,-0.004819921,-1.328888638658332,0.18497830910038732,0.26277269689704896,ns
751,7Networks_RH_SalVentAttn_TempOccPar_7,-0.02411928,-6.527286719284622,3.1817798483554e-10,2.1048697458351108e-09,***
752,7Networks_RH_SalVentAttn_TempOccPar_8,0.013621713,3.1493131387965825,0.0018155935175153209,0.004504068533836085,**
753,7Networks_RH_SalVentAttn_TempOccPar_9,0.008347674,2.187346234403207,0.02955328971439376,0.053695413706433735,ns
754,7Networks_RH_SalVentAttn_TempOccPar_10,-0.004106454,-0.9546626562709679,0.3405806854776624,0.4382534506395855,ns
755,7Networks_RH_SalVentAttn_TempOccPar_11,-0.012614957,-3.4892838519577354,0.0005632373782132239,0.0015528846100317688,**
756,7Networks_RH_SalVentAttn_TempOccPar_12,0.0023545013,0.5227036291639942,0.6015983251283323,0.6852643173647229,ns
757,7Networks_RH_SalVentAttn_TempOccPar_13,0.027277801,5.403422232452065,1.4101760940977372e-07,6.832402484079177e-07,***
758,7Networks_RH_SalVentAttn_TempOccPar_14,0.011550351,2.5321826403345304,0.011888290181894986,0.024537430935431252,*
759,7Networks_RH_SalVentAttn_TempOccPar_15,-0.025401128,-6.3596121830190695,8.318748006567722e-10,5.1406873908849634e-09,***
760,7Networks_RH_SalVentAttn_TempOccPar_16,-0.011954993,-2.7250640237884363,0.006838172570904056,0.015045093554466886,*
761,7Networks_RH_SalVentAttn_TempOccPar_17,-8.644506e-05,-0.02275838116060943,0.9818593918427365,0.9904974510085084,ns
762,7Networks_RH_SalVentAttn_TempOccPar_18,-0.010067388,-2.2068626989311895,0.028143921529839078,0.05177277543457028,ns
763,7Networks_RH_SalVentAttn_PrC_1,-0.0030403105,-0.7358960248502507,0.4624166617821227,0.5587985889451412,ns
764,7Networks_RH_SalVentAttn_PrC_2,-0.00218243,-0.7311851226265192,0.4652841455369412,0.5616061265428343,ns
765,7Networks_RH_SalVentAttn_FrOperIns_1,-0.009122883,-3.7747536767742504,0.0001959591586816969,0.0005878774760450907,***
766,7Networks_RH_SalVentAttn_FrOperIns_2,-0.0013632317,-0.5542465135607146,0.579857327451129,0.6663839219705624,ns
767,7Networks_RH_SalVentAttn_FrOperIns_3,-0.02786997,-10.659718123495724,1.8565459042922762e-22,5.987360541342591e-21,***
768,7Networks_RH_SalVentAttn_FrOperIns_4,0.0011327601,0.400497067321129,0.6890991542216809,0.7648824342197545,ns
769,7Networks_RH_SalVentAttn_FrOperIns_5,-0.024490781,-7.5625299994280315,5.840098087707859e-13,4.980976220259926e-12,***
770,7Networks_RH_SalVentAttn_FrOperIns_6,-0.0022662936,-0.6978208839381874,0.48587455121125733,0.5816273470285084,ns
771,7Networks_RH_SalVentAttn_FrOperIns_7,-0.014618466,-4.569449110770508,7.371714041654743e-06,2.7664032330864346e-05,***
772,7Networks_RH_SalVentAttn_FrOperIns_8,-0.013024787,-3.7988736498869393,0.00017869545951935335,0.0005407818565063234,***
773,7Networks_RH_SalVentAttn_FrOperIns_9,-0.0100159915,-3.4376168047701006,0.0006770224686986918,0.0018242485318460836,**
774,7Networks_RH_SalVentAttn_FrOperIns_10,-0.0046923812,-1.6470467518491372,0.1006823713226128,0.1579091294907848,ns
775,7Networks_RH_SalVentAttn_FrOperIns_11,-0.020025812,-6.830988437071503,5.3424989907328545e-11,3.750652352677759e-10,***
776,7Networks_RH_SalVentAttn_FrOperIns_12,-0.0045122164,-1.1177737173870466,0.26463215097113935,0.3579297245114231,ns
777,7Networks_RH_SalVentAttn_FrOperIns_13,-0.025331007,-6.992400817449399,2.02413292652692e-11,1.4506285973442928e-10,***
778,7Networks_RH_SalVentAttn_FrOperIns_14,-0.00073330983,-0.28916324081132566,0.7726727580712236,0.8355336865282694,ns
779,7Networks_RH_SalVentAttn_FrOperIns_15,-0.02266883,-6.419774529321485,5.90429887938349e-10,3.7153880753193667e-09,***
780,7Networks_RH_SalVentAttn_FrOperIns_16,-0.008917448,-2.5574796227631964,0.011076272255349583,0.023045792273227356,*
781,7Networks_RH_SalVentAttn_FrOperIns_17,-0.009709907,-2.7098402306274814,0.007151394123590432,0.015570123914652588,*
782,7Networks_RH_SalVentAttn_FrOperIns_18,-0.003327105,-0.9905769900336594,0.3227566723789871,0.4179233198182116,ns
783,7Networks_RH_SalVentAttn_FrOperIns_19,-0.0071504605,-2.0164371313615916,0.04471927742324133,0.07808848443449248,ns
784,7Networks_RH_SalVentAttn_FrOperIns_20,-0.028196134,-9.53215403359217,8.230539709553472e-19,1.4901608737296812e-17,***
785,7Networks_RH_SalVentAttn_FrOperIns_21,-0.018449606,-4.298322766989634,2.385871071198767e-05,8.153042865818302e-05,***
786,7Networks_RH_SalVentAttn_FrOperIns_22,-0.0023184703,-0.6303200649306719,0.5290048372060289,0.6225005609995687,ns
787,7Networks_RH_SalVentAttn_FrOperIns_23,-0.033057425,-7.5539804257569205,6.167049743109101e-13,5.2167174876136006e-12,***
788,7Networks_RH_SalVentAttn_FrOperIns_24,-0.012041757,-3.208121674001448,0.0014929622145481373,0.003739652925761354,**
789,7Networks_RH_SalVentAttn_PFCl_1,-0.020120036,-4.3091658507372985,2.278868701005842e-05,7.813264117734314e-05,***
790,7Networks_RH_SalVentAttn_PFCl_2,-0.026189065,-5.445202178025277,1.1414905953164807e-07,5.663549492147154e-07,***
791,7Networks_RH_SalVentAttn_Med_1,-0.025460886,-6.711594511617362,1.084561029044393e-10,7.315470470417082e-10,***
792,7Networks_RH_SalVentAttn_Med_2,-0.007291471,-2.0727014337507566,0.03912484362724318,0.06937601138026626,ns
793,7Networks_RH_SalVentAttn_Med_3,-0.0016924974,-0.6387093743327159,0.5235397609923333,0.6174777523932434,ns
794,7Networks_RH_SalVentAttn_Med_4,-0.022148179,-5.811381952941199,1.700270578336246e-08,9.186802287136156e-08,***
795,7Networks_RH_SalVentAttn_Med_5,-0.017208515,-4.312085240716168,2.2508534538268248e-05,7.742935881164277e-05,***
796,7Networks_RH_SalVentAttn_Med_6,0.0030389195,1.0611932058405107,0.28952646794805087,0.3840505333192654,ns
797,7Networks_RH_SalVentAttn_Med_7,-0.00018644262,-0.08050232080171249,0.935895881670299,0.9560233357192551,ns
798,7Networks_RH_SalVentAttn_Med_8,-0.006388634,-1.9603879593516393,0.05095262495462568,0.08763851492195616,ns
799,7Networks_RH_SalVentAttn_Med_9,-8.9974914e-05,-0.03246982107140166,0.9741207662557199,0.9870327983210457,ns
800,7Networks_RH_SalVentAttn_Med_10,0.0018358799,0.5966982856638978,0.5511961954536908,0.6440005503282036,ns
801,7Networks_RH_SalVentAttn_Med_11,-0.017714906,-4.946985675139913,1.3094133972809895e-06,5.60711463068042e-06,***
802,7Networks_RH_SalVentAttn_Med_12,-0.006644157,-2.2486844112497266,0.025318646856215436,0.0471090593232177,*
803,7Networks_RH_SalVentAttn_Med_13,-0.001938838,-0.5131934152084583,0.608225080571434,0.6897673441205713,ns
804,7Networks_RH_SalVentAttn_Med_14,-0.0073346957,-2.3768852758678247,0.018139019515435527,0.035656129790341835,*
805,7Networks_RH_SalVentAttn_Med_15,-0.02320223,-6.180525404315415,2.2772226809787475e-09,1.3202774195337458e-08,***
806,7Networks_RH_SalVentAttn_Med_16,-0.00031238276,-0.07634785048590147,0.9391974712036762,0.9577586860495987,ns
807,7Networks_RH_SalVentAttn_Med_17,-0.009137851,-2.6137633159032316,0.009444784266863245,0.020180160172676747,*
808,7Networks_RH_SalVentAttn_Med_18,-0.012531474,-4.081265283322532,5.863905308830596e-05,0.00019211270726073572,***
809,7Networks_RH_SalVentAttn_Med_19,-0.013983054,-3.2160401128011045,0.0014538273197331766,0.003650486116702283,**
810,7Networks_RH_SalVentAttn_Med_20,-0.0071362364,-1.774680432199958,0.07704890241811208,0.12541714084462408,ns
811,7Networks_RH_Limbic_OFC_1,0.0005531929,0.24004545073386357,0.8104725660291745,0.8640575290724257,ns
812,7Networks_RH_Limbic_OFC_2,-0.015775036,-5.781438895974779,1.993543298950964e-08,1.0604828270708221e-07,***
813,7Networks_RH_Limbic_OFC_3,-0.001009442,-0.4002463303463112,0.6892835889771044,0.7648824342197545,ns
814,7Networks_RH_Limbic_OFC_4,-0.0025460008,-1.0749706395256098,0.2833233243786039,0.37727699452737967,ns
815,7Networks_RH_Limbic_OFC_5,-0.0023787834,-0.7667795534671328,0.44386560007811704,0.5409135475341186,ns
816,7Networks_RH_Limbic_OFC_6,0.003306048,0.8732914297145836,0.3832606711826183,0.48590296395634164,ns
817,7Networks_RH_Limbic_OFC_7,0.00570859,1.5107655630563437,0.13198809236221984,0.19827032215110754,ns
818,7Networks_RH_Limbic_OFC_8,-0.022326399,-9.795915565874097,1.1993404126930968e-19,2.6334453317005872e-18,***
819,7Networks_RH_Limbic_OFC_9,-0.0024480184,-0.7552810928778559,0.4507220609262277,0.5478741659315276,ns
820,7Networks_RH_Limbic_OFC_10,-0.003943252,-0.933331373401488,0.35146173713710227,0.4511299909521014,ns
821,7Networks_RH_Limbic_OFC_11,-0.00021942526,-0.0688292978447546,0.9451751563043334,0.9629030220198145,ns
822,7Networks_RH_Limbic_OFC_12,-0.0006878079,-0.2707153773672232,0.7868115565164929,0.8453550775402973,ns
823,7Networks_RH_Limbic_OFC_13,-0.0052484307,-1.4669219618018605,0.14353168326556562,0.21282284070411456,ns
824,7Networks_RH_Limbic_OFC_14,-0.005665543,-1.4351714760331618,0.1523663832793864,0.22367298370459,ns
825,7Networks_RH_Limbic_TempPole_1,-0.0037320035,-1.0263210728128698,0.3056356645046128,0.3997668007208624,ns
826,7Networks_RH_Limbic_TempPole_2,-0.025570378,-6.618124325382432,1.8767912322885524e-10,1.2495797107882492e-09,***
827,7Networks_RH_Limbic_TempPole_3,-0.0043628663,-1.1089039713062463,0.2684334449551025,0.3625959622953741,ns
828,7Networks_RH_Limbic_TempPole_4,0.006897648,2.1303550027221183,0.03402340906599627,0.06131266992630445,ns
829,7Networks_RH_Limbic_TempPole_5,-0.0010248417,-0.329977465495903,0.7416663986181371,0.8108047917096584,ns
830,7Networks_RH_Limbic_TempPole_6,-0.00012538038,-0.04690936999451796,0.9626192619144762,0.9787419490598419,ns
831,7Networks_RH_Limbic_TempPole_7,-0.0069950563,-2.0538428366884105,0.04092944789387956,0.07245144121180738,ns
832,7Networks_RH_Limbic_TempPole_8,-0.0012330507,-0.3972683334765712,0.6914755330727329,0.7664906016445331,ns
833,7Networks_RH_Limbic_TempPole_9,0.0025016048,0.8585337862395958,0.39134007121715775,0.4913174616740959,ns
834,7Networks_RH_Limbic_TempPole_10,-0.008506312,-2.3719212055918346,0.018379496764681223,0.03606015334819586,*
835,7Networks_RH_Limbic_TempPole_11,0.0049645365,1.9201336362123531,0.055867804366069425,0.09545624851950935,ns
836,7Networks_RH_Limbic_TempPole_12,0.0017413103,0.6822663174070034,0.49564068524699134,0.5915886797580939,ns
837,7Networks_RH_Limbic_TempPole_13,-0.027576495,-7.16750008550879,6.9445924331209085e-12,5.269720140427042e-11,***
838,7Networks_RH_Limbic_TempPole_14,-0.013328332,-4.607133202333672,6.233651374286245e-06,2.3651206684791926e-05,***
839,7Networks_RH_Limbic_TempPole_15,0.0036121286,1.1710587768041731,0.24258154479484476,0.3298341952941763,ns
840,7Networks_RH_Limbic_TempPole_16,-0.0002615416,-0.11027927571986332,0.9122677480518109,0.940249303025186,ns
841,7Networks_RH_Limbic_TempPole_17,-0.021527102,-8.550391952007248,8.432810795533532e-16,1.0360310405941196e-14,***
842,7Networks_RH_Cont_Par_1,0.0066660885,1.43088094769399,0.1535914912670317,0.22419578357507314,ns
843,7Networks_RH_Cont_Par_2,-0.0058734096,-1.2398811896260258,0.2160686688806221,0.29970815360860487,ns
844,7Networks_RH_Cont_Par_3,-0.0013107117,-0.3050788194375494,0.7605352299826074,0.8270520098440999,ns
845,7Networks_RH_Cont_Par_4,0.00073415204,0.17402513992082794,0.8619728185294973,0.9003602719862764,ns
846,7Networks_RH_Cont_Par_5,-0.02380335,-5.278195100883416,2.6377707663803956e-07,1.2487061609653983e-06,***
847,7Networks_RH_Cont_Par_6,-0.0663986,-15.748654470249559,2.4016560164971767e-40,3.098136261281358e-38,***
848,7Networks_RH_Cont_Par_7,-0.027799275,-6.175746806322917,2.3385893864275424e-09,1.3482817021191195e-08,***
849,7Networks_RH_Cont_Par_8,-0.035757333,-7.739998874938996,1.8689761655855287e-13,1.7221280382895228e-12,***
850,7Networks_RH_Cont_Par_9,-0.020589206,-5.66040378660505,3.769596838193735e-08,1.9451119685079672e-07,***
851,7Networks_RH_Cont_Par_10,-0.02356566,-5.77375681959694,2.0764119502980388e-08,1.0989010936961928e-07,***
852,7Networks_RH_Cont_Par_11,-0.037704688,-8.546264056508209,8.674787680809777e-16,1.0532212807759636e-14,***
853,7Networks_RH_Cont_Par_12,-0.0078629535,-2.1362545254099703,0.033535179508507894,0.06082303207869973,ns
854,7Networks_RH_Cont_Par_13,-0.009498112,-2.034277335564936,0.042876168893353286,0.07538024922988176,ns
855,7Networks_RH_Cont_Par_14,-0.0029299688,-0.6816695824937429,0.49601744026714156,0.5915886797580939,ns
856,7Networks_RH_Cont_Par_15,-0.0332324,-7.6342854529926845,3.691558863259997e-13,3.201419115028838e-12,***
857,7Networks_RH_Cont_Par_16,-0.033822786,-9.261194899003852,5.795818989925556e-18,1.0137771521361313e-16,***
858,7Networks_RH_Cont_Par_17,-0.012330681,-2.9854481472865766,0.003084612332322623,0.007301192493020521,**
859,7Networks_RH_Cont_Temp_1,-0.0019567655,-0.5599319403196196,0.5759783787460435,0.6634036683771394,ns
860,7Networks_RH_Cont_Temp_2,-0.0007388981,-0.20365916919668497,0.8387693872360773,0.8841777401712275,ns
861,7Networks_RH_Cont_Temp_3,0.008143705,1.993151959956306,0.047225625054149754,0.08204856070013897,ns
862,7Networks_RH_Cont_Temp_4,-0.0007200593,-0.1781563148190536,0.8587304366613633,0.8987929113940435,ns
863,7Networks_RH_Cont_PFCv_1,0.0051937094,1.5096391764267119,0.13227532422332391,0.19841298633498589,ns
864,7Networks_RH_Cont_PFCv_2,-0.0038584422,-1.4464723414556515,0.1491753516283175,0.21961335646280122,ns
865,7Networks_RH_Cont_PFCl_1,-0.0009242083,-0.2214562531774493,0.8249003611926653,0.8731253053854673,ns
866,7Networks_RH_Cont_PFCl_2,0.008368165,2.2906752668189516,0.022733513864027617,0.042890285754436014,*
867,7Networks_RH_Cont_PFCl_3,0.009883069,2.594639550506077,0.009973207038174343,0.02113418822052551,*
868,7Networks_RH_Cont_PFCl_4,0.0025287021,0.6112988569945951,0.5415030793208,0.6343146173201653,ns
869,7Networks_RH_Cont_PFCl_5,-0.0057970528,-1.3677539315397333,0.1724977334228775,0.24852813229554743,ns
870,7Networks_RH_Cont_PFCl_6,-0.0038779965,-0.8681172477793864,0.3860816256208629,0.4880905365703136,ns
871,7Networks_RH_Cont_PFCl_7,-0.0011774097,-0.2636530584382476,0.7922432974650886,0.8490083935451417,ns
872,7Networks_RH_Cont_PFCl_8,-0.01490566,-3.6954222303599056,0.00026452329349271176,0.0007777437005255798,***
873,7Networks_RH_Cont_PFCl_9,-0.016716905,-3.666436045592687,0.00029479648385457994,0.0008545785711739508,***
874,7Networks_RH_Cont_PFCl_10,-0.009180074,-2.560944548023269,0.01096899645796458,0.022914988551861224,*
875,7Networks_RH_Cont_PFCl_11,-0.008904552,-2.0298096226699713,0.043331570155892854,0.07605132721238338,ns
876,7Networks_RH_Cont_PFCl_12,0.0058751456,1.5130162579775963,0.13141561429883536,0.19769812530087186,ns
877,7Networks_RH_Cont_PFCl_13,0.0023182712,0.5822861631756958,0.560847582800478,0.6525306713078842,ns
878,7Networks_RH_Cont_PFCl_14,-0.043713976,-9.041060712179451,2.7712071231268024e-17,4.3331602288891817e-16,***
879,7Networks_RH_Cont_PFCl_15,-0.010350386,-2.3802494804929055,0.017977624439222618,0.03540631378106439,*
880,7Networks_RH_Cont_PFCl_16,0.0039391206,1.0983000468744055,0.27302722806426916,0.36592740176925426,ns
881,7Networks_RH_Cont_PFCl_17,-0.0054827277,-1.2076134499715,0.22822607018589863,0.3132038622763928,ns
882,7Networks_RH_Cont_PFCl_18,-0.022584567,-5.373038040085556,1.6432419894082473e-07,7.924419313407997e-07,***
883,7Networks_RH_Cont_PFCl_19,-0.041274317,-8.539766741670302,9.069662474211081e-16,1.0883594969053297e-14,***
884,7Networks_RH_Cont_PFCl_20,-0.002330264,-0.5847107607456762,0.5592181587015777,0.6513692322573681,ns
885,7Networks_RH_Cont_PFCl_21,0.0027436598,0.6639663241736649,0.5072641320275986,0.6024126401064231,ns
886,7Networks_RH_Cont_PFCl_22,-0.029840227,-6.804671454602946,6.249437202634888e-11,4.3577156710264894e-10,***
887,7Networks_RH_Cont_PFCl_23,0.00070648076,0.17557764259991362,0.8607540484568015,0.8999981540095432,ns
888,7Networks_RH_Cont_PFCl_24,-0.03170203,-6.420550324424418,5.878168113932408e-10,3.7153880753193667e-09,***
889,7Networks_RH_Cont_PFCl_25,0.0052756285,1.1944721087683356,0.2333151397473434,0.31849368282970686,ns
890,7Networks_RH_Cont_PFCl_26,0.025207521,6.33760678704439,9.424783926804115e-10,5.755252670095767e-09,***
891,7Networks_RH_Cont_PFCl_27,-0.014951144,-2.9379548326662563,0.0035817809827876934,0.008362891344427375,**
892,7Networks_RH_Cont_PFCl_28,-0.010870913,-2.472850660083417,0.014004445270527601,0.028227709998407197,*
893,7Networks_RH_Cont_PFCl_29,-0.0144181065,-3.258351301358398,0.0012603470973314036,0.00321155112208891,**
894,7Networks_RH_Cont_PFCl_30,-0.037422772,-8.259855866276515,6.060803544118211e-15,6.653988571840419e-14,***
895,7Networks_RH_Cont_PFCl_31,-0.040505104,-8.490837001299147,1.2674003044797667e-15,1.5033989818656543e-14,***
896,7Networks_RH_Cont_PFCl_32,-0.007433811,-1.9675596633765673,0.050116310969651655,0.0864390827792871,ns
897,7Networks_RH_Cont_PFCl_33,-0.01929136,-4.376534138286287,1.7101062075887082e-05,5.9824732414628703e-05,***
898,7Networks_RH_Cont_PFCl_34,-0.016346777,-3.5289125144275797,0.0004883794295244464,0.0013695857914924692,**
899,7Networks_RH_Cont_pCun_1,0.0097820815,1.877471702146464,0.06150421729058236,0.10380854581147286,ns
900,7Networks_RH_Cont_pCun_3,0.0025744282,0.5456977840326648,0.585712871029202,0.6723644971102741,ns
901,7Networks_RH_Cont_pCun_5,0.021631869,4.380121920649795,1.6839901620875503e-05,5.9498378008578654e-05,***
902,7Networks_RH_Cont_Cing_1,0.00054252654,0.25135371620649305,0.8017270142059161,0.8558889823396948,ns
903,7Networks_RH_Cont_Cing_2,-0.004924987,-1.7834715308542461,0.07560436461105002,0.123650878413001,ns
904,7Networks_RH_Cont_Cing_3,0.0027852256,0.8675255870908845,0.3864050081181649,0.4880905365703136,ns
905,7Networks_RH_Cont_Cing_4,-0.0062823524,-2.337998724874401,0.020099213600952456,0.038843424037795754,*
906,7Networks_RH_Cont_Cing_5,-0.0057232957,-1.7193574742175413,0.08666638971035288,0.13847316947130955,ns
907,7Networks_RH_Cont_PFCmp_1,-0.022000756,-5.585959611986651,5.550275182498839e-08,2.8077862687935307e-07,***
908,7Networks_RH_Cont_PFCmp_2,-0.013415656,-3.9206459343675997,0.00011138224074595313,0.0003483226437873443,***
909,7Networks_RH_Cont_PFCmp_3,-0.030893374,-7.358141527386978,2.124926786923762e-12,1.6739881252712386e-11,***
910,7Networks_RH_Cont_PFCmp_4,-0.028116984,-6.232193331655223,1.706610155761786e-09,1.0121963682449214e-08,***
911,7Networks_RH_Cont_PFCmp_5,-0.03383687,-8.038193565609559,2.6576246177402545e-14,2.707065183536155e-13,***
912,7Networks_RH_Default_Par_1,-0.050215397,-9.981693373117137,3.043687399678346e-20,7.359241420729616e-19,***
913,7Networks_RH_Default_Par_2,-0.019722914,-3.7054340797250602,0.00025476597057478374,0.0007511956618090767,***
914,7Networks_RH_Default_Par_3,-0.0060767666,-1.1041624528675176,0.27048090437589967,0.36393258580955473,ns
915,7Networks_RH_Default_Par_4,-0.0148915,-3.0637581133045093,0.0024010894193306864,0.0058579770230479155,**
916,7Networks_RH_Default_Par_5,0.010381464,1.9705986402707258,0.04976543264635986,0.08602667753943613,ns
917,7Networks_RH_Default_Par_6,0.019901883,3.666716097325412,0.0002944889838664182,0.0008545785711739508,***
918,7Networks_RH_Default_Par_7,0.019944439,4.891946950153772,1.6957097492105946e-06,7.144287276837987e-06,***
919,7Networks_RH_Default_Par_8,0.01529681,3.606705072876934,0.00036775839398522377,0.0010455279961232807,**
920,7Networks_RH_Default_Par_9,-0.0055914177,-1.2092502406773895,0.22759782279826246,0.3127575940450158,ns
921,7Networks_RH_Default_Par_10,0.018906705,4.119377481181651,5.020806732829886e-05,0.00016607283808591162,***
922,7Networks_RH_Default_Par_11,0.016248552,4.007856348054756,7.881918081798888e-05,0.0002533999831905437,***
923,7Networks_RH_Default_Par_12,0.016534021,3.520734896174899,0.0005030178654582145,0.0013992302888217718,**
924,7Networks_RH_Default_Par_13,0.006021429,1.3284825751033364,0.185112161476894,0.26277269689704896,ns
925,7Networks_RH_Default_Par_14,0.015802681,3.4518628879196496,0.0006436708794543057,0.0017480745989390618,**
926,7Networks_RH_Default_Par_15,0.010124685,2.4321578479331,0.015642893884872812,0.031164993222372088,*
927,7Networks_RH_Default_Par_16,0.012828812,2.788702544228511,0.005658712976241273,0.012722857933509791,*
928,7Networks_RH_Default_Temp_1,-0.061717153,-12.181931611137449,1.2624221259791052e-27,6.203903019097317e-26,***
929,7Networks_RH_Default_Temp_2,-0.007496107,-2.1947974311900955,0.029008162504888257,0.05290262667422719,ns
930,7Networks_RH_Default_Temp_3,0.008170116,2.017198672225447,0.04463924980895876,0.07808085729295837,ns
931,7Networks_RH_Default_Temp_4,-0.07598096,-12.932131017010258,3.00819478496038e-30,1.6339247463574274e-28,***
932,7Networks_RH_Default_Temp_5,-0.029493818,-7.502258185121894,8.567192381785707e-13,7.130114950002298e-12,***
933,7Networks_RH_Default_Temp_6,-0.034758702,-6.056394726647632,4.5219018022406354e-09,2.5500560983127517e-08,***
934,7Networks_RH_Default_Temp_7,0.005947435,1.591028232125382,0.11274378798229175,0.17444016371473026,ns
935,7Networks_RH_Default_Temp_8,-0.027624313,-5.577708872614633,5.7920832505479517e-08,2.9158194705197494e-07,***
936,7Networks_RH_Default_Temp_9,-0.08095949,-13.141401003431843,5.492512018470247e-31,3.5426702519133096e-29,***
937,7Networks_RH_Default_Temp_10,0.0021745672,0.6173476095916571,0.5375126117790627,0.6303556992681736,ns
938,7Networks_RH_Default_Temp_11,-0.05128446,-9.817409666740831,1.0240081842874404e-19,2.401764650419633e-18,***
939,7Networks_RH_Default_Temp_12,-0.002361477,-0.5000665827370246,0.6174252192186854,0.6994323010248994,ns
940,7Networks_RH_Default_Temp_13,-0.039835446,-7.74729082276186,1.7828758467094e-13,1.6726617034582735e-12,***
941,7Networks_RH_Default_Temp_14,-0.029510356,-5.9732766526957315,7.118306940781753e-09,3.9283918518111065e-08,***
942,7Networks_RH_Default_Temp_15,-0.027455894,-4.8058445386403115,2.529566521955074e-06,1.0118266087820296e-05,***
943,7Networks_RH_Default_Temp_16,-0.08662487,-13.100512957222357,7.660903747071476e-31,4.6506192158692717e-29,***
944,7Networks_RH_Default_Temp_17,-0.05931708,-10.378899030193697,1.5612471570953791e-21,4.47557518367342e-20,***
945,7Networks_RH_Default_Temp_18,-0.048033077,-8.246014304298866,6.651426140532533e-15,7.2255492389785e-14,***
946,7Networks_RH_Default_PFCv_1,-0.00034274848,-0.11482670238964834,0.908665673422311,0.9386816566284534,ns
947,7Networks_RH_Default_PFCv_2,-0.0052841776,-1.7243902778765774,0.08575299333500712,0.13756789936572256,ns
948,7Networks_RH_Default_PFCv_3,0.0007398174,0.19842885909134578,0.8428550941681457,0.8861398179446129,ns
949,7Networks_RH_Default_PFCv_4,0.005149556,1.423554229432764,0.15570093494473058,0.22656138620948674,ns
950,7Networks_RH_Default_PFCv_5,-0.0079280315,-2.1076630512192214,0.03595869008681214,0.06409217300447345,ns
951,7Networks_RH_Default_PFCv_6,-0.008280854,-1.8326192543360376,0.06793255750095038,0.11277721828915256,ns
952,7Networks_RH_Default_PFCv_7,-0.021833252,-6.519163610978482,3.334759522814357e-10,2.1781467262939344e-09,***
953,7Networks_RH_Default_PFCv_8,-0.025546236,-5.41412550018974,1.3359989166531728e-07,6.503541896160728e-07,***
954,7Networks_RH_Default_PFCv_9,-0.014471637,-3.2942132701496964,0.0011153689189314195,0.002906719000851578,**
955,7Networks_RH_Default_PFCv_10,-0.011331914,-2.5391432608686433,0.011659726050939637,0.024113902373887185,*
956,7Networks_RH_Default_PFCdPFCm_1,0.0027256256,0.6434518955396985,0.5204632588878801,0.6145515825769935,ns
957,7Networks_RH_Default_PFCdPFCm_2,0.0055449377,1.5897458864909428,0.11303274590885293,0.17462543978732967,ns
958,7Networks_RH_Default_PFCdPFCm_3,-0.0050309785,-1.3546312773547542,0.17663891435935403,0.25248110750533703,ns
959,7Networks_RH_Default_PFCdPFCm_4,-0.005184029,-1.317002471165448,0.1889262619298884,0.26781854713138026,ns
960,7Networks_RH_Default_PFCdPFCm_5,-0.018537363,-4.930963009873242,1.4120874004077085e-06,6.02179420339155e-06,***
961,7Networks_RH_Default_PFCdPFCm_6,-0.009564243,-2.129409736274891,0.03410220207141352,0.06131266992630445,ns
962,7Networks_RH_Default_PFCdPFCm_7,-0.00741172,-1.8605723388282505,0.06386417869666057,0.10699323443985992,ns
963,7Networks_RH_Default_PFCdPFCm_8,0.0030918766,0.6658852799376519,0.5060385659394745,0.6016495392275779,ns
964,7Networks_RH_Default_PFCdPFCm_9,-0.008196961,-2.6230123695474106,0.009198340005970264,0.019694371133114754,*
965,7Networks_RH_Default_PFCdPFCm_10,-0.0024937568,-0.5628694436767357,0.5739790699158992,0.6629586717899307,ns
966,7Networks_RH_Default_PFCdPFCm_11,-0.002009773,-0.45742998935918494,0.6477205776275449,0.7265735175126372,ns
967,7Networks_RH_Default_PFCdPFCm_12,-0.012620268,-4.328230170787978,2.1017765721788347e-05,7.254292382904874e-05,***
968,7Networks_RH_Default_PFCdPFCm_13,-0.01661374,-3.40795104916279,0.0007517218267084316,0.002004591537889151,**
969,7Networks_RH_Default_PFCdPFCm_14,-0.024144324,-4.775546584484249,2.908024377067545e-06,1.1542619835129641e-05,***
970,7Networks_RH_Default_PFCdPFCm_15,-0.00701848,-1.4977025343344008,0.1353491952786462,0.2021423582164441,ns
971,7Networks_RH_Default_PFCdPFCm_16,-0.0056348518,-1.4953049604060926,0.1359732471319502,0.20278091190776387,ns
972,7Networks_RH_Default_PFCdPFCm_17,0.0012758794,0.3455730505622872,0.7299258942414784,0.8005138393806649,ns
973,7Networks_RH_Default_PFCdPFCm_18,-0.010646995,-2.3646434191619665,0.018737130314699063,0.036499587967580925,*
974,7Networks_RH_Default_PFCdPFCm_19,-0.005028456,-1.2739241699051251,0.2037581193899002,0.2856860445768501,ns
975,7Networks_RH_Default_PFCdPFCm_20,-0.019640835,-4.270771052082239,2.6798095641857325e-05,9.067421213900576e-05,***
976,7Networks_RH_Default_PFCdPFCm_21,-0.010985317,-2.2579141021144076,0.024729469835746736,0.046233356649439554,*
977,7Networks_RH_Default_PFCdPFCm_22,-0.016771793,-3.488770086828113,0.0005642749309708462,0.0015528846100317688,**
978,7Networks_RH_Default_PFCdPFCm_23,-0.010427045,-2.3594590871985752,0.018995609742152697,0.03684862641710824,*
979,7Networks_RH_Default_PFCdPFCm_24,-0.008618433,-1.8251154974187551,0.06906045188088622,0.11403261814571933,ns
980,7Networks_RH_Default_pCunPCC_1,0.0029200518,0.7940393552189763,0.42785223005539286,0.5275310650145346,ns
981,7Networks_RH_Default_pCunPCC_2,0.012212038,2.479299664763072,0.013759261511454042,0.02789697029434297,*
982,7Networks_RH_Default_pCunPCC_3,0.008689052,2.6829214005477167,0.007737071406150014,0.016669431505525707,*
983,7Networks_RH_Default_pCunPCC_4,0.018525638,3.483008273566686,0.0005760341884950803,0.0015768362931748619,**
984,7Networks_RH_Default_pCunPCC_5,0.003130235,1.1995688527174235,0.23133187102264335,0.3170444766206746,ns
985,7Networks_RH_Default_pCunPCC_6,0.0119529525,2.8967314425597763,0.004071613047577202,0.009400234150111124,**
986,7Networks_RH_Default_pCunPCC_7,0.010042886,2.397991314132437,0.01714722497267577,0.033965328544724366,*
987,7Networks_RH_Default_pCunPCC_8,0.017071147,4.724623821175568,3.670286256523298e-06,1.4457005407374212e-05,***
988,7Networks_RH_Default_pCunPCC_9,0.015213788,3.429518015346837,0.000696695785889464,0.0018675066260725372,**
989,7Networks_RH_Default_pCunPCC_10,0.01759792,3.9823855854151455,8.725010088769976e-05,0.00027876812419847105,***
990,7Networks_RH_Default_pCunPCC_11,0.0067479922,2.498961849930289,0.013035088006744706,0.026608777460509565,*
991,7Networks_RH_Default_pCunPCC_12,-0.008825288,-2.28781312968375,0.022902095420528606,0.043129493565667004,*
992,7Networks_RH_Default_pCunPCC_13,0.015204239,4.378968038957091,1.692347480347268e-05,5.9498378008578654e-05,***
993,7Networks_RH_Default_pCunPCC_14,0.0022612363,0.681016359796545,0.49643003553343934,0.5915886797580939,ns
994,7Networks_RH_Default_pCunPCC_15,0.0121680405,2.5673083287293386,0.010774386168164212,0.022579445947372434,*
995,7Networks_RH_Default_pCunPCC_16,0.007189009,1.6219684281754692,0.1059477205545964,0.16516321391592673,ns
996,7Networks_RH_Default_pCunPCC_17,0.016498642,3.1525128196647008,0.0017965014197200149,0.004467444494339892,**
997,7Networks_RH_Default_pCunPCC_18,0.022192027,4.537843242312433,8.47788051907815e-06,3.16999010713357e-05,***
998,7Networks_RH_Cont_pCun_2,-0.0062701926,-1.6474016535891933,0.1006093901893671,0.1579091294907848,ns
999,7Networks_RH_Cont_pCun_4,0.016579814,4.486102566650951,1.0640812341574724e-05,3.876347297353148e-05,***
1000,aHIP-rh,-0.0021772424,-0.6970113488745806,0.4863802330286848,0.5816273470285084,ns
1001,pHIP-rh,0.0025218222,0.873993198422592,0.3828790480585189,0.48590296395634164,ns
1002,lAMY-rh,-0.010277893,-3.5003727828298388,0.0005412739066205578,0.0015015985796570314,**
1003,mAMY-rh,-0.009030013,-3.1828653151652286,0.001624400117785559,0.004049229279117625,**
1004,THA-DP-rh,0.0019475574,0.745859527819436,0.4563847452192441,0.5541047730191293,ns
1005,THA-VP-rh,0.0037739235,1.4771681825336735,0.14076657026767747,0.20932435232888064,ns
1006,THA-VA-rh,0.0032302004,1.0430708729227456,0.29782493380933917,0.3920348618510689,ns
1007,THA-DA-rh,0.008374083,2.723139089655249,0.006877080591555245,0.015045093554466886,*
1008,NAc-shell-rh,0.0017972615,0.6977853558088113,0.4858967381076381,0.5816273470285084,ns
1009,NAc-core-rh,0.0016567011,0.5706147942682798,0.5687233738573061,0.6587233690468461,ns
1010,pGP-rh,-0.00037410215,-0.16926228789023656,0.8657138773597457,0.9033536111579955,ns
1011,aGP-rh,0.0031141571,1.5314361482792178,0.12680286825458864,0.19215941268536782,ns
1012,aPUT-rh,-0.00033972875,-0.10156527266265704,0.9191752244409197,0.9443321502371516,ns
1013,pPUT-rh,0.0053080744,1.8395652443206687,0.06690211904331513,0.11135965621403422,ns
1014,aCAU-rh,0.0006038039,0.20223885532896674,0.8398784518398907,0.8844434309171094,ns
1015,pCAU-rh,-0.0015242588,-0.47694245339404484,0.6337791497274728,0.7140393913960175,ns
1016,aHIP-lh,-0.0034776807,-1.0948406937533537,0.2745375003465009,0.36652354509390545,ns
1017,pHIP-lh,-0.013067184,-4.086734400983135,5.735134456095856e-05,0.0001884923171557619,***
1018,lAMY-lh,-0.019720947,-6.331375191288898,9.763372263680987e-10,5.92694128006987e-09,***
1019,mAMY-lh,-0.010921384,-3.6704014225548973,0.0002904704946818119,0.0008467953404283329,***
1020,THA-DP-lh,0.0009219431,0.3425868136102407,0.7321691389192598,0.8021216044211,ns
1021,THA-VP-lh,0.0020856077,0.7899995265170199,0.4302038027885008,0.5297975232431179,ns
1022,THA-VA-lh,-0.003214623,-1.0253752871320667,0.30608073865270274,0.39984218011340406,ns
1023,THA-DA-lh,0.0049812524,1.6356454452162212,0.10304956108340904,0.16137655089237957,ns
1024,NAc-shell-lh,-0.001468574,-0.5347457294986478,0.5932546658080755,0.6795103386392164,ns
1025,NAc-core-lh,-0.003927671,-1.357553037779309,0.1757104933173884,0.25185170708825666,ns
1026,pGP-lh,0.00015277322,0.07965474006479399,0.9365693724924098,0.9560233357192551,ns
1027,aGP-lh,-6.027484e-05,-0.02766553570099712,0.9779488325789918,0.989454112962274,ns
1028,aPUT-lh,-0.0034391796,-1.0763282810722032,0.28271699686486584,0.37695599581982114,ns
1029,pPUT-lh,-0.0004972871,-0.17924095512521357,0.8578795436054542,0.8987929113940435,ns
1030,aCAU-lh,0.00028749785,0.08775387663504189,0.9301357030531079,0.9523926661852469,ns
1031,pCAU-lh,5.7171146e-06,0.001740347428076909,0.9986126570372691,0.9986126570372691,ns
