tr_idx,onset_sec,has_speech,utt_idx,text,is_humor,primary_category,techniques,laughter_label
0,0.0,0,-1,,0,,,0
1,1.49,0,-1,,0,,,0
2,2.98,0,-1,,0,,,0
3,4.47,0,-1,,0,,,0
4,5.96,0,-1,,0,,,0
5,7.45,0,-1,,0,,,0
6,8.94,0,-1,,0,,,0
7,10.43,0,-1,,0,,,0
8,11.92,0,-1,,0,,,0
9,13.41,0,-1,,0,,,0
10,14.9,0,-1,,0,,,1
11,16.39,0,-1,,0,,,1
12,17.88,1,0,"There's nothing to tell. Just some guy I work with. Come on, you're going out with the guy. There's got to be something wrong with him. All right, joey, be nice. So does he have a hump? A hump and a hairpiece.",1,Logic,Absurdity,0
13,19.37,1,0,"There's nothing to tell. Just some guy I work with. Come on, you're going out with the guy. There's got to be something wrong with him. All right, joey, be nice. So does he have a hump? A hump and a hairpiece.",1,Logic,Absurdity,0
14,20.86,1,0,"There's nothing to tell. Just some guy I work with. Come on, you're going out with the guy. There's got to be something wrong with him. All right, joey, be nice. So does he have a hump? A hump and a hairpiece.",1,Logic,Absurdity,0
15,22.35,1,0,"There's nothing to tell. Just some guy I work with. Come on, you're going out with the guy. There's got to be something wrong with him. All right, joey, be nice. So does he have a hump? A hump and a hairpiece.",1,Logic,Absurdity,0
16,23.84,1,0,"There's nothing to tell. Just some guy I work with. Come on, you're going out with the guy. There's got to be something wrong with him. All right, joey, be nice. So does he have a hump? A hump and a hairpiece.",1,Logic,Absurdity,0
17,25.33,1,0,"There's nothing to tell. Just some guy I work with. Come on, you're going out with the guy. There's got to be something wrong with him. All right, joey, be nice. So does he have a hump? A hump and a hairpiece.",1,Logic,Absurdity,0
18,26.82,1,0,"There's nothing to tell. Just some guy I work with. Come on, you're going out with the guy. There's got to be something wrong with him. All right, joey, be nice. So does he have a hump? A hump and a hairpiece.",1,Logic,Absurdity,1
19,28.31,1,0,"There's nothing to tell. Just some guy I work with. Come on, you're going out with the guy. There's got to be something wrong with him. All right, joey, be nice. So does he have a hump? A hump and a hairpiece.",1,Logic,Absurdity,0
20,29.8,1,0,"There's nothing to tell. Just some guy I work with. Come on, you're going out with the guy. There's got to be something wrong with him. All right, joey, be nice. So does he have a hump? A hump and a hairpiece.",1,Logic,Absurdity,0
21,31.29,1,0,"There's nothing to tell. Just some guy I work with. Come on, you're going out with the guy. There's got to be something wrong with him. All right, joey, be nice. So does he have a hump? A hump and a hairpiece.",1,Logic,Absurdity,1
22,32.78,0,-1,,0,,,1
23,34.27,1,1,"Wait, does he eat chalk? Just because I don't want her to go through what I went through with Carl okay, everybody relax. Relax. This is not even a date. It's not? It's just two people going out to dinner and not having sex. Sounds like a date to me.",1,Logic,Absurdity|Misunderstanding,0
24,35.76,1,1,"Wait, does he eat chalk? Just because I don't want her to go through what I went through with Carl okay, everybody relax. Relax. This is not even a date. It's not? It's just two people going out to dinner and not having sex. Sounds like a date to me.",1,Logic,Absurdity|Misunderstanding,1
25,37.25,1,1,"Wait, does he eat chalk? Just because I don't want her to go through what I went through with Carl okay, everybody relax. Relax. This is not even a date. It's not? It's just two people going out to dinner and not having sex. Sounds like a date to me.",1,Logic,Absurdity|Misunderstanding,0
26,38.74,1,1,"Wait, does he eat chalk? Just because I don't want her to go through what I went through with Carl okay, everybody relax. Relax. This is not even a date. It's not? It's just two people going out to dinner and not having sex. Sounds like a date to me.",1,Logic,Absurdity|Misunderstanding,0
27,40.23,1,1,"Wait, does he eat chalk? Just because I don't want her to go through what I went through with Carl okay, everybody relax. Relax. This is not even a date. It's not? It's just two people going out to dinner and not having sex. Sounds like a date to me.",1,Logic,Absurdity|Misunderstanding,0
28,41.72,1,1,"Wait, does he eat chalk? Just because I don't want her to go through what I went through with Carl okay, everybody relax. Relax. This is not even a date. It's not? It's just two people going out to dinner and not having sex. Sounds like a date to me.",1,Logic,Absurdity|Misunderstanding,1
29,43.21,1,1,"Wait, does he eat chalk? Just because I don't want her to go through what I went through with Carl okay, everybody relax. Relax. This is not even a date. It's not? It's just two people going out to dinner and not having sex. Sounds like a date to me.",1,Logic,Absurdity|Misunderstanding,0
30,44.7,1,1,"Wait, does he eat chalk? Just because I don't want her to go through what I went through with Carl okay, everybody relax. Relax. This is not even a date. It's not? It's just two people going out to dinner and not having sex. Sounds like a date to me.",1,Logic,Absurdity|Misunderstanding,0
31,46.19,1,1,"Wait, does he eat chalk? Just because I don't want her to go through what I went through with Carl okay, everybody relax. Relax. This is not even a date. It's not? It's just two people going out to dinner and not having sex. Sounds like a date to me.",1,Logic,Absurdity|Misunderstanding,0
32,47.68,1,1,"Wait, does he eat chalk? Just because I don't want her to go through what I went through with Carl okay, everybody relax. Relax. This is not even a date. It's not? It's just two people going out to dinner and not having sex. Sounds like a date to me.",1,Logic,Absurdity|Misunderstanding,1
33,49.17,1,1,"Wait, does he eat chalk? Just because I don't want her to go through what I went through with Carl okay, everybody relax. Relax. This is not even a date. It's not? It's just two people going out to dinner and not having sex. Sounds like a date to me.",1,Logic,Absurdity|Misunderstanding,0
34,50.66,1,1,"Wait, does he eat chalk? Just because I don't want her to go through what I went through with Carl okay, everybody relax. Relax. This is not even a date. It's not? It's just two people going out to dinner and not having sex. Sounds like a date to me.",1,Logic,Absurdity|Misunderstanding,1
35,52.15,0,-1,,0,,,0
36,53.64,1,2,"All right, so I'm back in high school. I'm standing in the middle of the cafeteria and I realize I am totally naked.",1,Logic,Absurdity,0
37,55.13,1,2,"All right, so I'm back in high school. I'm standing in the middle of the cafeteria and I realize I am totally naked.",1,Logic,Absurdity,0
38,56.62,1,2,"All right, so I'm back in high school. I'm standing in the middle of the cafeteria and I realize I am totally naked.",1,Logic,Absurdity,0
39,58.11,1,2,"All right, so I'm back in high school. I'm standing in the middle of the cafeteria and I realize I am totally naked.",1,Logic,Absurdity,0
40,59.6,1,2,"All right, so I'm back in high school. I'm standing in the middle of the cafeteria and I realize I am totally naked.",1,Logic,Absurdity,1
41,61.09,0,-1,,0,,,0
42,62.58,1,3,Then I look down and I realize there is a phone there.,0,,,0
43,64.07,1,3,Then I look down and I realize there is a phone there.,0,,,0
44,65.56,1,3,Then I look down and I realize there is a phone there.,0,,,0
45,67.05,1,3,Then I look down and I realize there is a phone there.,0,,,0
46,68.54,0,-1,,0,,,1
47,70.03,0,-1,,0,,,1
48,71.52,1,4,Instead of that's right?,0,,,1
49,73.01,0,-1,,0,,,0
50,74.5,1,5,"All of a sudden, the phone starts to ring. Now I don't know what to do. Everybody starts looking at me. They weren't looking at you before?",1,Logic,Absurdity,1
51,75.99,1,5,"All of a sudden, the phone starts to ring. Now I don't know what to do. Everybody starts looking at me. They weren't looking at you before?",1,Logic,Absurdity,0
52,77.48,1,5,"All of a sudden, the phone starts to ring. Now I don't know what to do. Everybody starts looking at me. They weren't looking at you before?",1,Logic,Absurdity,0
53,78.97,1,5,"All of a sudden, the phone starts to ring. Now I don't know what to do. Everybody starts looking at me. They weren't looking at you before?",1,Logic,Absurdity,1
54,80.46,1,5,"All of a sudden, the phone starts to ring. Now I don't know what to do. Everybody starts looking at me. They weren't looking at you before?",1,Logic,Absurdity,0
55,81.95,1,5,"All of a sudden, the phone starts to ring. Now I don't know what to do. Everybody starts looking at me. They weren't looking at you before?",1,Logic,Absurdity,0
56,83.44,1,5,"All of a sudden, the phone starts to ring. Now I don't know what to do. Everybody starts looking at me. They weren't looking at you before?",1,Logic,Absurdity,1
57,84.93,0,-1,,0,,,1
58,86.42,1,6,"Finally, I figure I'd better answer it. And it turns out it's my mother. Which is very, very weird because she never calls.",1,Logic,Absurdity,0
59,87.91,1,6,"Finally, I figure I'd better answer it. And it turns out it's my mother. Which is very, very weird because she never calls.",1,Logic,Absurdity,1
60,89.4,1,6,"Finally, I figure I'd better answer it. And it turns out it's my mother. Which is very, very weird because she never calls.",1,Logic,Absurdity,1
61,90.89,1,6,"Finally, I figure I'd better answer it. And it turns out it's my mother. Which is very, very weird because she never calls.",1,Logic,Absurdity,0
62,92.38,1,6,"Finally, I figure I'd better answer it. And it turns out it's my mother. Which is very, very weird because she never calls.",1,Logic,Absurdity,1
63,93.87,1,6,"Finally, I figure I'd better answer it. And it turns out it's my mother. Which is very, very weird because she never calls.",1,Logic,Absurdity,0
64,95.36,1,6,"Finally, I figure I'd better answer it. And it turns out it's my mother. Which is very, very weird because she never calls.",1,Logic,Absurdity,0
65,96.85,1,6,"Finally, I figure I'd better answer it. And it turns out it's my mother. Which is very, very weird because she never calls.",1,Logic,Absurdity,0
66,98.34,1,6,"Finally, I figure I'd better answer it. And it turns out it's my mother. Which is very, very weird because she never calls.",1,Logic,Absurdity,1
67,99.83,0,-1,,0,,,0
68,101.32,0,-1,,0,,,0
69,102.81,0,-1,,0,,,0
70,104.3,1,7,Hi.,0,,,1
71,105.79,0,-1,,0,,,1
72,107.28,1,8,"This guy says, Hello, I want to kill myself. You okay, sweetie? I just feel like someone reached down my throat grabbed my small intestine pulled it out of my mouth and tied it around my neck. Cookie?",1,Logic,Absurdity,0
73,108.77,1,8,"This guy says, Hello, I want to kill myself. You okay, sweetie? I just feel like someone reached down my throat grabbed my small intestine pulled it out of my mouth and tied it around my neck. Cookie?",1,Logic,Absurdity,1
74,110.26,1,8,"This guy says, Hello, I want to kill myself. You okay, sweetie? I just feel like someone reached down my throat grabbed my small intestine pulled it out of my mouth and tied it around my neck. Cookie?",1,Logic,Absurdity,1
75,111.75,1,8,"This guy says, Hello, I want to kill myself. You okay, sweetie? I just feel like someone reached down my throat grabbed my small intestine pulled it out of my mouth and tied it around my neck. Cookie?",1,Logic,Absurdity,0
76,113.24,1,8,"This guy says, Hello, I want to kill myself. You okay, sweetie? I just feel like someone reached down my throat grabbed my small intestine pulled it out of my mouth and tied it around my neck. Cookie?",1,Logic,Absurdity,0
77,114.73,1,8,"This guy says, Hello, I want to kill myself. You okay, sweetie? I just feel like someone reached down my throat grabbed my small intestine pulled it out of my mouth and tied it around my neck. Cookie?",1,Logic,Absurdity,0
78,116.22,1,8,"This guy says, Hello, I want to kill myself. You okay, sweetie? I just feel like someone reached down my throat grabbed my small intestine pulled it out of my mouth and tied it around my neck. Cookie?",1,Logic,Absurdity,0
79,117.71,1,8,"This guy says, Hello, I want to kill myself. You okay, sweetie? I just feel like someone reached down my throat grabbed my small intestine pulled it out of my mouth and tied it around my neck. Cookie?",1,Logic,Absurdity,0
80,119.2,1,8,"This guy says, Hello, I want to kill myself. You okay, sweetie? I just feel like someone reached down my throat grabbed my small intestine pulled it out of my mouth and tied it around my neck. Cookie?",1,Logic,Absurdity,0
81,120.69,1,8,"This guy says, Hello, I want to kill myself. You okay, sweetie? I just feel like someone reached down my throat grabbed my small intestine pulled it out of my mouth and tied it around my neck. Cookie?",1,Logic,Absurdity,1
82,122.18,0,-1,,0,,,1
83,123.67,1,9,Carol moved her stuff out today. Let me get you some.,1,Language,Puns,0
84,125.16,1,9,Carol moved her stuff out today. Let me get you some.,1,Language,Puns,0
85,126.65,1,9,Carol moved her stuff out today. Let me get you some.,1,Language,Puns,0
86,128.14,0,-1,,0,,,0
87,129.63,0,-1,,0,,,0
88,131.12,0,-1,,0,,,0
89,132.61,1,10,"No, no, don't. Stop cleansing my aura. Don't. Just leave my aura alone, okay? Fine. Be murky. I'll be fine, all right? Really, everyone. I hope she'll be very happy. No, you don't. No, I don't. To hell with her. She left me. And you never knew she was a lesbian?",1,Logic,Absurdity|Conceptual_surprise,1
90,134.1,1,10,"No, no, don't. Stop cleansing my aura. Don't. Just leave my aura alone, okay? Fine. Be murky. I'll be fine, all right? Really, everyone. I hope she'll be very happy. No, you don't. No, I don't. To hell with her. She left me. And you never knew she was a lesbian?",1,Logic,Absurdity|Conceptual_surprise,0
91,135.59,1,10,"No, no, don't. Stop cleansing my aura. Don't. Just leave my aura alone, okay? Fine. Be murky. I'll be fine, all right? Really, everyone. I hope she'll be very happy. No, you don't. No, I don't. To hell with her. She left me. And you never knew she was a lesbian?",1,Logic,Absurdity|Conceptual_surprise,1
92,137.08,1,10,"No, no, don't. Stop cleansing my aura. Don't. Just leave my aura alone, okay? Fine. Be murky. I'll be fine, all right? Really, everyone. I hope she'll be very happy. No, you don't. No, I don't. To hell with her. She left me. And you never knew she was a lesbian?",1,Logic,Absurdity|Conceptual_surprise,1
93,138.57,1,10,"No, no, don't. Stop cleansing my aura. Don't. Just leave my aura alone, okay? Fine. Be murky. I'll be fine, all right? Really, everyone. I hope she'll be very happy. No, you don't. No, I don't. To hell with her. She left me. And you never knew she was a lesbian?",1,Logic,Absurdity|Conceptual_surprise,1
94,140.06,1,10,"No, no, don't. Stop cleansing my aura. Don't. Just leave my aura alone, okay? Fine. Be murky. I'll be fine, all right? Really, everyone. I hope she'll be very happy. No, you don't. No, I don't. To hell with her. She left me. And you never knew she was a lesbian?",1,Logic,Absurdity|Conceptual_surprise,0
95,141.55,1,10,"No, no, don't. Stop cleansing my aura. Don't. Just leave my aura alone, okay? Fine. Be murky. I'll be fine, all right? Really, everyone. I hope she'll be very happy. No, you don't. No, I don't. To hell with her. She left me. And you never knew she was a lesbian?",1,Logic,Absurdity|Conceptual_surprise,1
96,143.04,1,10,"No, no, don't. Stop cleansing my aura. Don't. Just leave my aura alone, okay? Fine. Be murky. I'll be fine, all right? Really, everyone. I hope she'll be very happy. No, you don't. No, I don't. To hell with her. She left me. And you never knew she was a lesbian?",1,Logic,Absurdity|Conceptual_surprise,0
97,144.53,1,10,"No, no, don't. Stop cleansing my aura. Don't. Just leave my aura alone, okay? Fine. Be murky. I'll be fine, all right? Really, everyone. I hope she'll be very happy. No, you don't. No, I don't. To hell with her. She left me. And you never knew she was a lesbian?",1,Logic,Absurdity|Conceptual_surprise,0
98,146.02,1,10,"No, no, don't. Stop cleansing my aura. Don't. Just leave my aura alone, okay? Fine. Be murky. I'll be fine, all right? Really, everyone. I hope she'll be very happy. No, you don't. No, I don't. To hell with her. She left me. And you never knew she was a lesbian?",1,Logic,Absurdity|Conceptual_surprise,0
99,147.51,1,10,"No, no, don't. Stop cleansing my aura. Don't. Just leave my aura alone, okay? Fine. Be murky. I'll be fine, all right? Really, everyone. I hope she'll be very happy. No, you don't. No, I don't. To hell with her. She left me. And you never knew she was a lesbian?",1,Logic,Absurdity|Conceptual_surprise,0
100,149.0,1,10,"No, no, don't. Stop cleansing my aura. Don't. Just leave my aura alone, okay? Fine. Be murky. I'll be fine, all right? Really, everyone. I hope she'll be very happy. No, you don't. No, I don't. To hell with her. She left me. And you never knew she was a lesbian?",1,Logic,Absurdity|Conceptual_surprise,1
101,150.49,1,10,"No, no, don't. Stop cleansing my aura. Don't. Just leave my aura alone, okay? Fine. Be murky. I'll be fine, all right? Really, everyone. I hope she'll be very happy. No, you don't. No, I don't. To hell with her. She left me. And you never knew she was a lesbian?",1,Logic,Absurdity|Conceptual_surprise,1
102,151.98,1,10,"No, no, don't. Stop cleansing my aura. Don't. Just leave my aura alone, okay? Fine. Be murky. I'll be fine, all right? Really, everyone. I hope she'll be very happy. No, you don't. No, I don't. To hell with her. She left me. And you never knew she was a lesbian?",1,Logic,Absurdity|Conceptual_surprise,1
103,153.47,0,-1,,0,,,1
104,154.96,0,-1,,0,,,1
105,156.45,1,11,No. Okay? Why does everyone keep fixating on that?,0,,,1
106,157.94,1,11,No. Okay? Why does everyone keep fixating on that?,0,,,1
107,159.43,1,11,No. Okay? Why does everyone keep fixating on that?,0,,,0
108,160.92,1,11,No. Okay? Why does everyone keep fixating on that?,0,,,0
109,162.41,0,-1,,0,,,1
110,163.9,1,12,She didn't know. How should I know?,0,,,0
111,165.39,1,12,She didn't know. How should I know?,0,,,1
112,166.88,0,-1,,0,,,1
113,168.37,1,13,Sometimes I wish I was a lesbian.,1,Identity,Self_deprecation,0
114,169.86,1,13,Sometimes I wish I was a lesbian.,1,Identity,Self_deprecation,1
115,171.35,0,-1,,0,,,0
116,172.84,1,14,Did I say that out loud?,1,Logic,Caught_out,1
117,174.33,1,14,Did I say that out loud?,1,Logic,Caught_out,1
118,175.82,0,-1,,0,,,1
119,177.31,1,15,"I told mom and dad last night. They they seemed to take it pretty well. Oh, really? So that hysterical phone call I got from a woman sobbing at 03:00 a.m. I'll never have grandchildren, I'll never have grandchildren was what? A wrong number? Sorry. All right, ross, look. You're feeling a lot of pain right now. You're angry. You're hurting. Can I tell you what the answer is? Strip joint. Come on, you're single. Have some hormones. But I don't want to be single, okay? I just want to be married again.",1,Logic,Absurdity|Conceptual_surprise,0
120,178.8,1,15,"I told mom and dad last night. They they seemed to take it pretty well. Oh, really? So that hysterical phone call I got from a woman sobbing at 03:00 a.m. I'll never have grandchildren, I'll never have grandchildren was what? A wrong number? Sorry. All right, ross, look. You're feeling a lot of pain right now. You're angry. You're hurting. Can I tell you what the answer is? Strip joint. Come on, you're single. Have some hormones. But I don't want to be single, okay? I just want to be married again.",1,Logic,Absurdity|Conceptual_surprise,0
121,180.29,1,15,"I told mom and dad last night. They they seemed to take it pretty well. Oh, really? So that hysterical phone call I got from a woman sobbing at 03:00 a.m. I'll never have grandchildren, I'll never have grandchildren was what? A wrong number? Sorry. All right, ross, look. You're feeling a lot of pain right now. You're angry. You're hurting. Can I tell you what the answer is? Strip joint. Come on, you're single. Have some hormones. But I don't want to be single, okay? I just want to be married again.",1,Logic,Absurdity|Conceptual_surprise,1
122,181.78,1,15,"I told mom and dad last night. They they seemed to take it pretty well. Oh, really? So that hysterical phone call I got from a woman sobbing at 03:00 a.m. I'll never have grandchildren, I'll never have grandchildren was what? A wrong number? Sorry. All right, ross, look. You're feeling a lot of pain right now. You're angry. You're hurting. Can I tell you what the answer is? Strip joint. Come on, you're single. Have some hormones. But I don't want to be single, okay? I just want to be married again.",1,Logic,Absurdity|Conceptual_surprise,0
123,183.27,1,15,"I told mom and dad last night. They they seemed to take it pretty well. Oh, really? So that hysterical phone call I got from a woman sobbing at 03:00 a.m. I'll never have grandchildren, I'll never have grandchildren was what? A wrong number? Sorry. All right, ross, look. You're feeling a lot of pain right now. You're angry. You're hurting. Can I tell you what the answer is? Strip joint. Come on, you're single. Have some hormones. But I don't want to be single, okay? I just want to be married again.",1,Logic,Absurdity|Conceptual_surprise,0
124,184.76,1,15,"I told mom and dad last night. They they seemed to take it pretty well. Oh, really? So that hysterical phone call I got from a woman sobbing at 03:00 a.m. I'll never have grandchildren, I'll never have grandchildren was what? A wrong number? Sorry. All right, ross, look. You're feeling a lot of pain right now. You're angry. You're hurting. Can I tell you what the answer is? Strip joint. Come on, you're single. Have some hormones. But I don't want to be single, okay? I just want to be married again.",1,Logic,Absurdity|Conceptual_surprise,0
125,186.25,1,15,"I told mom and dad last night. They they seemed to take it pretty well. Oh, really? So that hysterical phone call I got from a woman sobbing at 03:00 a.m. I'll never have grandchildren, I'll never have grandchildren was what? A wrong number? Sorry. All right, ross, look. You're feeling a lot of pain right now. You're angry. You're hurting. Can I tell you what the answer is? Strip joint. Come on, you're single. Have some hormones. But I don't want to be single, okay? I just want to be married again.",1,Logic,Absurdity|Conceptual_surprise,0
126,187.74,1,15,"I told mom and dad last night. They they seemed to take it pretty well. Oh, really? So that hysterical phone call I got from a woman sobbing at 03:00 a.m. I'll never have grandchildren, I'll never have grandchildren was what? A wrong number? Sorry. All right, ross, look. You're feeling a lot of pain right now. You're angry. You're hurting. Can I tell you what the answer is? Strip joint. Come on, you're single. Have some hormones. But I don't want to be single, okay? I just want to be married again.",1,Logic,Absurdity|Conceptual_surprise,1
127,189.23,1,15,"I told mom and dad last night. They they seemed to take it pretty well. Oh, really? So that hysterical phone call I got from a woman sobbing at 03:00 a.m. I'll never have grandchildren, I'll never have grandchildren was what? A wrong number? Sorry. All right, ross, look. You're feeling a lot of pain right now. You're angry. You're hurting. Can I tell you what the answer is? Strip joint. Come on, you're single. Have some hormones. But I don't want to be single, okay? I just want to be married again.",1,Logic,Absurdity|Conceptual_surprise,1
128,190.72,1,15,"I told mom and dad last night. They they seemed to take it pretty well. Oh, really? So that hysterical phone call I got from a woman sobbing at 03:00 a.m. I'll never have grandchildren, I'll never have grandchildren was what? A wrong number? Sorry. All right, ross, look. You're feeling a lot of pain right now. You're angry. You're hurting. Can I tell you what the answer is? Strip joint. Come on, you're single. Have some hormones. But I don't want to be single, okay? I just want to be married again.",1,Logic,Absurdity|Conceptual_surprise,1
129,192.21,1,15,"I told mom and dad last night. They they seemed to take it pretty well. Oh, really? So that hysterical phone call I got from a woman sobbing at 03:00 a.m. I'll never have grandchildren, I'll never have grandchildren was what? A wrong number? Sorry. All right, ross, look. You're feeling a lot of pain right now. You're angry. You're hurting. Can I tell you what the answer is? Strip joint. Come on, you're single. Have some hormones. But I don't want to be single, okay? I just want to be married again.",1,Logic,Absurdity|Conceptual_surprise,0
130,193.7,1,15,"I told mom and dad last night. They they seemed to take it pretty well. Oh, really? So that hysterical phone call I got from a woman sobbing at 03:00 a.m. I'll never have grandchildren, I'll never have grandchildren was what? A wrong number? Sorry. All right, ross, look. You're feeling a lot of pain right now. You're angry. You're hurting. Can I tell you what the answer is? Strip joint. Come on, you're single. Have some hormones. But I don't want to be single, okay? I just want to be married again.",1,Logic,Absurdity|Conceptual_surprise,0
131,195.19,1,15,"I told mom and dad last night. They they seemed to take it pretty well. Oh, really? So that hysterical phone call I got from a woman sobbing at 03:00 a.m. I'll never have grandchildren, I'll never have grandchildren was what? A wrong number? Sorry. All right, ross, look. You're feeling a lot of pain right now. You're angry. You're hurting. Can I tell you what the answer is? Strip joint. Come on, you're single. Have some hormones. But I don't want to be single, okay? I just want to be married again.",1,Logic,Absurdity|Conceptual_surprise,0
132,196.68,1,15,"I told mom and dad last night. They they seemed to take it pretty well. Oh, really? So that hysterical phone call I got from a woman sobbing at 03:00 a.m. I'll never have grandchildren, I'll never have grandchildren was what? A wrong number? Sorry. All right, ross, look. You're feeling a lot of pain right now. You're angry. You're hurting. Can I tell you what the answer is? Strip joint. Come on, you're single. Have some hormones. But I don't want to be single, okay? I just want to be married again.",1,Logic,Absurdity|Conceptual_surprise,0
133,198.17,1,15,"I told mom and dad last night. They they seemed to take it pretty well. Oh, really? So that hysterical phone call I got from a woman sobbing at 03:00 a.m. I'll never have grandchildren, I'll never have grandchildren was what? A wrong number? Sorry. All right, ross, look. You're feeling a lot of pain right now. You're angry. You're hurting. Can I tell you what the answer is? Strip joint. Come on, you're single. Have some hormones. But I don't want to be single, okay? I just want to be married again.",1,Logic,Absurdity|Conceptual_surprise,0
134,199.66,1,15,"I told mom and dad last night. They they seemed to take it pretty well. Oh, really? So that hysterical phone call I got from a woman sobbing at 03:00 a.m. I'll never have grandchildren, I'll never have grandchildren was what? A wrong number? Sorry. All right, ross, look. You're feeling a lot of pain right now. You're angry. You're hurting. Can I tell you what the answer is? Strip joint. Come on, you're single. Have some hormones. But I don't want to be single, okay? I just want to be married again.",1,Logic,Absurdity|Conceptual_surprise,0
135,201.15,1,15,"I told mom and dad last night. They they seemed to take it pretty well. Oh, really? So that hysterical phone call I got from a woman sobbing at 03:00 a.m. I'll never have grandchildren, I'll never have grandchildren was what? A wrong number? Sorry. All right, ross, look. You're feeling a lot of pain right now. You're angry. You're hurting. Can I tell you what the answer is? Strip joint. Come on, you're single. Have some hormones. But I don't want to be single, okay? I just want to be married again.",1,Logic,Absurdity|Conceptual_surprise,0
136,202.64,1,15,"I told mom and dad last night. They they seemed to take it pretty well. Oh, really? So that hysterical phone call I got from a woman sobbing at 03:00 a.m. I'll never have grandchildren, I'll never have grandchildren was what? A wrong number? Sorry. All right, ross, look. You're feeling a lot of pain right now. You're angry. You're hurting. Can I tell you what the answer is? Strip joint. Come on, you're single. Have some hormones. But I don't want to be single, okay? I just want to be married again.",1,Logic,Absurdity|Conceptual_surprise,1
137,204.13,1,15,"I told mom and dad last night. They they seemed to take it pretty well. Oh, really? So that hysterical phone call I got from a woman sobbing at 03:00 a.m. I'll never have grandchildren, I'll never have grandchildren was what? A wrong number? Sorry. All right, ross, look. You're feeling a lot of pain right now. You're angry. You're hurting. Can I tell you what the answer is? Strip joint. Come on, you're single. Have some hormones. But I don't want to be single, okay? I just want to be married again.",1,Logic,Absurdity|Conceptual_surprise,1
138,205.62,1,15,"I told mom and dad last night. They they seemed to take it pretty well. Oh, really? So that hysterical phone call I got from a woman sobbing at 03:00 a.m. I'll never have grandchildren, I'll never have grandchildren was what? A wrong number? Sorry. All right, ross, look. You're feeling a lot of pain right now. You're angry. You're hurting. Can I tell you what the answer is? Strip joint. Come on, you're single. Have some hormones. But I don't want to be single, okay? I just want to be married again.",1,Logic,Absurdity|Conceptual_surprise,1
139,207.11,1,15,"I told mom and dad last night. They they seemed to take it pretty well. Oh, really? So that hysterical phone call I got from a woman sobbing at 03:00 a.m. I'll never have grandchildren, I'll never have grandchildren was what? A wrong number? Sorry. All right, ross, look. You're feeling a lot of pain right now. You're angry. You're hurting. Can I tell you what the answer is? Strip joint. Come on, you're single. Have some hormones. But I don't want to be single, okay? I just want to be married again.",1,Logic,Absurdity|Conceptual_surprise,1
140,208.6,1,15,"I told mom and dad last night. They they seemed to take it pretty well. Oh, really? So that hysterical phone call I got from a woman sobbing at 03:00 a.m. I'll never have grandchildren, I'll never have grandchildren was what? A wrong number? Sorry. All right, ross, look. You're feeling a lot of pain right now. You're angry. You're hurting. Can I tell you what the answer is? Strip joint. Come on, you're single. Have some hormones. But I don't want to be single, okay? I just want to be married again.",1,Logic,Absurdity|Conceptual_surprise,1
141,210.09,1,15,"I told mom and dad last night. They they seemed to take it pretty well. Oh, really? So that hysterical phone call I got from a woman sobbing at 03:00 a.m. I'll never have grandchildren, I'll never have grandchildren was what? A wrong number? Sorry. All right, ross, look. You're feeling a lot of pain right now. You're angry. You're hurting. Can I tell you what the answer is? Strip joint. Come on, you're single. Have some hormones. But I don't want to be single, okay? I just want to be married again.",1,Logic,Absurdity|Conceptual_surprise,0
142,211.58,1,15,"I told mom and dad last night. They they seemed to take it pretty well. Oh, really? So that hysterical phone call I got from a woman sobbing at 03:00 a.m. I'll never have grandchildren, I'll never have grandchildren was what? A wrong number? Sorry. All right, ross, look. You're feeling a lot of pain right now. You're angry. You're hurting. Can I tell you what the answer is? Strip joint. Come on, you're single. Have some hormones. But I don't want to be single, okay? I just want to be married again.",1,Logic,Absurdity|Conceptual_surprise,0
143,213.07,1,15,"I told mom and dad last night. They they seemed to take it pretty well. Oh, really? So that hysterical phone call I got from a woman sobbing at 03:00 a.m. I'll never have grandchildren, I'll never have grandchildren was what? A wrong number? Sorry. All right, ross, look. You're feeling a lot of pain right now. You're angry. You're hurting. Can I tell you what the answer is? Strip joint. Come on, you're single. Have some hormones. But I don't want to be single, okay? I just want to be married again.",1,Logic,Absurdity|Conceptual_surprise,0
144,214.56,0,-1,,0,,,0
145,216.05,0,-1,,0,,,1
146,217.54,1,16,And I just want a million dollars.,0,,,1
147,219.03,1,16,And I just want a million dollars.,0,,,0
148,220.52,1,16,And I just want a million dollars.,0,,,1
149,222.01,0,-1,,0,,,1
150,223.5,0,-1,,0,,,1
151,224.99,0,-1,,0,,,1
152,226.48,1,17,"Rachel? Oh, God, Monica. Hi. Thank God. I just went to your building and you weren't there. And then this guy with a big hammer said that you might be here. And you are. You are. Can I get you some coffee? Decaf. Hey, everybody. This is Rachel. And another Lincoln high survivor. This is everybody. This is Chandler and Phoebe and Joey. And you remember my brother, Ross. Sure.",1,Logic,Absurdity,0
153,227.97,1,17,"Rachel? Oh, God, Monica. Hi. Thank God. I just went to your building and you weren't there. And then this guy with a big hammer said that you might be here. And you are. You are. Can I get you some coffee? Decaf. Hey, everybody. This is Rachel. And another Lincoln high survivor. This is everybody. This is Chandler and Phoebe and Joey. And you remember my brother, Ross. Sure.",1,Logic,Absurdity,0
154,229.46,1,17,"Rachel? Oh, God, Monica. Hi. Thank God. I just went to your building and you weren't there. And then this guy with a big hammer said that you might be here. And you are. You are. Can I get you some coffee? Decaf. Hey, everybody. This is Rachel. And another Lincoln high survivor. This is everybody. This is Chandler and Phoebe and Joey. And you remember my brother, Ross. Sure.",1,Logic,Absurdity,0
155,230.95,1,17,"Rachel? Oh, God, Monica. Hi. Thank God. I just went to your building and you weren't there. And then this guy with a big hammer said that you might be here. And you are. You are. Can I get you some coffee? Decaf. Hey, everybody. This is Rachel. And another Lincoln high survivor. This is everybody. This is Chandler and Phoebe and Joey. And you remember my brother, Ross. Sure.",1,Logic,Absurdity,0
156,232.44,1,17,"Rachel? Oh, God, Monica. Hi. Thank God. I just went to your building and you weren't there. And then this guy with a big hammer said that you might be here. And you are. You are. Can I get you some coffee? Decaf. Hey, everybody. This is Rachel. And another Lincoln high survivor. This is everybody. This is Chandler and Phoebe and Joey. And you remember my brother, Ross. Sure.",1,Logic,Absurdity,0
157,233.93,1,17,"Rachel? Oh, God, Monica. Hi. Thank God. I just went to your building and you weren't there. And then this guy with a big hammer said that you might be here. And you are. You are. Can I get you some coffee? Decaf. Hey, everybody. This is Rachel. And another Lincoln high survivor. This is everybody. This is Chandler and Phoebe and Joey. And you remember my brother, Ross. Sure.",1,Logic,Absurdity,0
158,235.42,1,17,"Rachel? Oh, God, Monica. Hi. Thank God. I just went to your building and you weren't there. And then this guy with a big hammer said that you might be here. And you are. You are. Can I get you some coffee? Decaf. Hey, everybody. This is Rachel. And another Lincoln high survivor. This is everybody. This is Chandler and Phoebe and Joey. And you remember my brother, Ross. Sure.",1,Logic,Absurdity,0
159,236.91,1,17,"Rachel? Oh, God, Monica. Hi. Thank God. I just went to your building and you weren't there. And then this guy with a big hammer said that you might be here. And you are. You are. Can I get you some coffee? Decaf. Hey, everybody. This is Rachel. And another Lincoln high survivor. This is everybody. This is Chandler and Phoebe and Joey. And you remember my brother, Ross. Sure.",1,Logic,Absurdity,0
160,238.4,1,17,"Rachel? Oh, God, Monica. Hi. Thank God. I just went to your building and you weren't there. And then this guy with a big hammer said that you might be here. And you are. You are. Can I get you some coffee? Decaf. Hey, everybody. This is Rachel. And another Lincoln high survivor. This is everybody. This is Chandler and Phoebe and Joey. And you remember my brother, Ross. Sure.",1,Logic,Absurdity,1
161,239.89,1,17,"Rachel? Oh, God, Monica. Hi. Thank God. I just went to your building and you weren't there. And then this guy with a big hammer said that you might be here. And you are. You are. Can I get you some coffee? Decaf. Hey, everybody. This is Rachel. And another Lincoln high survivor. This is everybody. This is Chandler and Phoebe and Joey. And you remember my brother, Ross. Sure.",1,Logic,Absurdity,1
162,241.38,1,17,"Rachel? Oh, God, Monica. Hi. Thank God. I just went to your building and you weren't there. And then this guy with a big hammer said that you might be here. And you are. You are. Can I get you some coffee? Decaf. Hey, everybody. This is Rachel. And another Lincoln high survivor. This is everybody. This is Chandler and Phoebe and Joey. And you remember my brother, Ross. Sure.",1,Logic,Absurdity,0
163,242.87,1,17,"Rachel? Oh, God, Monica. Hi. Thank God. I just went to your building and you weren't there. And then this guy with a big hammer said that you might be here. And you are. You are. Can I get you some coffee? Decaf. Hey, everybody. This is Rachel. And another Lincoln high survivor. This is everybody. This is Chandler and Phoebe and Joey. And you remember my brother, Ross. Sure.",1,Logic,Absurdity,0
164,244.36,1,17,"Rachel? Oh, God, Monica. Hi. Thank God. I just went to your building and you weren't there. And then this guy with a big hammer said that you might be here. And you are. You are. Can I get you some coffee? Decaf. Hey, everybody. This is Rachel. And another Lincoln high survivor. This is everybody. This is Chandler and Phoebe and Joey. And you remember my brother, Ross. Sure.",1,Logic,Absurdity,0
165,245.85,1,17,"Rachel? Oh, God, Monica. Hi. Thank God. I just went to your building and you weren't there. And then this guy with a big hammer said that you might be here. And you are. You are. Can I get you some coffee? Decaf. Hey, everybody. This is Rachel. And another Lincoln high survivor. This is everybody. This is Chandler and Phoebe and Joey. And you remember my brother, Ross. Sure.",1,Logic,Absurdity,0
166,247.34,1,17,"Rachel? Oh, God, Monica. Hi. Thank God. I just went to your building and you weren't there. And then this guy with a big hammer said that you might be here. And you are. You are. Can I get you some coffee? Decaf. Hey, everybody. This is Rachel. And another Lincoln high survivor. This is everybody. This is Chandler and Phoebe and Joey. And you remember my brother, Ross. Sure.",1,Logic,Absurdity,0
167,248.83,1,17,"Rachel? Oh, God, Monica. Hi. Thank God. I just went to your building and you weren't there. And then this guy with a big hammer said that you might be here. And you are. You are. Can I get you some coffee? Decaf. Hey, everybody. This is Rachel. And another Lincoln high survivor. This is everybody. This is Chandler and Phoebe and Joey. And you remember my brother, Ross. Sure.",1,Logic,Absurdity,0
168,250.32,1,17,"Rachel? Oh, God, Monica. Hi. Thank God. I just went to your building and you weren't there. And then this guy with a big hammer said that you might be here. And you are. You are. Can I get you some coffee? Decaf. Hey, everybody. This is Rachel. And another Lincoln high survivor. This is everybody. This is Chandler and Phoebe and Joey. And you remember my brother, Ross. Sure.",1,Logic,Absurdity,1
169,251.81,0,-1,,0,,,1
170,253.3,0,-1,,0,,,1
171,254.79,0,-1,,0,,,1
172,256.28,0,-1,,0,,,1
173,257.77,0,-1,,0,,,0
174,259.26,0,-1,,0,,,0
175,260.75,1,18,"So you want to tell us now, or are we waiting for four wet bridesmaids?",1,Language,Wit,0
176,262.24,1,18,"So you want to tell us now, or are we waiting for four wet bridesmaids?",1,Language,Wit,0
177,263.73,1,18,"So you want to tell us now, or are we waiting for four wet bridesmaids?",1,Language,Wit,1
178,265.22,0,-1,,0,,,1
179,266.71,1,19,"Oh, God. Well, it started about a half hour before the wedding. I was in this room where we were keeping all the presents. And I was looking at this gravy boat this really gorgeous, lamoge gravy boat. When all of a sudden I realized sweet. And realized I realized that I was more turned on by this gravy bolt than by Barry. And then I got really freaked out. And that's when it hit me how much Barry looks like.",1,Logic,Conceptual_surprise|Absurdity,0
180,268.2,1,19,"Oh, God. Well, it started about a half hour before the wedding. I was in this room where we were keeping all the presents. And I was looking at this gravy boat this really gorgeous, lamoge gravy boat. When all of a sudden I realized sweet. And realized I realized that I was more turned on by this gravy bolt than by Barry. And then I got really freaked out. And that's when it hit me how much Barry looks like.",1,Logic,Conceptual_surprise|Absurdity,0
181,269.69,1,19,"Oh, God. Well, it started about a half hour before the wedding. I was in this room where we were keeping all the presents. And I was looking at this gravy boat this really gorgeous, lamoge gravy boat. When all of a sudden I realized sweet. And realized I realized that I was more turned on by this gravy bolt than by Barry. And then I got really freaked out. And that's when it hit me how much Barry looks like.",1,Logic,Conceptual_surprise|Absurdity,0
182,271.18,1,19,"Oh, God. Well, it started about a half hour before the wedding. I was in this room where we were keeping all the presents. And I was looking at this gravy boat this really gorgeous, lamoge gravy boat. When all of a sudden I realized sweet. And realized I realized that I was more turned on by this gravy bolt than by Barry. And then I got really freaked out. And that's when it hit me how much Barry looks like.",1,Logic,Conceptual_surprise|Absurdity,0
183,272.67,1,19,"Oh, God. Well, it started about a half hour before the wedding. I was in this room where we were keeping all the presents. And I was looking at this gravy boat this really gorgeous, lamoge gravy boat. When all of a sudden I realized sweet. And realized I realized that I was more turned on by this gravy bolt than by Barry. And then I got really freaked out. And that's when it hit me how much Barry looks like.",1,Logic,Conceptual_surprise|Absurdity,0
184,274.16,1,19,"Oh, God. Well, it started about a half hour before the wedding. I was in this room where we were keeping all the presents. And I was looking at this gravy boat this really gorgeous, lamoge gravy boat. When all of a sudden I realized sweet. And realized I realized that I was more turned on by this gravy bolt than by Barry. And then I got really freaked out. And that's when it hit me how much Barry looks like.",1,Logic,Conceptual_surprise|Absurdity,0
185,275.65,1,19,"Oh, God. Well, it started about a half hour before the wedding. I was in this room where we were keeping all the presents. And I was looking at this gravy boat this really gorgeous, lamoge gravy boat. When all of a sudden I realized sweet. And realized I realized that I was more turned on by this gravy bolt than by Barry. And then I got really freaked out. And that's when it hit me how much Barry looks like.",1,Logic,Conceptual_surprise|Absurdity,0
186,277.14,1,19,"Oh, God. Well, it started about a half hour before the wedding. I was in this room where we were keeping all the presents. And I was looking at this gravy boat this really gorgeous, lamoge gravy boat. When all of a sudden I realized sweet. And realized I realized that I was more turned on by this gravy bolt than by Barry. And then I got really freaked out. And that's when it hit me how much Barry looks like.",1,Logic,Conceptual_surprise|Absurdity,0
187,278.63,1,19,"Oh, God. Well, it started about a half hour before the wedding. I was in this room where we were keeping all the presents. And I was looking at this gravy boat this really gorgeous, lamoge gravy boat. When all of a sudden I realized sweet. And realized I realized that I was more turned on by this gravy bolt than by Barry. And then I got really freaked out. And that's when it hit me how much Barry looks like.",1,Logic,Conceptual_surprise|Absurdity,0
188,280.12,1,19,"Oh, God. Well, it started about a half hour before the wedding. I was in this room where we were keeping all the presents. And I was looking at this gravy boat this really gorgeous, lamoge gravy boat. When all of a sudden I realized sweet. And realized I realized that I was more turned on by this gravy bolt than by Barry. And then I got really freaked out. And that's when it hit me how much Barry looks like.",1,Logic,Conceptual_surprise|Absurdity,0
189,281.61,1,19,"Oh, God. Well, it started about a half hour before the wedding. I was in this room where we were keeping all the presents. And I was looking at this gravy boat this really gorgeous, lamoge gravy boat. When all of a sudden I realized sweet. And realized I realized that I was more turned on by this gravy bolt than by Barry. And then I got really freaked out. And that's when it hit me how much Barry looks like.",1,Logic,Conceptual_surprise|Absurdity,0
190,283.1,1,19,"Oh, God. Well, it started about a half hour before the wedding. I was in this room where we were keeping all the presents. And I was looking at this gravy boat this really gorgeous, lamoge gravy boat. When all of a sudden I realized sweet. And realized I realized that I was more turned on by this gravy bolt than by Barry. And then I got really freaked out. And that's when it hit me how much Barry looks like.",1,Logic,Conceptual_surprise|Absurdity,1
191,284.59,1,19,"Oh, God. Well, it started about a half hour before the wedding. I was in this room where we were keeping all the presents. And I was looking at this gravy boat this really gorgeous, lamoge gravy boat. When all of a sudden I realized sweet. And realized I realized that I was more turned on by this gravy bolt than by Barry. And then I got really freaked out. And that's when it hit me how much Barry looks like.",1,Logic,Conceptual_surprise|Absurdity,0
192,286.08,1,19,"Oh, God. Well, it started about a half hour before the wedding. I was in this room where we were keeping all the presents. And I was looking at this gravy boat this really gorgeous, lamoge gravy boat. When all of a sudden I realized sweet. And realized I realized that I was more turned on by this gravy bolt than by Barry. And then I got really freaked out. And that's when it hit me how much Barry looks like.",1,Logic,Conceptual_surprise|Absurdity,1
193,287.57,1,19,"Oh, God. Well, it started about a half hour before the wedding. I was in this room where we were keeping all the presents. And I was looking at this gravy boat this really gorgeous, lamoge gravy boat. When all of a sudden I realized sweet. And realized I realized that I was more turned on by this gravy bolt than by Barry. And then I got really freaked out. And that's when it hit me how much Barry looks like.",1,Logic,Conceptual_surprise|Absurdity,0
194,289.06,1,19,"Oh, God. Well, it started about a half hour before the wedding. I was in this room where we were keeping all the presents. And I was looking at this gravy boat this really gorgeous, lamoge gravy boat. When all of a sudden I realized sweet. And realized I realized that I was more turned on by this gravy bolt than by Barry. And then I got really freaked out. And that's when it hit me how much Barry looks like.",1,Logic,Conceptual_surprise|Absurdity,0
195,290.55,1,19,"Oh, God. Well, it started about a half hour before the wedding. I was in this room where we were keeping all the presents. And I was looking at this gravy boat this really gorgeous, lamoge gravy boat. When all of a sudden I realized sweet. And realized I realized that I was more turned on by this gravy bolt than by Barry. And then I got really freaked out. And that's when it hit me how much Barry looks like.",1,Logic,Conceptual_surprise|Absurdity,0
196,292.04,1,19,"Oh, God. Well, it started about a half hour before the wedding. I was in this room where we were keeping all the presents. And I was looking at this gravy boat this really gorgeous, lamoge gravy boat. When all of a sudden I realized sweet. And realized I realized that I was more turned on by this gravy bolt than by Barry. And then I got really freaked out. And that's when it hit me how much Barry looks like.",1,Logic,Conceptual_surprise|Absurdity,0
197,293.53,1,19,"Oh, God. Well, it started about a half hour before the wedding. I was in this room where we were keeping all the presents. And I was looking at this gravy boat this really gorgeous, lamoge gravy boat. When all of a sudden I realized sweet. And realized I realized that I was more turned on by this gravy bolt than by Barry. And then I got really freaked out. And that's when it hit me how much Barry looks like.",1,Logic,Conceptual_surprise|Absurdity,0
198,295.02,0,-1,,0,,,1
199,296.51,1,20,I always know he looked familiar. But,0,,,0
200,298.0,1,20,I always know he looked familiar. But,0,,,1
201,299.49,0,-1,,0,,,1
202,300.98,0,-1,,0,,,1
203,302.47,1,21,"anyway, I just had to get out of there and I started wondering why am I doing this? And who am I doing this for? So anyway, I just didn't know where to go. And I know that you and I have kind of drifted apart but you're the only person I knew who lived here in the city who wasn't invited to the wedding. Oh, I was kind of hoping that wouldn't be an issue.",1,Identity,Self_deprecation,0
204,303.96,1,21,"anyway, I just had to get out of there and I started wondering why am I doing this? And who am I doing this for? So anyway, I just didn't know where to go. And I know that you and I have kind of drifted apart but you're the only person I knew who lived here in the city who wasn't invited to the wedding. Oh, I was kind of hoping that wouldn't be an issue.",1,Identity,Self_deprecation,0
205,305.45,1,21,"anyway, I just had to get out of there and I started wondering why am I doing this? And who am I doing this for? So anyway, I just didn't know where to go. And I know that you and I have kind of drifted apart but you're the only person I knew who lived here in the city who wasn't invited to the wedding. Oh, I was kind of hoping that wouldn't be an issue.",1,Identity,Self_deprecation,0
206,306.94,1,21,"anyway, I just had to get out of there and I started wondering why am I doing this? And who am I doing this for? So anyway, I just didn't know where to go. And I know that you and I have kind of drifted apart but you're the only person I knew who lived here in the city who wasn't invited to the wedding. Oh, I was kind of hoping that wouldn't be an issue.",1,Identity,Self_deprecation,0
207,308.43,1,21,"anyway, I just had to get out of there and I started wondering why am I doing this? And who am I doing this for? So anyway, I just didn't know where to go. And I know that you and I have kind of drifted apart but you're the only person I knew who lived here in the city who wasn't invited to the wedding. Oh, I was kind of hoping that wouldn't be an issue.",1,Identity,Self_deprecation,1
208,309.92,1,21,"anyway, I just had to get out of there and I started wondering why am I doing this? And who am I doing this for? So anyway, I just didn't know where to go. And I know that you and I have kind of drifted apart but you're the only person I knew who lived here in the city who wasn't invited to the wedding. Oh, I was kind of hoping that wouldn't be an issue.",1,Identity,Self_deprecation,0
209,311.41,1,21,"anyway, I just had to get out of there and I started wondering why am I doing this? And who am I doing this for? So anyway, I just didn't know where to go. And I know that you and I have kind of drifted apart but you're the only person I knew who lived here in the city who wasn't invited to the wedding. Oh, I was kind of hoping that wouldn't be an issue.",1,Identity,Self_deprecation,0
210,312.9,1,21,"anyway, I just had to get out of there and I started wondering why am I doing this? And who am I doing this for? So anyway, I just didn't know where to go. And I know that you and I have kind of drifted apart but you're the only person I knew who lived here in the city who wasn't invited to the wedding. Oh, I was kind of hoping that wouldn't be an issue.",1,Identity,Self_deprecation,0
211,314.39,1,21,"anyway, I just had to get out of there and I started wondering why am I doing this? And who am I doing this for? So anyway, I just didn't know where to go. And I know that you and I have kind of drifted apart but you're the only person I knew who lived here in the city who wasn't invited to the wedding. Oh, I was kind of hoping that wouldn't be an issue.",1,Identity,Self_deprecation,0
212,315.88,1,21,"anyway, I just had to get out of there and I started wondering why am I doing this? And who am I doing this for? So anyway, I just didn't know where to go. And I know that you and I have kind of drifted apart but you're the only person I knew who lived here in the city who wasn't invited to the wedding. Oh, I was kind of hoping that wouldn't be an issue.",1,Identity,Self_deprecation,0
213,317.37,1,21,"anyway, I just had to get out of there and I started wondering why am I doing this? And who am I doing this for? So anyway, I just didn't know where to go. And I know that you and I have kind of drifted apart but you're the only person I knew who lived here in the city who wasn't invited to the wedding. Oh, I was kind of hoping that wouldn't be an issue.",1,Identity,Self_deprecation,0
214,318.86,1,21,"anyway, I just had to get out of there and I started wondering why am I doing this? And who am I doing this for? So anyway, I just didn't know where to go. And I know that you and I have kind of drifted apart but you're the only person I knew who lived here in the city who wasn't invited to the wedding. Oh, I was kind of hoping that wouldn't be an issue.",1,Identity,Self_deprecation,1
215,320.35,1,21,"anyway, I just had to get out of there and I started wondering why am I doing this? And who am I doing this for? So anyway, I just didn't know where to go. And I know that you and I have kind of drifted apart but you're the only person I knew who lived here in the city who wasn't invited to the wedding. Oh, I was kind of hoping that wouldn't be an issue.",1,Identity,Self_deprecation,1
216,321.84,0,-1,,0,,,1
217,323.33,0,-1,,0,,,0
218,324.82,0,-1,,0,,,0
219,326.31,0,-1,,0,,,0
220,327.8,0,-1,,0,,,0
221,329.29,0,-1,,0,,,0
222,330.78,0,-1,,0,,,0
223,332.27,0,-1,,0,,,0
224,333.76,0,-1,,0,,,0
225,335.25,0,-1,,0,,,0
226,336.74,1,22,"Criminalisala De Marcela Singing all right, I'm guessing that he bought her the big pipe organ and she's really not happy about it.",1,Language,Puns|Misunderstanding,0
227,338.23,1,22,"Criminalisala De Marcela Singing all right, I'm guessing that he bought her the big pipe organ and she's really not happy about it.",1,Language,Puns|Misunderstanding,0
228,339.72,1,22,"Criminalisala De Marcela Singing all right, I'm guessing that he bought her the big pipe organ and she's really not happy about it.",1,Language,Puns|Misunderstanding,0
229,341.21,1,22,"Criminalisala De Marcela Singing all right, I'm guessing that he bought her the big pipe organ and she's really not happy about it.",1,Language,Puns|Misunderstanding,1
230,342.7,0,-1,,0,,,1
231,344.19,1,23,"Tuna. Egg salad, desa.",1,Language,Puns,0
232,345.68,1,23,"Tuna. Egg salad, desa.",1,Language,Puns,0
233,347.17,0,-1,,0,,,1
234,348.66,1,24,I'll have whatever Christine is having.,1,Language,Allusion,1
235,350.15,1,24,I'll have whatever Christine is having.,1,Language,Allusion,1
236,351.64,0,-1,,0,,,1
237,353.13,1,25,"Daddy, I just I can't marry him. I'm sorry. I just don't love him. Well, it matters to me.",0,,,1
238,354.62,1,25,"Daddy, I just I can't marry him. I'm sorry. I just don't love him. Well, it matters to me.",0,,,0
239,356.11,1,25,"Daddy, I just I can't marry him. I'm sorry. I just don't love him. Well, it matters to me.",0,,,0
240,357.6,1,25,"Daddy, I just I can't marry him. I'm sorry. I just don't love him. Well, it matters to me.",0,,,0
241,359.09,1,25,"Daddy, I just I can't marry him. I'm sorry. I just don't love him. Well, it matters to me.",0,,,0
242,360.58,1,25,"Daddy, I just I can't marry him. I'm sorry. I just don't love him. Well, it matters to me.",0,,,0
243,362.07,1,25,"Daddy, I just I can't marry him. I'm sorry. I just don't love him. Well, it matters to me.",0,,,0
244,363.56,1,25,"Daddy, I just I can't marry him. I'm sorry. I just don't love him. Well, it matters to me.",0,,,1
245,365.05,0,-1,,0,,,1
246,366.54,0,-1,,0,,,1
247,368.03,1,26,"If I let go of my hair, my hip will fall off.",1,Logic,Absurdity,1
248,369.52,1,26,"If I let go of my hair, my hip will fall off.",1,Logic,Absurdity,0
249,371.01,1,26,"If I let go of my hair, my hip will fall off.",1,Logic,Absurdity,1
250,372.5,0,-1,,0,,,1
251,373.99,1,27,She should not be wearing those pants. I'd say push her down the stairs. Push her down. Push.,1,Language,Ridicule,1
252,375.48,1,27,She should not be wearing those pants. I'd say push her down the stairs. Push her down. Push.,1,Language,Ridicule,0
253,376.97,1,27,She should not be wearing those pants. I'd say push her down the stairs. Push her down. Push.,1,Language,Ridicule,1
254,378.46,1,27,She should not be wearing those pants. I'd say push her down the stairs. Push her down. Push.,1,Language,Ridicule,0
255,379.95,1,27,She should not be wearing those pants. I'd say push her down the stairs. Push her down. Push.,1,Language,Ridicule,0
256,381.44,1,27,She should not be wearing those pants. I'd say push her down the stairs. Push her down. Push.,1,Language,Ridicule,0
257,382.93,1,27,She should not be wearing those pants. I'd say push her down the stairs. Push her down. Push.,1,Language,Ridicule,1
258,384.42,0,-1,,0,,,0
259,385.91,0,-1,,0,,,1
260,387.4,1,28,"Come on, Daddy, listen to me. It's like it's like all of my life everyone has always told me, you're a shoe. You're a shoe. You're a shoe. You're a shoe. And then today I just stopped and I said what if I don't want to be a shoe? What if I want to be a purse? Or a hat? No, I don't want you to buy me a hat. I'm saying that I am a hat. It's a metaphor, Daddy. You can see where you'd have trouble.",1,Logic,Absurdity|Misunderstanding,0
261,388.89,1,28,"Come on, Daddy, listen to me. It's like it's like all of my life everyone has always told me, you're a shoe. You're a shoe. You're a shoe. You're a shoe. And then today I just stopped and I said what if I don't want to be a shoe? What if I want to be a purse? Or a hat? No, I don't want you to buy me a hat. I'm saying that I am a hat. It's a metaphor, Daddy. You can see where you'd have trouble.",1,Logic,Absurdity|Misunderstanding,0
262,390.38,1,28,"Come on, Daddy, listen to me. It's like it's like all of my life everyone has always told me, you're a shoe. You're a shoe. You're a shoe. You're a shoe. And then today I just stopped and I said what if I don't want to be a shoe? What if I want to be a purse? Or a hat? No, I don't want you to buy me a hat. I'm saying that I am a hat. It's a metaphor, Daddy. You can see where you'd have trouble.",1,Logic,Absurdity|Misunderstanding,1
263,391.87,1,28,"Come on, Daddy, listen to me. It's like it's like all of my life everyone has always told me, you're a shoe. You're a shoe. You're a shoe. You're a shoe. And then today I just stopped and I said what if I don't want to be a shoe? What if I want to be a purse? Or a hat? No, I don't want you to buy me a hat. I'm saying that I am a hat. It's a metaphor, Daddy. You can see where you'd have trouble.",1,Logic,Absurdity|Misunderstanding,1
264,393.36,1,28,"Come on, Daddy, listen to me. It's like it's like all of my life everyone has always told me, you're a shoe. You're a shoe. You're a shoe. You're a shoe. And then today I just stopped and I said what if I don't want to be a shoe? What if I want to be a purse? Or a hat? No, I don't want you to buy me a hat. I'm saying that I am a hat. It's a metaphor, Daddy. You can see where you'd have trouble.",1,Logic,Absurdity|Misunderstanding,0
265,394.85,1,28,"Come on, Daddy, listen to me. It's like it's like all of my life everyone has always told me, you're a shoe. You're a shoe. You're a shoe. You're a shoe. And then today I just stopped and I said what if I don't want to be a shoe? What if I want to be a purse? Or a hat? No, I don't want you to buy me a hat. I'm saying that I am a hat. It's a metaphor, Daddy. You can see where you'd have trouble.",1,Logic,Absurdity|Misunderstanding,0
266,396.34,1,28,"Come on, Daddy, listen to me. It's like it's like all of my life everyone has always told me, you're a shoe. You're a shoe. You're a shoe. You're a shoe. And then today I just stopped and I said what if I don't want to be a shoe? What if I want to be a purse? Or a hat? No, I don't want you to buy me a hat. I'm saying that I am a hat. It's a metaphor, Daddy. You can see where you'd have trouble.",1,Logic,Absurdity|Misunderstanding,0
267,397.83,1,28,"Come on, Daddy, listen to me. It's like it's like all of my life everyone has always told me, you're a shoe. You're a shoe. You're a shoe. You're a shoe. And then today I just stopped and I said what if I don't want to be a shoe? What if I want to be a purse? Or a hat? No, I don't want you to buy me a hat. I'm saying that I am a hat. It's a metaphor, Daddy. You can see where you'd have trouble.",1,Logic,Absurdity|Misunderstanding,0
268,399.32,1,28,"Come on, Daddy, listen to me. It's like it's like all of my life everyone has always told me, you're a shoe. You're a shoe. You're a shoe. You're a shoe. And then today I just stopped and I said what if I don't want to be a shoe? What if I want to be a purse? Or a hat? No, I don't want you to buy me a hat. I'm saying that I am a hat. It's a metaphor, Daddy. You can see where you'd have trouble.",1,Logic,Absurdity|Misunderstanding,0
269,400.81,1,28,"Come on, Daddy, listen to me. It's like it's like all of my life everyone has always told me, you're a shoe. You're a shoe. You're a shoe. You're a shoe. And then today I just stopped and I said what if I don't want to be a shoe? What if I want to be a purse? Or a hat? No, I don't want you to buy me a hat. I'm saying that I am a hat. It's a metaphor, Daddy. You can see where you'd have trouble.",1,Logic,Absurdity|Misunderstanding,0
270,402.3,1,28,"Come on, Daddy, listen to me. It's like it's like all of my life everyone has always told me, you're a shoe. You're a shoe. You're a shoe. You're a shoe. And then today I just stopped and I said what if I don't want to be a shoe? What if I want to be a purse? Or a hat? No, I don't want you to buy me a hat. I'm saying that I am a hat. It's a metaphor, Daddy. You can see where you'd have trouble.",1,Logic,Absurdity|Misunderstanding,0
271,403.79,1,28,"Come on, Daddy, listen to me. It's like it's like all of my life everyone has always told me, you're a shoe. You're a shoe. You're a shoe. You're a shoe. And then today I just stopped and I said what if I don't want to be a shoe? What if I want to be a purse? Or a hat? No, I don't want you to buy me a hat. I'm saying that I am a hat. It's a metaphor, Daddy. You can see where you'd have trouble.",1,Logic,Absurdity|Misunderstanding,0
272,405.28,1,28,"Come on, Daddy, listen to me. It's like it's like all of my life everyone has always told me, you're a shoe. You're a shoe. You're a shoe. You're a shoe. And then today I just stopped and I said what if I don't want to be a shoe? What if I want to be a purse? Or a hat? No, I don't want you to buy me a hat. I'm saying that I am a hat. It's a metaphor, Daddy. You can see where you'd have trouble.",1,Logic,Absurdity|Misunderstanding,0
273,406.77,1,28,"Come on, Daddy, listen to me. It's like it's like all of my life everyone has always told me, you're a shoe. You're a shoe. You're a shoe. You're a shoe. And then today I just stopped and I said what if I don't want to be a shoe? What if I want to be a purse? Or a hat? No, I don't want you to buy me a hat. I'm saying that I am a hat. It's a metaphor, Daddy. You can see where you'd have trouble.",1,Logic,Absurdity|Misunderstanding,1
274,408.26,1,28,"Come on, Daddy, listen to me. It's like it's like all of my life everyone has always told me, you're a shoe. You're a shoe. You're a shoe. You're a shoe. And then today I just stopped and I said what if I don't want to be a shoe? What if I want to be a purse? Or a hat? No, I don't want you to buy me a hat. I'm saying that I am a hat. It's a metaphor, Daddy. You can see where you'd have trouble.",1,Logic,Absurdity|Misunderstanding,0
275,409.75,1,28,"Come on, Daddy, listen to me. It's like it's like all of my life everyone has always told me, you're a shoe. You're a shoe. You're a shoe. You're a shoe. And then today I just stopped and I said what if I don't want to be a shoe? What if I want to be a purse? Or a hat? No, I don't want you to buy me a hat. I'm saying that I am a hat. It's a metaphor, Daddy. You can see where you'd have trouble.",1,Logic,Absurdity|Misunderstanding,1
276,411.24,1,28,"Come on, Daddy, listen to me. It's like it's like all of my life everyone has always told me, you're a shoe. You're a shoe. You're a shoe. You're a shoe. And then today I just stopped and I said what if I don't want to be a shoe? What if I want to be a purse? Or a hat? No, I don't want you to buy me a hat. I'm saying that I am a hat. It's a metaphor, Daddy. You can see where you'd have trouble.",1,Logic,Absurdity|Misunderstanding,1
277,412.73,1,28,"Come on, Daddy, listen to me. It's like it's like all of my life everyone has always told me, you're a shoe. You're a shoe. You're a shoe. You're a shoe. And then today I just stopped and I said what if I don't want to be a shoe? What if I want to be a purse? Or a hat? No, I don't want you to buy me a hat. I'm saying that I am a hat. It's a metaphor, Daddy. You can see where you'd have trouble.",1,Logic,Absurdity|Misunderstanding,1
278,414.22,1,28,"Come on, Daddy, listen to me. It's like it's like all of my life everyone has always told me, you're a shoe. You're a shoe. You're a shoe. You're a shoe. And then today I just stopped and I said what if I don't want to be a shoe? What if I want to be a purse? Or a hat? No, I don't want you to buy me a hat. I'm saying that I am a hat. It's a metaphor, Daddy. You can see where you'd have trouble.",1,Logic,Absurdity|Misunderstanding,0
279,415.71,1,28,"Come on, Daddy, listen to me. It's like it's like all of my life everyone has always told me, you're a shoe. You're a shoe. You're a shoe. You're a shoe. And then today I just stopped and I said what if I don't want to be a shoe? What if I want to be a purse? Or a hat? No, I don't want you to buy me a hat. I'm saying that I am a hat. It's a metaphor, Daddy. You can see where you'd have trouble.",1,Logic,Absurdity|Misunderstanding,1
280,417.2,0,-1,,0,,,1
281,418.69,1,29,"Look, Daddy, it's my life. Well, maybe I'll just stay here with Monica.",0,,,0
282,420.18,1,29,"Look, Daddy, it's my life. Well, maybe I'll just stay here with Monica.",0,,,0
283,421.67,1,29,"Look, Daddy, it's my life. Well, maybe I'll just stay here with Monica.",0,,,0
284,423.16,1,29,"Look, Daddy, it's my life. Well, maybe I'll just stay here with Monica.",0,,,0
285,424.65,1,29,"Look, Daddy, it's my life. Well, maybe I'll just stay here with Monica.",0,,,0
286,426.14,0,-1,,0,,,1
287,427.63,1,30,"Well, I guess we've established she's staying here with Monica. Well, maybe that's my decision. Well, maybe I don't need your money. Wait. I said maybe.",1,Logic,Conceptual_surprise,1
288,429.12,1,30,"Well, I guess we've established she's staying here with Monica. Well, maybe that's my decision. Well, maybe I don't need your money. Wait. I said maybe.",1,Logic,Conceptual_surprise,0
289,430.61,1,30,"Well, I guess we've established she's staying here with Monica. Well, maybe that's my decision. Well, maybe I don't need your money. Wait. I said maybe.",1,Logic,Conceptual_surprise,1
290,432.1,1,30,"Well, I guess we've established she's staying here with Monica. Well, maybe that's my decision. Well, maybe I don't need your money. Wait. I said maybe.",1,Logic,Conceptual_surprise,0
291,433.59,1,30,"Well, I guess we've established she's staying here with Monica. Well, maybe that's my decision. Well, maybe I don't need your money. Wait. I said maybe.",1,Logic,Conceptual_surprise,0
292,435.08,1,30,"Well, I guess we've established she's staying here with Monica. Well, maybe that's my decision. Well, maybe I don't need your money. Wait. I said maybe.",1,Logic,Conceptual_surprise,0
293,436.57,1,30,"Well, I guess we've established she's staying here with Monica. Well, maybe that's my decision. Well, maybe I don't need your money. Wait. I said maybe.",1,Logic,Conceptual_surprise,0
294,438.06,1,30,"Well, I guess we've established she's staying here with Monica. Well, maybe that's my decision. Well, maybe I don't need your money. Wait. I said maybe.",1,Logic,Conceptual_surprise,1
295,439.55,0,-1,,0,,,1
296,441.04,0,-1,,0,,,0
297,442.53,0,-1,,0,,,0
298,444.02,0,-1,,0,,,0
299,445.51,0,-1,,0,,,0
300,447.0,1,31,"It's breathe. Breathe. That's it. Just try to think of nice, calm things. Raindrops on roses and",0,,,0
301,448.49,1,31,"It's breathe. Breathe. That's it. Just try to think of nice, calm things. Raindrops on roses and",0,,,0
302,449.98,1,31,"It's breathe. Breathe. That's it. Just try to think of nice, calm things. Raindrops on roses and",0,,,0
303,451.47,1,31,"It's breathe. Breathe. That's it. Just try to think of nice, calm things. Raindrops on roses and",0,,,0
304,452.96,1,31,"It's breathe. Breathe. That's it. Just try to think of nice, calm things. Raindrops on roses and",0,,,0
305,454.45,1,31,"It's breathe. Breathe. That's it. Just try to think of nice, calm things. Raindrops on roses and",0,,,0
306,455.94,1,31,"It's breathe. Breathe. That's it. Just try to think of nice, calm things. Raindrops on roses and",0,,,1
307,457.43,0,-1,,0,,,0
308,458.92,1,32,doorbells and sleigh bells and sing with mittens something and noodles with strings I'm all better now.,1,Language,Wit|Absurdity,0
309,460.41,1,32,doorbells and sleigh bells and sing with mittens something and noodles with strings I'm all better now.,1,Language,Wit|Absurdity,0
310,461.9,1,32,doorbells and sleigh bells and sing with mittens something and noodles with strings I'm all better now.,1,Language,Wit|Absurdity,1
311,463.39,1,32,doorbells and sleigh bells and sing with mittens something and noodles with strings I'm all better now.,1,Language,Wit|Absurdity,0
312,464.88,1,32,doorbells and sleigh bells and sing with mittens something and noodles with strings I'm all better now.,1,Language,Wit|Absurdity,0
313,466.37,1,32,doorbells and sleigh bells and sing with mittens something and noodles with strings I'm all better now.,1,Language,Wit|Absurdity,0
314,467.86,1,32,doorbells and sleigh bells and sing with mittens something and noodles with strings I'm all better now.,1,Language,Wit|Absurdity,1
315,469.35,0,-1,,0,,,1
316,470.84,1,33,I have,0,,,1
317,472.33,0,-1,,0,,,1
318,473.82,1,34,"okay, look, this is probably for the best. You know, independence, taking control of your life. The whole hat thing. And hey, you need anything, you can always come to Joey. Me and Chandler live right across the hall, and he's away a lot. Joey, stop hitting on her. It's her wedding day. What, like there's a rule or something?",1,Identity,Self_deprecation,1
319,475.31,1,34,"okay, look, this is probably for the best. You know, independence, taking control of your life. The whole hat thing. And hey, you need anything, you can always come to Joey. Me and Chandler live right across the hall, and he's away a lot. Joey, stop hitting on her. It's her wedding day. What, like there's a rule or something?",1,Identity,Self_deprecation,0
320,476.8,1,34,"okay, look, this is probably for the best. You know, independence, taking control of your life. The whole hat thing. And hey, you need anything, you can always come to Joey. Me and Chandler live right across the hall, and he's away a lot. Joey, stop hitting on her. It's her wedding day. What, like there's a rule or something?",1,Identity,Self_deprecation,0
321,478.29,1,34,"okay, look, this is probably for the best. You know, independence, taking control of your life. The whole hat thing. And hey, you need anything, you can always come to Joey. Me and Chandler live right across the hall, and he's away a lot. Joey, stop hitting on her. It's her wedding day. What, like there's a rule or something?",1,Identity,Self_deprecation,0
322,479.78,1,34,"okay, look, this is probably for the best. You know, independence, taking control of your life. The whole hat thing. And hey, you need anything, you can always come to Joey. Me and Chandler live right across the hall, and he's away a lot. Joey, stop hitting on her. It's her wedding day. What, like there's a rule or something?",1,Identity,Self_deprecation,0
323,481.27,1,34,"okay, look, this is probably for the best. You know, independence, taking control of your life. The whole hat thing. And hey, you need anything, you can always come to Joey. Me and Chandler live right across the hall, and he's away a lot. Joey, stop hitting on her. It's her wedding day. What, like there's a rule or something?",1,Identity,Self_deprecation,0
324,482.76,1,34,"okay, look, this is probably for the best. You know, independence, taking control of your life. The whole hat thing. And hey, you need anything, you can always come to Joey. Me and Chandler live right across the hall, and he's away a lot. Joey, stop hitting on her. It's her wedding day. What, like there's a rule or something?",1,Identity,Self_deprecation,0
325,484.25,1,34,"okay, look, this is probably for the best. You know, independence, taking control of your life. The whole hat thing. And hey, you need anything, you can always come to Joey. Me and Chandler live right across the hall, and he's away a lot. Joey, stop hitting on her. It's her wedding day. What, like there's a rule or something?",1,Identity,Self_deprecation,0
326,485.74,1,34,"okay, look, this is probably for the best. You know, independence, taking control of your life. The whole hat thing. And hey, you need anything, you can always come to Joey. Me and Chandler live right across the hall, and he's away a lot. Joey, stop hitting on her. It's her wedding day. What, like there's a rule or something?",1,Identity,Self_deprecation,0
327,487.23,1,34,"okay, look, this is probably for the best. You know, independence, taking control of your life. The whole hat thing. And hey, you need anything, you can always come to Joey. Me and Chandler live right across the hall, and he's away a lot. Joey, stop hitting on her. It's her wedding day. What, like there's a rule or something?",1,Identity,Self_deprecation,0
328,488.72,1,34,"okay, look, this is probably for the best. You know, independence, taking control of your life. The whole hat thing. And hey, you need anything, you can always come to Joey. Me and Chandler live right across the hall, and he's away a lot. Joey, stop hitting on her. It's her wedding day. What, like there's a rule or something?",1,Identity,Self_deprecation,0
329,490.21,1,34,"okay, look, this is probably for the best. You know, independence, taking control of your life. The whole hat thing. And hey, you need anything, you can always come to Joey. Me and Chandler live right across the hall, and he's away a lot. Joey, stop hitting on her. It's her wedding day. What, like there's a rule or something?",1,Identity,Self_deprecation,1
330,491.7,1,34,"okay, look, this is probably for the best. You know, independence, taking control of your life. The whole hat thing. And hey, you need anything, you can always come to Joey. Me and Chandler live right across the hall, and he's away a lot. Joey, stop hitting on her. It's her wedding day. What, like there's a rule or something?",1,Identity,Self_deprecation,1
331,493.19,1,34,"okay, look, this is probably for the best. You know, independence, taking control of your life. The whole hat thing. And hey, you need anything, you can always come to Joey. Me and Chandler live right across the hall, and he's away a lot. Joey, stop hitting on her. It's her wedding day. What, like there's a rule or something?",1,Identity,Self_deprecation,0
332,494.68,1,34,"okay, look, this is probably for the best. You know, independence, taking control of your life. The whole hat thing. And hey, you need anything, you can always come to Joey. Me and Chandler live right across the hall, and he's away a lot. Joey, stop hitting on her. It's her wedding day. What, like there's a rule or something?",1,Identity,Self_deprecation,0
333,496.17,1,34,"okay, look, this is probably for the best. You know, independence, taking control of your life. The whole hat thing. And hey, you need anything, you can always come to Joey. Me and Chandler live right across the hall, and he's away a lot. Joey, stop hitting on her. It's her wedding day. What, like there's a rule or something?",1,Identity,Self_deprecation,0
334,497.66,0,-1,,0,,,1
335,499.15,0,-1,,0,,,0
336,500.64,1,35,I got it.,0,,,0
337,502.13,0,-1,,0,,,0
338,503.62,1,36,"Please don't do that again. It's a horrible sound. It's Paul. Oh, God. Is it 630? Buz him in. Who's Paul? Paul, the wine guy, Paul? Maybe. Wait a minute. You're not a real date tonight is with Paul, the wine guy? He finally asked you out? Yes. Oh, this is a dear diary wait, wait. I can cancel. Oh, God. Please, no, go. I'll be fine. Ross, are you okay? I mean, do you want me to stay? That'd be good.",1,Logic,Misunderstanding,0
339,505.11,1,36,"Please don't do that again. It's a horrible sound. It's Paul. Oh, God. Is it 630? Buz him in. Who's Paul? Paul, the wine guy, Paul? Maybe. Wait a minute. You're not a real date tonight is with Paul, the wine guy? He finally asked you out? Yes. Oh, this is a dear diary wait, wait. I can cancel. Oh, God. Please, no, go. I'll be fine. Ross, are you okay? I mean, do you want me to stay? That'd be good.",1,Logic,Misunderstanding,0
340,506.6,1,36,"Please don't do that again. It's a horrible sound. It's Paul. Oh, God. Is it 630? Buz him in. Who's Paul? Paul, the wine guy, Paul? Maybe. Wait a minute. You're not a real date tonight is with Paul, the wine guy? He finally asked you out? Yes. Oh, this is a dear diary wait, wait. I can cancel. Oh, God. Please, no, go. I'll be fine. Ross, are you okay? I mean, do you want me to stay? That'd be good.",1,Logic,Misunderstanding,1
341,508.09,1,36,"Please don't do that again. It's a horrible sound. It's Paul. Oh, God. Is it 630? Buz him in. Who's Paul? Paul, the wine guy, Paul? Maybe. Wait a minute. You're not a real date tonight is with Paul, the wine guy? He finally asked you out? Yes. Oh, this is a dear diary wait, wait. I can cancel. Oh, God. Please, no, go. I'll be fine. Ross, are you okay? I mean, do you want me to stay? That'd be good.",1,Logic,Misunderstanding,0
342,509.58,1,36,"Please don't do that again. It's a horrible sound. It's Paul. Oh, God. Is it 630? Buz him in. Who's Paul? Paul, the wine guy, Paul? Maybe. Wait a minute. You're not a real date tonight is with Paul, the wine guy? He finally asked you out? Yes. Oh, this is a dear diary wait, wait. I can cancel. Oh, God. Please, no, go. I'll be fine. Ross, are you okay? I mean, do you want me to stay? That'd be good.",1,Logic,Misunderstanding,0
343,511.07,1,36,"Please don't do that again. It's a horrible sound. It's Paul. Oh, God. Is it 630? Buz him in. Who's Paul? Paul, the wine guy, Paul? Maybe. Wait a minute. You're not a real date tonight is with Paul, the wine guy? He finally asked you out? Yes. Oh, this is a dear diary wait, wait. I can cancel. Oh, God. Please, no, go. I'll be fine. Ross, are you okay? I mean, do you want me to stay? That'd be good.",1,Logic,Misunderstanding,0
344,512.56,1,36,"Please don't do that again. It's a horrible sound. It's Paul. Oh, God. Is it 630? Buz him in. Who's Paul? Paul, the wine guy, Paul? Maybe. Wait a minute. You're not a real date tonight is with Paul, the wine guy? He finally asked you out? Yes. Oh, this is a dear diary wait, wait. I can cancel. Oh, God. Please, no, go. I'll be fine. Ross, are you okay? I mean, do you want me to stay? That'd be good.",1,Logic,Misunderstanding,0
345,514.05,1,36,"Please don't do that again. It's a horrible sound. It's Paul. Oh, God. Is it 630? Buz him in. Who's Paul? Paul, the wine guy, Paul? Maybe. Wait a minute. You're not a real date tonight is with Paul, the wine guy? He finally asked you out? Yes. Oh, this is a dear diary wait, wait. I can cancel. Oh, God. Please, no, go. I'll be fine. Ross, are you okay? I mean, do you want me to stay? That'd be good.",1,Logic,Misunderstanding,0
346,515.54,1,36,"Please don't do that again. It's a horrible sound. It's Paul. Oh, God. Is it 630? Buz him in. Who's Paul? Paul, the wine guy, Paul? Maybe. Wait a minute. You're not a real date tonight is with Paul, the wine guy? He finally asked you out? Yes. Oh, this is a dear diary wait, wait. I can cancel. Oh, God. Please, no, go. I'll be fine. Ross, are you okay? I mean, do you want me to stay? That'd be good.",1,Logic,Misunderstanding,0
347,517.03,1,36,"Please don't do that again. It's a horrible sound. It's Paul. Oh, God. Is it 630? Buz him in. Who's Paul? Paul, the wine guy, Paul? Maybe. Wait a minute. You're not a real date tonight is with Paul, the wine guy? He finally asked you out? Yes. Oh, this is a dear diary wait, wait. I can cancel. Oh, God. Please, no, go. I'll be fine. Ross, are you okay? I mean, do you want me to stay? That'd be good.",1,Logic,Misunderstanding,0
348,518.52,1,36,"Please don't do that again. It's a horrible sound. It's Paul. Oh, God. Is it 630? Buz him in. Who's Paul? Paul, the wine guy, Paul? Maybe. Wait a minute. You're not a real date tonight is with Paul, the wine guy? He finally asked you out? Yes. Oh, this is a dear diary wait, wait. I can cancel. Oh, God. Please, no, go. I'll be fine. Ross, are you okay? I mean, do you want me to stay? That'd be good.",1,Logic,Misunderstanding,0
349,520.01,1,36,"Please don't do that again. It's a horrible sound. It's Paul. Oh, God. Is it 630? Buz him in. Who's Paul? Paul, the wine guy, Paul? Maybe. Wait a minute. You're not a real date tonight is with Paul, the wine guy? He finally asked you out? Yes. Oh, this is a dear diary wait, wait. I can cancel. Oh, God. Please, no, go. I'll be fine. Ross, are you okay? I mean, do you want me to stay? That'd be good.",1,Logic,Misunderstanding,0
350,521.5,1,36,"Please don't do that again. It's a horrible sound. It's Paul. Oh, God. Is it 630? Buz him in. Who's Paul? Paul, the wine guy, Paul? Maybe. Wait a minute. You're not a real date tonight is with Paul, the wine guy? He finally asked you out? Yes. Oh, this is a dear diary wait, wait. I can cancel. Oh, God. Please, no, go. I'll be fine. Ross, are you okay? I mean, do you want me to stay? That'd be good.",1,Logic,Misunderstanding,0
351,522.99,1,36,"Please don't do that again. It's a horrible sound. It's Paul. Oh, God. Is it 630? Buz him in. Who's Paul? Paul, the wine guy, Paul? Maybe. Wait a minute. You're not a real date tonight is with Paul, the wine guy? He finally asked you out? Yes. Oh, this is a dear diary wait, wait. I can cancel. Oh, God. Please, no, go. I'll be fine. Ross, are you okay? I mean, do you want me to stay? That'd be good.",1,Logic,Misunderstanding,1
352,524.48,1,36,"Please don't do that again. It's a horrible sound. It's Paul. Oh, God. Is it 630? Buz him in. Who's Paul? Paul, the wine guy, Paul? Maybe. Wait a minute. You're not a real date tonight is with Paul, the wine guy? He finally asked you out? Yes. Oh, this is a dear diary wait, wait. I can cancel. Oh, God. Please, no, go. I'll be fine. Ross, are you okay? I mean, do you want me to stay? That'd be good.",1,Logic,Misunderstanding,1
353,525.97,1,36,"Please don't do that again. It's a horrible sound. It's Paul. Oh, God. Is it 630? Buz him in. Who's Paul? Paul, the wine guy, Paul? Maybe. Wait a minute. You're not a real date tonight is with Paul, the wine guy? He finally asked you out? Yes. Oh, this is a dear diary wait, wait. I can cancel. Oh, God. Please, no, go. I'll be fine. Ross, are you okay? I mean, do you want me to stay? That'd be good.",1,Logic,Misunderstanding,0
354,527.46,1,36,"Please don't do that again. It's a horrible sound. It's Paul. Oh, God. Is it 630? Buz him in. Who's Paul? Paul, the wine guy, Paul? Maybe. Wait a minute. You're not a real date tonight is with Paul, the wine guy? He finally asked you out? Yes. Oh, this is a dear diary wait, wait. I can cancel. Oh, God. Please, no, go. I'll be fine. Ross, are you okay? I mean, do you want me to stay? That'd be good.",1,Logic,Misunderstanding,0
355,528.95,1,36,"Please don't do that again. It's a horrible sound. It's Paul. Oh, God. Is it 630? Buz him in. Who's Paul? Paul, the wine guy, Paul? Maybe. Wait a minute. You're not a real date tonight is with Paul, the wine guy? He finally asked you out? Yes. Oh, this is a dear diary wait, wait. I can cancel. Oh, God. Please, no, go. I'll be fine. Ross, are you okay? I mean, do you want me to stay? That'd be good.",1,Logic,Misunderstanding,0
356,530.44,1,36,"Please don't do that again. It's a horrible sound. It's Paul. Oh, God. Is it 630? Buz him in. Who's Paul? Paul, the wine guy, Paul? Maybe. Wait a minute. You're not a real date tonight is with Paul, the wine guy? He finally asked you out? Yes. Oh, this is a dear diary wait, wait. I can cancel. Oh, God. Please, no, go. I'll be fine. Ross, are you okay? I mean, do you want me to stay? That'd be good.",1,Logic,Misunderstanding,0
357,531.93,1,36,"Please don't do that again. It's a horrible sound. It's Paul. Oh, God. Is it 630? Buz him in. Who's Paul? Paul, the wine guy, Paul? Maybe. Wait a minute. You're not a real date tonight is with Paul, the wine guy? He finally asked you out? Yes. Oh, this is a dear diary wait, wait. I can cancel. Oh, God. Please, no, go. I'll be fine. Ross, are you okay? I mean, do you want me to stay? That'd be good.",1,Logic,Misunderstanding,0
358,533.42,1,36,"Please don't do that again. It's a horrible sound. It's Paul. Oh, God. Is it 630? Buz him in. Who's Paul? Paul, the wine guy, Paul? Maybe. Wait a minute. You're not a real date tonight is with Paul, the wine guy? He finally asked you out? Yes. Oh, this is a dear diary wait, wait. I can cancel. Oh, God. Please, no, go. I'll be fine. Ross, are you okay? I mean, do you want me to stay? That'd be good.",1,Logic,Misunderstanding,0
359,534.91,1,36,"Please don't do that again. It's a horrible sound. It's Paul. Oh, God. Is it 630? Buz him in. Who's Paul? Paul, the wine guy, Paul? Maybe. Wait a minute. You're not a real date tonight is with Paul, the wine guy? He finally asked you out? Yes. Oh, this is a dear diary wait, wait. I can cancel. Oh, God. Please, no, go. I'll be fine. Ross, are you okay? I mean, do you want me to stay? That'd be good.",1,Logic,Misunderstanding,1
360,536.4,0,-1,,0,,,1
361,537.89,1,37,"Really? No, go on. It's Paul. The wine guy? Does that mean does he sell it, drink it, or he just complains a lot? Hi. Come in. Paul, this is everybody.",1,Language,Wit,1
362,539.38,1,37,"Really? No, go on. It's Paul. The wine guy? Does that mean does he sell it, drink it, or he just complains a lot? Hi. Come in. Paul, this is everybody.",1,Language,Wit,0
363,540.87,1,37,"Really? No, go on. It's Paul. The wine guy? Does that mean does he sell it, drink it, or he just complains a lot? Hi. Come in. Paul, this is everybody.",1,Language,Wit,1
364,542.36,1,37,"Really? No, go on. It's Paul. The wine guy? Does that mean does he sell it, drink it, or he just complains a lot? Hi. Come in. Paul, this is everybody.",1,Language,Wit,0
365,543.85,1,37,"Really? No, go on. It's Paul. The wine guy? Does that mean does he sell it, drink it, or he just complains a lot? Hi. Come in. Paul, this is everybody.",1,Language,Wit,0
366,545.34,1,37,"Really? No, go on. It's Paul. The wine guy? Does that mean does he sell it, drink it, or he just complains a lot? Hi. Come in. Paul, this is everybody.",1,Language,Wit,1
367,546.83,1,37,"Really? No, go on. It's Paul. The wine guy? Does that mean does he sell it, drink it, or he just complains a lot? Hi. Come in. Paul, this is everybody.",1,Language,Wit,1
368,548.32,1,37,"Really? No, go on. It's Paul. The wine guy? Does that mean does he sell it, drink it, or he just complains a lot? Hi. Come in. Paul, this is everybody.",1,Language,Wit,0
369,549.81,1,37,"Really? No, go on. It's Paul. The wine guy? Does that mean does he sell it, drink it, or he just complains a lot? Hi. Come in. Paul, this is everybody.",1,Language,Wit,0
370,551.3,1,37,"Really? No, go on. It's Paul. The wine guy? Does that mean does he sell it, drink it, or he just complains a lot? Hi. Come in. Paul, this is everybody.",1,Language,Wit,1
371,552.79,0,-1,,0,,,1
372,554.28,0,-1,,0,,,0
373,555.77,1,38,"I'm sorry, I didn't catch your name. Paul, was it? Okay, I'll be right back. I've just got to go a wandering.",1,Language,Puns,0
374,557.26,1,38,"I'm sorry, I didn't catch your name. Paul, was it? Okay, I'll be right back. I've just got to go a wandering.",1,Language,Puns,0
375,558.75,1,38,"I'm sorry, I didn't catch your name. Paul, was it? Okay, I'll be right back. I've just got to go a wandering.",1,Language,Puns,1
376,560.24,1,38,"I'm sorry, I didn't catch your name. Paul, was it? Okay, I'll be right back. I've just got to go a wandering.",1,Language,Puns,1
377,561.73,1,38,"I'm sorry, I didn't catch your name. Paul, was it? Okay, I'll be right back. I've just got to go a wandering.",1,Language,Puns,0
378,563.22,1,38,"I'm sorry, I didn't catch your name. Paul, was it? Okay, I'll be right back. I've just got to go a wandering.",1,Language,Puns,0
379,564.71,1,38,"I'm sorry, I didn't catch your name. Paul, was it? Okay, I'll be right back. I've just got to go a wandering.",1,Language,Puns,1
380,566.2,0,-1,,0,,,1
381,567.69,1,39,Change. Okay. Sit down 2 seconds.,0,,,0
382,569.18,1,39,Change. Okay. Sit down 2 seconds.,0,,,0
383,570.67,0,-1,,0,,,0
384,572.16,0,-1,,0,,,0
385,573.65,1,40,"Oh, I just pulled out four eyelashes. That can't be good.",1,Logic,Absurdity,1
386,575.14,1,40,"Oh, I just pulled out four eyelashes. That can't be good.",1,Logic,Absurdity,0
387,576.63,1,40,"Oh, I just pulled out four eyelashes. That can't be good.",1,Logic,Absurdity,1
388,578.12,0,-1,,0,,,1
389,579.61,0,-1,,0,,,1
390,581.1,0,-1,,0,,,1
391,582.59,1,41,"Hey, Paul. Here's a little tip. She really likes it when you rub her neck in the same spot over and over and over again till it starts to get a little red.",1,Logic,Conceptual_surprise,0
392,584.08,1,41,"Hey, Paul. Here's a little tip. She really likes it when you rub her neck in the same spot over and over and over again till it starts to get a little red.",1,Logic,Conceptual_surprise,0
393,585.57,1,41,"Hey, Paul. Here's a little tip. She really likes it when you rub her neck in the same spot over and over and over again till it starts to get a little red.",1,Logic,Conceptual_surprise,0
394,587.06,1,41,"Hey, Paul. Here's a little tip. She really likes it when you rub her neck in the same spot over and over and over again till it starts to get a little red.",1,Logic,Conceptual_surprise,0
395,588.55,1,41,"Hey, Paul. Here's a little tip. She really likes it when you rub her neck in the same spot over and over and over again till it starts to get a little red.",1,Logic,Conceptual_surprise,0
396,590.04,1,41,"Hey, Paul. Here's a little tip. She really likes it when you rub her neck in the same spot over and over and over again till it starts to get a little red.",1,Logic,Conceptual_surprise,0
397,591.53,1,41,"Hey, Paul. Here's a little tip. She really likes it when you rub her neck in the same spot over and over and over again till it starts to get a little red.",1,Logic,Conceptual_surprise,1
398,593.02,0,-1,,0,,,0
399,594.51,0,-1,,0,,,1
400,596.0,1,42,"So, Rachel, what are you up to tonight? Well, I was kind of supposed to be headed for Aruba on my honeymoon. So nothing. Right? You're not even getting your no. No Avoke aruba this time of year. Talk about your",1,Language,Puns,1
401,597.49,1,42,"So, Rachel, what are you up to tonight? Well, I was kind of supposed to be headed for Aruba on my honeymoon. So nothing. Right? You're not even getting your no. No Avoke aruba this time of year. Talk about your",1,Language,Puns,0
402,598.98,1,42,"So, Rachel, what are you up to tonight? Well, I was kind of supposed to be headed for Aruba on my honeymoon. So nothing. Right? You're not even getting your no. No Avoke aruba this time of year. Talk about your",1,Language,Puns,0
403,600.47,1,42,"So, Rachel, what are you up to tonight? Well, I was kind of supposed to be headed for Aruba on my honeymoon. So nothing. Right? You're not even getting your no. No Avoke aruba this time of year. Talk about your",1,Language,Puns,0
404,601.96,1,42,"So, Rachel, what are you up to tonight? Well, I was kind of supposed to be headed for Aruba on my honeymoon. So nothing. Right? You're not even getting your no. No Avoke aruba this time of year. Talk about your",1,Language,Puns,0
405,603.45,1,42,"So, Rachel, what are you up to tonight? Well, I was kind of supposed to be headed for Aruba on my honeymoon. So nothing. Right? You're not even getting your no. No Avoke aruba this time of year. Talk about your",1,Language,Puns,0
406,604.94,1,42,"So, Rachel, what are you up to tonight? Well, I was kind of supposed to be headed for Aruba on my honeymoon. So nothing. Right? You're not even getting your no. No Avoke aruba this time of year. Talk about your",1,Language,Puns,1
407,606.43,1,42,"So, Rachel, what are you up to tonight? Well, I was kind of supposed to be headed for Aruba on my honeymoon. So nothing. Right? You're not even getting your no. No Avoke aruba this time of year. Talk about your",1,Language,Puns,1
408,607.92,1,42,"So, Rachel, what are you up to tonight? Well, I was kind of supposed to be headed for Aruba on my honeymoon. So nothing. Right? You're not even getting your no. No Avoke aruba this time of year. Talk about your",1,Language,Puns,0
409,609.41,1,42,"So, Rachel, what are you up to tonight? Well, I was kind of supposed to be headed for Aruba on my honeymoon. So nothing. Right? You're not even getting your no. No Avoke aruba this time of year. Talk about your",1,Language,Puns,0
410,610.9,1,42,"So, Rachel, what are you up to tonight? Well, I was kind of supposed to be headed for Aruba on my honeymoon. So nothing. Right? You're not even getting your no. No Avoke aruba this time of year. Talk about your",1,Language,Puns,0
411,612.39,1,42,"So, Rachel, what are you up to tonight? Well, I was kind of supposed to be headed for Aruba on my honeymoon. So nothing. Right? You're not even getting your no. No Avoke aruba this time of year. Talk about your",1,Language,Puns,0
412,613.88,1,42,"So, Rachel, what are you up to tonight? Well, I was kind of supposed to be headed for Aruba on my honeymoon. So nothing. Right? You're not even getting your no. No Avoke aruba this time of year. Talk about your",1,Language,Puns,0
413,615.37,0,-1,,0,,,0
414,616.86,1,43,big lizards.,0,,,1
415,618.35,0,-1,,0,,,1
416,619.84,0,-1,,0,,,1
417,621.33,0,-1,,0,,,1
418,622.82,1,44,"Anyway, if you don't feel like being alone tonight Joey and Chandler are coming over to help me put together my new furniture. Yes, and we're very excited about it. Actually, thanks, but I think I'm just going to hang out here tonight. It's been a long oh, sure. Okay, sure. Hey, Phoebe, do you want to help? Oh, I wish I could, but I don't want to.",1,Identity,Self_deprecation,1
419,624.31,1,44,"Anyway, if you don't feel like being alone tonight Joey and Chandler are coming over to help me put together my new furniture. Yes, and we're very excited about it. Actually, thanks, but I think I'm just going to hang out here tonight. It's been a long oh, sure. Okay, sure. Hey, Phoebe, do you want to help? Oh, I wish I could, but I don't want to.",1,Identity,Self_deprecation,0
420,625.8,1,44,"Anyway, if you don't feel like being alone tonight Joey and Chandler are coming over to help me put together my new furniture. Yes, and we're very excited about it. Actually, thanks, but I think I'm just going to hang out here tonight. It's been a long oh, sure. Okay, sure. Hey, Phoebe, do you want to help? Oh, I wish I could, but I don't want to.",1,Identity,Self_deprecation,0
421,627.29,1,44,"Anyway, if you don't feel like being alone tonight Joey and Chandler are coming over to help me put together my new furniture. Yes, and we're very excited about it. Actually, thanks, but I think I'm just going to hang out here tonight. It's been a long oh, sure. Okay, sure. Hey, Phoebe, do you want to help? Oh, I wish I could, but I don't want to.",1,Identity,Self_deprecation,0
422,628.78,1,44,"Anyway, if you don't feel like being alone tonight Joey and Chandler are coming over to help me put together my new furniture. Yes, and we're very excited about it. Actually, thanks, but I think I'm just going to hang out here tonight. It's been a long oh, sure. Okay, sure. Hey, Phoebe, do you want to help? Oh, I wish I could, but I don't want to.",1,Identity,Self_deprecation,1
423,630.27,1,44,"Anyway, if you don't feel like being alone tonight Joey and Chandler are coming over to help me put together my new furniture. Yes, and we're very excited about it. Actually, thanks, but I think I'm just going to hang out here tonight. It's been a long oh, sure. Okay, sure. Hey, Phoebe, do you want to help? Oh, I wish I could, but I don't want to.",1,Identity,Self_deprecation,1
424,631.76,1,44,"Anyway, if you don't feel like being alone tonight Joey and Chandler are coming over to help me put together my new furniture. Yes, and we're very excited about it. Actually, thanks, but I think I'm just going to hang out here tonight. It's been a long oh, sure. Okay, sure. Hey, Phoebe, do you want to help? Oh, I wish I could, but I don't want to.",1,Identity,Self_deprecation,0
425,633.25,1,44,"Anyway, if you don't feel like being alone tonight Joey and Chandler are coming over to help me put together my new furniture. Yes, and we're very excited about it. Actually, thanks, but I think I'm just going to hang out here tonight. It's been a long oh, sure. Okay, sure. Hey, Phoebe, do you want to help? Oh, I wish I could, but I don't want to.",1,Identity,Self_deprecation,0
426,634.74,1,44,"Anyway, if you don't feel like being alone tonight Joey and Chandler are coming over to help me put together my new furniture. Yes, and we're very excited about it. Actually, thanks, but I think I'm just going to hang out here tonight. It's been a long oh, sure. Okay, sure. Hey, Phoebe, do you want to help? Oh, I wish I could, but I don't want to.",1,Identity,Self_deprecation,0
427,636.23,1,44,"Anyway, if you don't feel like being alone tonight Joey and Chandler are coming over to help me put together my new furniture. Yes, and we're very excited about it. Actually, thanks, but I think I'm just going to hang out here tonight. It's been a long oh, sure. Okay, sure. Hey, Phoebe, do you want to help? Oh, I wish I could, but I don't want to.",1,Identity,Self_deprecation,0
428,637.72,1,44,"Anyway, if you don't feel like being alone tonight Joey and Chandler are coming over to help me put together my new furniture. Yes, and we're very excited about it. Actually, thanks, but I think I'm just going to hang out here tonight. It's been a long oh, sure. Okay, sure. Hey, Phoebe, do you want to help? Oh, I wish I could, but I don't want to.",1,Identity,Self_deprecation,0
429,639.21,1,44,"Anyway, if you don't feel like being alone tonight Joey and Chandler are coming over to help me put together my new furniture. Yes, and we're very excited about it. Actually, thanks, but I think I'm just going to hang out here tonight. It's been a long oh, sure. Okay, sure. Hey, Phoebe, do you want to help? Oh, I wish I could, but I don't want to.",1,Identity,Self_deprecation,0
430,640.7,1,44,"Anyway, if you don't feel like being alone tonight Joey and Chandler are coming over to help me put together my new furniture. Yes, and we're very excited about it. Actually, thanks, but I think I'm just going to hang out here tonight. It's been a long oh, sure. Okay, sure. Hey, Phoebe, do you want to help? Oh, I wish I could, but I don't want to.",1,Identity,Self_deprecation,1
431,642.19,0,-1,,0,,,1
432,643.68,0,-1,,0,,,1
433,645.17,0,-1,,0,,,1
434,646.66,0,-1,,0,,,0
435,648.15,0,-1,,0,,,0
436,649.64,0,-1,,0,,,0
437,651.13,1,45,"Love is sweet as summer showers love is wondrous work of art but your love oh, your love your love",0,,,0
438,652.62,1,45,"Love is sweet as summer showers love is wondrous work of art but your love oh, your love your love",0,,,0
439,654.11,1,45,"Love is sweet as summer showers love is wondrous work of art but your love oh, your love your love",0,,,0
440,655.6,1,45,"Love is sweet as summer showers love is wondrous work of art but your love oh, your love your love",0,,,0
441,657.09,1,45,"Love is sweet as summer showers love is wondrous work of art but your love oh, your love your love",0,,,0
442,658.58,1,45,"Love is sweet as summer showers love is wondrous work of art but your love oh, your love your love",0,,,0
443,660.07,1,45,"Love is sweet as summer showers love is wondrous work of art but your love oh, your love your love",0,,,0
444,661.56,0,-1,,0,,,0
445,663.05,1,46,is like a giant pigeon,0,,,0
446,664.54,1,46,is like a giant pigeon,0,,,0
447,666.03,0,-1,,0,,,0
448,667.52,1,47,prepping on my heart,1,Language,Pun,0
449,669.01,1,47,prepping on my heart,1,Language,Pun,1
450,670.5,0,-1,,0,,,1
451,671.99,0,-1,,0,,,0
452,673.48,1,48,"thank you, la la.",1,Language,Ridicule,0
453,674.97,1,48,"thank you, la la.",1,Language,Ridicule,1
454,676.46,0,-1,,0,,,0
455,677.95,0,-1,,0,,,0
456,679.44,0,-1,,0,,,0
457,680.93,0,-1,,0,,,0
458,682.42,0,-1,,0,,,1
459,683.91,1,49,I'm supposed to attach a brackety thing to the side things using a bunch of these little worm guys. I have no brackety thing. I see no worm guys whatsoever and I cannot feel my legs.,1,Language,Wit,1
460,685.4,1,49,I'm supposed to attach a brackety thing to the side things using a bunch of these little worm guys. I have no brackety thing. I see no worm guys whatsoever and I cannot feel my legs.,1,Language,Wit,0
461,686.89,1,49,I'm supposed to attach a brackety thing to the side things using a bunch of these little worm guys. I have no brackety thing. I see no worm guys whatsoever and I cannot feel my legs.,1,Language,Wit,0
462,688.38,1,49,I'm supposed to attach a brackety thing to the side things using a bunch of these little worm guys. I have no brackety thing. I see no worm guys whatsoever and I cannot feel my legs.,1,Language,Wit,0
463,689.87,1,49,I'm supposed to attach a brackety thing to the side things using a bunch of these little worm guys. I have no brackety thing. I see no worm guys whatsoever and I cannot feel my legs.,1,Language,Wit,0
464,691.36,1,49,I'm supposed to attach a brackety thing to the side things using a bunch of these little worm guys. I have no brackety thing. I see no worm guys whatsoever and I cannot feel my legs.,1,Language,Wit,0
465,692.85,1,49,I'm supposed to attach a brackety thing to the side things using a bunch of these little worm guys. I have no brackety thing. I see no worm guys whatsoever and I cannot feel my legs.,1,Language,Wit,0
466,694.34,1,49,I'm supposed to attach a brackety thing to the side things using a bunch of these little worm guys. I have no brackety thing. I see no worm guys whatsoever and I cannot feel my legs.,1,Language,Wit,0
467,695.83,1,49,I'm supposed to attach a brackety thing to the side things using a bunch of these little worm guys. I have no brackety thing. I see no worm guys whatsoever and I cannot feel my legs.,1,Language,Wit,0
468,697.32,1,49,I'm supposed to attach a brackety thing to the side things using a bunch of these little worm guys. I have no brackety thing. I see no worm guys whatsoever and I cannot feel my legs.,1,Language,Wit,0
469,698.81,1,49,I'm supposed to attach a brackety thing to the side things using a bunch of these little worm guys. I have no brackety thing. I see no worm guys whatsoever and I cannot feel my legs.,1,Language,Wit,1
470,700.3,1,49,I'm supposed to attach a brackety thing to the side things using a bunch of these little worm guys. I have no brackety thing. I see no worm guys whatsoever and I cannot feel my legs.,1,Language,Wit,1
471,701.79,0,-1,,0,,,1
472,703.28,1,50,I'm thinking. We got a bookcase here. It's a beautiful thing. What's this? I would have to say that it's an L shaped bracket. Which goes where? I have no idea.,1,Logic,Absurdity,0
473,704.77,1,50,I'm thinking. We got a bookcase here. It's a beautiful thing. What's this? I would have to say that it's an L shaped bracket. Which goes where? I have no idea.,1,Logic,Absurdity,0
474,706.26,1,50,I'm thinking. We got a bookcase here. It's a beautiful thing. What's this? I would have to say that it's an L shaped bracket. Which goes where? I have no idea.,1,Logic,Absurdity,0
475,707.75,1,50,I'm thinking. We got a bookcase here. It's a beautiful thing. What's this? I would have to say that it's an L shaped bracket. Which goes where? I have no idea.,1,Logic,Absurdity,0
476,709.24,1,50,I'm thinking. We got a bookcase here. It's a beautiful thing. What's this? I would have to say that it's an L shaped bracket. Which goes where? I have no idea.,1,Logic,Absurdity,0
477,710.73,1,50,I'm thinking. We got a bookcase here. It's a beautiful thing. What's this? I would have to say that it's an L shaped bracket. Which goes where? I have no idea.,1,Logic,Absurdity,0
478,712.22,1,50,I'm thinking. We got a bookcase here. It's a beautiful thing. What's this? I would have to say that it's an L shaped bracket. Which goes where? I have no idea.,1,Logic,Absurdity,0
479,713.71,1,50,I'm thinking. We got a bookcase here. It's a beautiful thing. What's this? I would have to say that it's an L shaped bracket. Which goes where? I have no idea.,1,Logic,Absurdity,0
480,715.2,1,50,I'm thinking. We got a bookcase here. It's a beautiful thing. What's this? I would have to say that it's an L shaped bracket. Which goes where? I have no idea.,1,Logic,Absurdity,0
481,716.69,1,50,I'm thinking. We got a bookcase here. It's a beautiful thing. What's this? I would have to say that it's an L shaped bracket. Which goes where? I have no idea.,1,Logic,Absurdity,0
482,718.18,1,50,I'm thinking. We got a bookcase here. It's a beautiful thing. What's this? I would have to say that it's an L shaped bracket. Which goes where? I have no idea.,1,Logic,Absurdity,1
483,719.67,0,-1,,0,,,1
484,721.16,1,51,Done with the bookcase.,0,,,0
485,722.65,1,51,Done with the bookcase.,0,,,1
486,724.14,0,-1,,0,,,1
487,725.63,0,-1,,0,,,0
488,727.12,1,52,This was Carol's favorite beer. She always drank it out of the can. I should have.,1,Logic,Conceptual_surprise,0
489,728.61,1,52,This was Carol's favorite beer. She always drank it out of the can. I should have.,1,Logic,Conceptual_surprise,0
490,730.1,1,52,This was Carol's favorite beer. She always drank it out of the can. I should have.,1,Logic,Conceptual_surprise,1
491,731.59,1,52,This was Carol's favorite beer. She always drank it out of the can. I should have.,1,Logic,Conceptual_surprise,1
492,733.08,1,52,This was Carol's favorite beer. She always drank it out of the can. I should have.,1,Logic,Conceptual_surprise,1
493,734.57,0,-1,,0,,,1
494,736.06,0,-1,,0,,,0
495,737.55,1,53,"Hey, if you're going to start with that stuff, we're out of here. Yes, please don't spoil all this fun. Ross, let me ask you a question. She got the furniture, the stereo, the good TV what did you get? You guys? Oh, God. You got. Oh, my God. Oh, my God. I know. I'm such an idiot. I guess I should have caught on when you started going to the dentist four and five times a week. I mean, how clean can teeth get? My brother's going through that right now. He's such a mess. How did you get through it? You might try accidentally breaking something valuable of hers. Say her leg.",1,Language,Irony|Ridicule,1
496,739.04,1,53,"Hey, if you're going to start with that stuff, we're out of here. Yes, please don't spoil all this fun. Ross, let me ask you a question. She got the furniture, the stereo, the good TV what did you get? You guys? Oh, God. You got. Oh, my God. Oh, my God. I know. I'm such an idiot. I guess I should have caught on when you started going to the dentist four and five times a week. I mean, how clean can teeth get? My brother's going through that right now. He's such a mess. How did you get through it? You might try accidentally breaking something valuable of hers. Say her leg.",1,Language,Irony|Ridicule,1
497,740.53,1,53,"Hey, if you're going to start with that stuff, we're out of here. Yes, please don't spoil all this fun. Ross, let me ask you a question. She got the furniture, the stereo, the good TV what did you get? You guys? Oh, God. You got. Oh, my God. Oh, my God. I know. I'm such an idiot. I guess I should have caught on when you started going to the dentist four and five times a week. I mean, how clean can teeth get? My brother's going through that right now. He's such a mess. How did you get through it? You might try accidentally breaking something valuable of hers. Say her leg.",1,Language,Irony|Ridicule,1
498,742.02,1,53,"Hey, if you're going to start with that stuff, we're out of here. Yes, please don't spoil all this fun. Ross, let me ask you a question. She got the furniture, the stereo, the good TV what did you get? You guys? Oh, God. You got. Oh, my God. Oh, my God. I know. I'm such an idiot. I guess I should have caught on when you started going to the dentist four and five times a week. I mean, how clean can teeth get? My brother's going through that right now. He's such a mess. How did you get through it? You might try accidentally breaking something valuable of hers. Say her leg.",1,Language,Irony|Ridicule,0
499,743.51,1,53,"Hey, if you're going to start with that stuff, we're out of here. Yes, please don't spoil all this fun. Ross, let me ask you a question. She got the furniture, the stereo, the good TV what did you get? You guys? Oh, God. You got. Oh, my God. Oh, my God. I know. I'm such an idiot. I guess I should have caught on when you started going to the dentist four and five times a week. I mean, how clean can teeth get? My brother's going through that right now. He's such a mess. How did you get through it? You might try accidentally breaking something valuable of hers. Say her leg.",1,Language,Irony|Ridicule,1
500,745.0,1,53,"Hey, if you're going to start with that stuff, we're out of here. Yes, please don't spoil all this fun. Ross, let me ask you a question. She got the furniture, the stereo, the good TV what did you get? You guys? Oh, God. You got. Oh, my God. Oh, my God. I know. I'm such an idiot. I guess I should have caught on when you started going to the dentist four and five times a week. I mean, how clean can teeth get? My brother's going through that right now. He's such a mess. How did you get through it? You might try accidentally breaking something valuable of hers. Say her leg.",1,Language,Irony|Ridicule,0
501,746.49,1,53,"Hey, if you're going to start with that stuff, we're out of here. Yes, please don't spoil all this fun. Ross, let me ask you a question. She got the furniture, the stereo, the good TV what did you get? You guys? Oh, God. You got. Oh, my God. Oh, my God. I know. I'm such an idiot. I guess I should have caught on when you started going to the dentist four and five times a week. I mean, how clean can teeth get? My brother's going through that right now. He's such a mess. How did you get through it? You might try accidentally breaking something valuable of hers. Say her leg.",1,Language,Irony|Ridicule,0
502,747.98,1,53,"Hey, if you're going to start with that stuff, we're out of here. Yes, please don't spoil all this fun. Ross, let me ask you a question. She got the furniture, the stereo, the good TV what did you get? You guys? Oh, God. You got. Oh, my God. Oh, my God. I know. I'm such an idiot. I guess I should have caught on when you started going to the dentist four and five times a week. I mean, how clean can teeth get? My brother's going through that right now. He's such a mess. How did you get through it? You might try accidentally breaking something valuable of hers. Say her leg.",1,Language,Irony|Ridicule,0
503,749.47,1,53,"Hey, if you're going to start with that stuff, we're out of here. Yes, please don't spoil all this fun. Ross, let me ask you a question. She got the furniture, the stereo, the good TV what did you get? You guys? Oh, God. You got. Oh, my God. Oh, my God. I know. I'm such an idiot. I guess I should have caught on when you started going to the dentist four and five times a week. I mean, how clean can teeth get? My brother's going through that right now. He's such a mess. How did you get through it? You might try accidentally breaking something valuable of hers. Say her leg.",1,Language,Irony|Ridicule,0
504,750.96,1,53,"Hey, if you're going to start with that stuff, we're out of here. Yes, please don't spoil all this fun. Ross, let me ask you a question. She got the furniture, the stereo, the good TV what did you get? You guys? Oh, God. You got. Oh, my God. Oh, my God. I know. I'm such an idiot. I guess I should have caught on when you started going to the dentist four and five times a week. I mean, how clean can teeth get? My brother's going through that right now. He's such a mess. How did you get through it? You might try accidentally breaking something valuable of hers. Say her leg.",1,Language,Irony|Ridicule,0
505,752.45,1,53,"Hey, if you're going to start with that stuff, we're out of here. Yes, please don't spoil all this fun. Ross, let me ask you a question. She got the furniture, the stereo, the good TV what did you get? You guys? Oh, God. You got. Oh, my God. Oh, my God. I know. I'm such an idiot. I guess I should have caught on when you started going to the dentist four and five times a week. I mean, how clean can teeth get? My brother's going through that right now. He's such a mess. How did you get through it? You might try accidentally breaking something valuable of hers. Say her leg.",1,Language,Irony|Ridicule,0
506,753.94,1,53,"Hey, if you're going to start with that stuff, we're out of here. Yes, please don't spoil all this fun. Ross, let me ask you a question. She got the furniture, the stereo, the good TV what did you get? You guys? Oh, God. You got. Oh, my God. Oh, my God. I know. I'm such an idiot. I guess I should have caught on when you started going to the dentist four and five times a week. I mean, how clean can teeth get? My brother's going through that right now. He's such a mess. How did you get through it? You might try accidentally breaking something valuable of hers. Say her leg.",1,Language,Irony|Ridicule,1
507,755.43,1,53,"Hey, if you're going to start with that stuff, we're out of here. Yes, please don't spoil all this fun. Ross, let me ask you a question. She got the furniture, the stereo, the good TV what did you get? You guys? Oh, God. You got. Oh, my God. Oh, my God. I know. I'm such an idiot. I guess I should have caught on when you started going to the dentist four and five times a week. I mean, how clean can teeth get? My brother's going through that right now. He's such a mess. How did you get through it? You might try accidentally breaking something valuable of hers. Say her leg.",1,Language,Irony|Ridicule,1
508,756.92,1,53,"Hey, if you're going to start with that stuff, we're out of here. Yes, please don't spoil all this fun. Ross, let me ask you a question. She got the furniture, the stereo, the good TV what did you get? You guys? Oh, God. You got. Oh, my God. Oh, my God. I know. I'm such an idiot. I guess I should have caught on when you started going to the dentist four and five times a week. I mean, how clean can teeth get? My brother's going through that right now. He's such a mess. How did you get through it? You might try accidentally breaking something valuable of hers. Say her leg.",1,Language,Irony|Ridicule,0
509,758.41,1,53,"Hey, if you're going to start with that stuff, we're out of here. Yes, please don't spoil all this fun. Ross, let me ask you a question. She got the furniture, the stereo, the good TV what did you get? You guys? Oh, God. You got. Oh, my God. Oh, my God. I know. I'm such an idiot. I guess I should have caught on when you started going to the dentist four and five times a week. I mean, how clean can teeth get? My brother's going through that right now. He's such a mess. How did you get through it? You might try accidentally breaking something valuable of hers. Say her leg.",1,Language,Irony|Ridicule,0
510,759.9,1,53,"Hey, if you're going to start with that stuff, we're out of here. Yes, please don't spoil all this fun. Ross, let me ask you a question. She got the furniture, the stereo, the good TV what did you get? You guys? Oh, God. You got. Oh, my God. Oh, my God. I know. I'm such an idiot. I guess I should have caught on when you started going to the dentist four and five times a week. I mean, how clean can teeth get? My brother's going through that right now. He's such a mess. How did you get through it? You might try accidentally breaking something valuable of hers. Say her leg.",1,Language,Irony|Ridicule,0
511,761.39,1,53,"Hey, if you're going to start with that stuff, we're out of here. Yes, please don't spoil all this fun. Ross, let me ask you a question. She got the furniture, the stereo, the good TV what did you get? You guys? Oh, God. You got. Oh, my God. Oh, my God. I know. I'm such an idiot. I guess I should have caught on when you started going to the dentist four and five times a week. I mean, how clean can teeth get? My brother's going through that right now. He's such a mess. How did you get through it? You might try accidentally breaking something valuable of hers. Say her leg.",1,Language,Irony|Ridicule,0
512,762.88,1,53,"Hey, if you're going to start with that stuff, we're out of here. Yes, please don't spoil all this fun. Ross, let me ask you a question. She got the furniture, the stereo, the good TV what did you get? You guys? Oh, God. You got. Oh, my God. Oh, my God. I know. I'm such an idiot. I guess I should have caught on when you started going to the dentist four and five times a week. I mean, how clean can teeth get? My brother's going through that right now. He's such a mess. How did you get through it? You might try accidentally breaking something valuable of hers. Say her leg.",1,Language,Irony|Ridicule,0
513,764.37,1,53,"Hey, if you're going to start with that stuff, we're out of here. Yes, please don't spoil all this fun. Ross, let me ask you a question. She got the furniture, the stereo, the good TV what did you get? You guys? Oh, God. You got. Oh, my God. Oh, my God. I know. I'm such an idiot. I guess I should have caught on when you started going to the dentist four and five times a week. I mean, how clean can teeth get? My brother's going through that right now. He's such a mess. How did you get through it? You might try accidentally breaking something valuable of hers. Say her leg.",1,Language,Irony|Ridicule,0
514,765.86,1,53,"Hey, if you're going to start with that stuff, we're out of here. Yes, please don't spoil all this fun. Ross, let me ask you a question. She got the furniture, the stereo, the good TV what did you get? You guys? Oh, God. You got. Oh, my God. Oh, my God. I know. I'm such an idiot. I guess I should have caught on when you started going to the dentist four and five times a week. I mean, how clean can teeth get? My brother's going through that right now. He's such a mess. How did you get through it? You might try accidentally breaking something valuable of hers. Say her leg.",1,Language,Irony|Ridicule,0
515,767.35,1,53,"Hey, if you're going to start with that stuff, we're out of here. Yes, please don't spoil all this fun. Ross, let me ask you a question. She got the furniture, the stereo, the good TV what did you get? You guys? Oh, God. You got. Oh, my God. Oh, my God. I know. I'm such an idiot. I guess I should have caught on when you started going to the dentist four and five times a week. I mean, how clean can teeth get? My brother's going through that right now. He's such a mess. How did you get through it? You might try accidentally breaking something valuable of hers. Say her leg.",1,Language,Irony|Ridicule,1
516,768.84,1,53,"Hey, if you're going to start with that stuff, we're out of here. Yes, please don't spoil all this fun. Ross, let me ask you a question. She got the furniture, the stereo, the good TV what did you get? You guys? Oh, God. You got. Oh, my God. Oh, my God. I know. I'm such an idiot. I guess I should have caught on when you started going to the dentist four and five times a week. I mean, how clean can teeth get? My brother's going through that right now. He's such a mess. How did you get through it? You might try accidentally breaking something valuable of hers. Say her leg.",1,Language,Irony|Ridicule,0
517,770.33,1,53,"Hey, if you're going to start with that stuff, we're out of here. Yes, please don't spoil all this fun. Ross, let me ask you a question. She got the furniture, the stereo, the good TV what did you get? You guys? Oh, God. You got. Oh, my God. Oh, my God. I know. I'm such an idiot. I guess I should have caught on when you started going to the dentist four and five times a week. I mean, how clean can teeth get? My brother's going through that right now. He's such a mess. How did you get through it? You might try accidentally breaking something valuable of hers. Say her leg.",1,Language,Irony|Ridicule,0
518,771.82,1,53,"Hey, if you're going to start with that stuff, we're out of here. Yes, please don't spoil all this fun. Ross, let me ask you a question. She got the furniture, the stereo, the good TV what did you get? You guys? Oh, God. You got. Oh, my God. Oh, my God. I know. I'm such an idiot. I guess I should have caught on when you started going to the dentist four and five times a week. I mean, how clean can teeth get? My brother's going through that right now. He's such a mess. How did you get through it? You might try accidentally breaking something valuable of hers. Say her leg.",1,Language,Irony|Ridicule,0
519,773.31,1,53,"Hey, if you're going to start with that stuff, we're out of here. Yes, please don't spoil all this fun. Ross, let me ask you a question. She got the furniture, the stereo, the good TV what did you get? You guys? Oh, God. You got. Oh, my God. Oh, my God. I know. I'm such an idiot. I guess I should have caught on when you started going to the dentist four and five times a week. I mean, how clean can teeth get? My brother's going through that right now. He's such a mess. How did you get through it? You might try accidentally breaking something valuable of hers. Say her leg.",1,Language,Irony|Ridicule,0
520,774.8,1,53,"Hey, if you're going to start with that stuff, we're out of here. Yes, please don't spoil all this fun. Ross, let me ask you a question. She got the furniture, the stereo, the good TV what did you get? You guys? Oh, God. You got. Oh, my God. Oh, my God. I know. I'm such an idiot. I guess I should have caught on when you started going to the dentist four and five times a week. I mean, how clean can teeth get? My brother's going through that right now. He's such a mess. How did you get through it? You might try accidentally breaking something valuable of hers. Say her leg.",1,Language,Irony|Ridicule,0
521,776.29,1,53,"Hey, if you're going to start with that stuff, we're out of here. Yes, please don't spoil all this fun. Ross, let me ask you a question. She got the furniture, the stereo, the good TV what did you get? You guys? Oh, God. You got. Oh, my God. Oh, my God. I know. I'm such an idiot. I guess I should have caught on when you started going to the dentist four and five times a week. I mean, how clean can teeth get? My brother's going through that right now. He's such a mess. How did you get through it? You might try accidentally breaking something valuable of hers. Say her leg.",1,Language,Irony|Ridicule,0
522,777.78,0,-1,,0,,,1
523,779.27,0,-1,,0,,,1
524,780.76,1,54,"Me, I went for the watch. You actually broke her watch? Wow. The worst thing that I ever did was I shredded my old boyfriend's favorite bath towel. OOH. Steer clear of you.",1,Identity,Self_deprecation,0
525,782.25,1,54,"Me, I went for the watch. You actually broke her watch? Wow. The worst thing that I ever did was I shredded my old boyfriend's favorite bath towel. OOH. Steer clear of you.",1,Identity,Self_deprecation,0
526,783.74,1,54,"Me, I went for the watch. You actually broke her watch? Wow. The worst thing that I ever did was I shredded my old boyfriend's favorite bath towel. OOH. Steer clear of you.",1,Identity,Self_deprecation,1
527,785.23,1,54,"Me, I went for the watch. You actually broke her watch? Wow. The worst thing that I ever did was I shredded my old boyfriend's favorite bath towel. OOH. Steer clear of you.",1,Identity,Self_deprecation,0
528,786.72,1,54,"Me, I went for the watch. You actually broke her watch? Wow. The worst thing that I ever did was I shredded my old boyfriend's favorite bath towel. OOH. Steer clear of you.",1,Identity,Self_deprecation,0
529,788.21,1,54,"Me, I went for the watch. You actually broke her watch? Wow. The worst thing that I ever did was I shredded my old boyfriend's favorite bath towel. OOH. Steer clear of you.",1,Identity,Self_deprecation,0
530,789.7,1,54,"Me, I went for the watch. You actually broke her watch? Wow. The worst thing that I ever did was I shredded my old boyfriend's favorite bath towel. OOH. Steer clear of you.",1,Identity,Self_deprecation,0
531,791.19,1,54,"Me, I went for the watch. You actually broke her watch? Wow. The worst thing that I ever did was I shredded my old boyfriend's favorite bath towel. OOH. Steer clear of you.",1,Identity,Self_deprecation,0
532,792.68,0,-1,,0,,,1
533,794.17,1,55,"Barry, I'm sorry. I'm so sorry. I know you probably think this is all about what I said the other night about you making love with your socks on, but it isn't. It isn't. It's about me. And I didn't.",1,Identity,Self_deprecation,0
534,795.66,1,55,"Barry, I'm sorry. I'm so sorry. I know you probably think this is all about what I said the other night about you making love with your socks on, but it isn't. It isn't. It's about me. And I didn't.",1,Identity,Self_deprecation,0
535,797.15,1,55,"Barry, I'm sorry. I'm so sorry. I know you probably think this is all about what I said the other night about you making love with your socks on, but it isn't. It isn't. It's about me. And I didn't.",1,Identity,Self_deprecation,0
536,798.64,1,55,"Barry, I'm sorry. I'm so sorry. I know you probably think this is all about what I said the other night about you making love with your socks on, but it isn't. It isn't. It's about me. And I didn't.",1,Identity,Self_deprecation,0
537,800.13,1,55,"Barry, I'm sorry. I'm so sorry. I know you probably think this is all about what I said the other night about you making love with your socks on, but it isn't. It isn't. It's about me. And I didn't.",1,Identity,Self_deprecation,0
538,801.62,1,55,"Barry, I'm sorry. I'm so sorry. I know you probably think this is all about what I said the other night about you making love with your socks on, but it isn't. It isn't. It's about me. And I didn't.",1,Identity,Self_deprecation,0
539,803.11,1,55,"Barry, I'm sorry. I'm so sorry. I know you probably think this is all about what I said the other night about you making love with your socks on, but it isn't. It isn't. It's about me. And I didn't.",1,Identity,Self_deprecation,1
540,804.6,1,55,"Barry, I'm sorry. I'm so sorry. I know you probably think this is all about what I said the other night about you making love with your socks on, but it isn't. It isn't. It's about me. And I didn't.",1,Identity,Self_deprecation,0
541,806.09,0,-1,,0,,,0
542,807.58,0,-1,,0,,,0
543,809.07,0,-1,,0,,,0
544,810.56,0,-1,,0,,,0
545,812.05,1,56,"Hi. Machine cut me off again. Anyway,",0,,,0
546,813.54,1,56,"Hi. Machine cut me off again. Anyway,",0,,,1
547,815.03,0,-1,,0,,,1
548,816.52,1,57,"look,",0,,,1
549,818.01,0,-1,,0,,,1
550,819.5,1,58,"I know that some girl is going to be incredibly lucky to become Mrs. Barry Finkel, but it isn't me. It's not me. And not that I have any idea who me is right now, but you just have to give me a chance to",1,Logic,Absurdity,1
551,820.99,1,58,"I know that some girl is going to be incredibly lucky to become Mrs. Barry Finkel, but it isn't me. It's not me. And not that I have any idea who me is right now, but you just have to give me a chance to",1,Logic,Absurdity,0
552,822.48,1,58,"I know that some girl is going to be incredibly lucky to become Mrs. Barry Finkel, but it isn't me. It's not me. And not that I have any idea who me is right now, but you just have to give me a chance to",1,Logic,Absurdity,0
553,823.97,1,58,"I know that some girl is going to be incredibly lucky to become Mrs. Barry Finkel, but it isn't me. It's not me. And not that I have any idea who me is right now, but you just have to give me a chance to",1,Logic,Absurdity,0
554,825.46,1,58,"I know that some girl is going to be incredibly lucky to become Mrs. Barry Finkel, but it isn't me. It's not me. And not that I have any idea who me is right now, but you just have to give me a chance to",1,Logic,Absurdity,0
555,826.95,1,58,"I know that some girl is going to be incredibly lucky to become Mrs. Barry Finkel, but it isn't me. It's not me. And not that I have any idea who me is right now, but you just have to give me a chance to",1,Logic,Absurdity,0
556,828.44,1,58,"I know that some girl is going to be incredibly lucky to become Mrs. Barry Finkel, but it isn't me. It's not me. And not that I have any idea who me is right now, but you just have to give me a chance to",1,Logic,Absurdity,0
557,829.93,1,58,"I know that some girl is going to be incredibly lucky to become Mrs. Barry Finkel, but it isn't me. It's not me. And not that I have any idea who me is right now, but you just have to give me a chance to",1,Logic,Absurdity,0
558,831.42,1,58,"I know that some girl is going to be incredibly lucky to become Mrs. Barry Finkel, but it isn't me. It's not me. And not that I have any idea who me is right now, but you just have to give me a chance to",1,Logic,Absurdity,0
559,832.91,1,58,"I know that some girl is going to be incredibly lucky to become Mrs. Barry Finkel, but it isn't me. It's not me. And not that I have any idea who me is right now, but you just have to give me a chance to",1,Logic,Absurdity,0
560,834.4,0,-1,,0,,,1
561,835.89,1,59,I'm divorced. I'm only 26 and I'm divorced. Shut up. Must stop.,1,Identity,Self_deprecation,1
562,837.38,1,59,I'm divorced. I'm only 26 and I'm divorced. Shut up. Must stop.,1,Identity,Self_deprecation,0
563,838.87,1,59,I'm divorced. I'm only 26 and I'm divorced. Shut up. Must stop.,1,Identity,Self_deprecation,0
564,840.36,1,59,I'm divorced. I'm only 26 and I'm divorced. Shut up. Must stop.,1,Identity,Self_deprecation,0
565,841.85,1,59,I'm divorced. I'm only 26 and I'm divorced. Shut up. Must stop.,1,Identity,Self_deprecation,0
566,843.34,0,-1,,0,,,0
567,844.83,0,-1,,0,,,1
568,846.32,0,-1,,0,,,1
569,847.81,0,-1,,0,,,1
570,849.3,1,60,"Shut up. Got to understand, between us, we haven't had a relationship that lasted longer than a mento.",1,Language,Wit,1
571,850.79,1,60,"Shut up. Got to understand, between us, we haven't had a relationship that lasted longer than a mento.",1,Language,Wit,1
572,852.28,1,60,"Shut up. Got to understand, between us, we haven't had a relationship that lasted longer than a mento.",1,Language,Wit,0
573,853.77,1,60,"Shut up. Got to understand, between us, we haven't had a relationship that lasted longer than a mento.",1,Language,Wit,0
574,855.26,1,60,"Shut up. Got to understand, between us, we haven't had a relationship that lasted longer than a mento.",1,Language,Wit,0
575,856.75,1,60,"Shut up. Got to understand, between us, we haven't had a relationship that lasted longer than a mento.",1,Language,Wit,1
576,858.24,0,-1,,0,,,1
577,859.73,1,61,"You, however, have had the love of a woman for four years. Four years of closeness and sharing, at the end of which she ripped your heart out. And that is why we don't do it.",1,Logic,Absurdity,0
578,861.22,1,61,"You, however, have had the love of a woman for four years. Four years of closeness and sharing, at the end of which she ripped your heart out. And that is why we don't do it.",1,Logic,Absurdity,0
579,862.71,1,61,"You, however, have had the love of a woman for four years. Four years of closeness and sharing, at the end of which she ripped your heart out. And that is why we don't do it.",1,Logic,Absurdity,0
580,864.2,1,61,"You, however, have had the love of a woman for four years. Four years of closeness and sharing, at the end of which she ripped your heart out. And that is why we don't do it.",1,Logic,Absurdity,0
581,865.69,1,61,"You, however, have had the love of a woman for four years. Four years of closeness and sharing, at the end of which she ripped your heart out. And that is why we don't do it.",1,Logic,Absurdity,0
582,867.18,1,61,"You, however, have had the love of a woman for four years. Four years of closeness and sharing, at the end of which she ripped your heart out. And that is why we don't do it.",1,Logic,Absurdity,0
583,868.67,1,61,"You, however, have had the love of a woman for four years. Four years of closeness and sharing, at the end of which she ripped your heart out. And that is why we don't do it.",1,Logic,Absurdity,0
584,870.16,1,61,"You, however, have had the love of a woman for four years. Four years of closeness and sharing, at the end of which she ripped your heart out. And that is why we don't do it.",1,Logic,Absurdity,1
585,871.65,0,-1,,0,,,1
586,873.14,1,62,I don't think that was my point.,1,Language,Irony,1
587,874.63,1,62,I don't think that was my point.,1,Language,Irony,0
588,876.12,0,-1,,0,,,0
589,877.61,0,-1,,0,,,0
590,879.1,0,-1,,0,,,0
