tr_idx,onset_sec,has_speech,utt_idx,text,is_humor,primary_category,techniques
0,0.0,0,-1,,0,,
1,1.49,0,-1,,0,,
2,2.98,0,-1,,0,,
3,4.47,0,-1,,0,,
4,5.96,0,-1,,0,,
5,7.45,0,-1,,0,,
6,8.94,0,-1,,0,,
7,10.43,0,-1,,0,,
8,11.92,0,-1,,0,,
9,13.41,0,-1,,0,,
10,14.9,0,-1,,0,,
11,16.39,0,-1,,0,,
12,17.88,1,0,"There's nothing to tell. Just some guy I work with. Come on, you're going out with the guy. There's got to be something wrong with him. All right, joey, be nice. So does he have a hump? A hump and a hairpiece.",1,Logic,Absurdity
13,19.37,1,0,"There's nothing to tell. Just some guy I work with. Come on, you're going out with the guy. There's got to be something wrong with him. All right, joey, be nice. So does he have a hump? A hump and a hairpiece.",1,Logic,Absurdity
14,20.86,1,0,"There's nothing to tell. Just some guy I work with. Come on, you're going out with the guy. There's got to be something wrong with him. All right, joey, be nice. So does he have a hump? A hump and a hairpiece.",1,Logic,Absurdity
15,22.35,1,0,"There's nothing to tell. Just some guy I work with. Come on, you're going out with the guy. There's got to be something wrong with him. All right, joey, be nice. So does he have a hump? A hump and a hairpiece.",1,Logic,Absurdity
16,23.84,1,0,"There's nothing to tell. Just some guy I work with. Come on, you're going out with the guy. There's got to be something wrong with him. All right, joey, be nice. So does he have a hump? A hump and a hairpiece.",1,Logic,Absurdity
17,25.33,1,0,"There's nothing to tell. Just some guy I work with. Come on, you're going out with the guy. There's got to be something wrong with him. All right, joey, be nice. So does he have a hump? A hump and a hairpiece.",1,Logic,Absurdity
18,26.82,1,0,"There's nothing to tell. Just some guy I work with. Come on, you're going out with the guy. There's got to be something wrong with him. All right, joey, be nice. So does he have a hump? A hump and a hairpiece.",1,Logic,Absurdity
19,28.31,1,0,"There's nothing to tell. Just some guy I work with. Come on, you're going out with the guy. There's got to be something wrong with him. All right, joey, be nice. So does he have a hump? A hump and a hairpiece.",1,Logic,Absurdity
20,29.8,1,0,"There's nothing to tell. Just some guy I work with. Come on, you're going out with the guy. There's got to be something wrong with him. All right, joey, be nice. So does he have a hump? A hump and a hairpiece.",1,Logic,Absurdity
21,31.29,1,0,"There's nothing to tell. Just some guy I work with. Come on, you're going out with the guy. There's got to be something wrong with him. All right, joey, be nice. So does he have a hump? A hump and a hairpiece.",1,Logic,Absurdity
22,32.78,0,-1,,0,,
23,34.27,1,1,"Wait, does he eat chalk? Just because I don't want her to go through what I went through with Carl okay, everybody relax. Relax. This is not even a date. It's not? It's just two people going out to dinner and not having sex. Sounds like a date to me.",1,Logic,Absurdity|Misunderstanding
24,35.76,1,1,"Wait, does he eat chalk? Just because I don't want her to go through what I went through with Carl okay, everybody relax. Relax. This is not even a date. It's not? It's just two people going out to dinner and not having sex. Sounds like a date to me.",1,Logic,Absurdity|Misunderstanding
25,37.25,1,1,"Wait, does he eat chalk? Just because I don't want her to go through what I went through with Carl okay, everybody relax. Relax. This is not even a date. It's not? It's just two people going out to dinner and not having sex. Sounds like a date to me.",1,Logic,Absurdity|Misunderstanding
26,38.74,1,1,"Wait, does he eat chalk? Just because I don't want her to go through what I went through with Carl okay, everybody relax. Relax. This is not even a date. It's not? It's just two people going out to dinner and not having sex. Sounds like a date to me.",1,Logic,Absurdity|Misunderstanding
27,40.23,1,1,"Wait, does he eat chalk? Just because I don't want her to go through what I went through with Carl okay, everybody relax. Relax. This is not even a date. It's not? It's just two people going out to dinner and not having sex. Sounds like a date to me.",1,Logic,Absurdity|Misunderstanding
28,41.72,1,1,"Wait, does he eat chalk? Just because I don't want her to go through what I went through with Carl okay, everybody relax. Relax. This is not even a date. It's not? It's just two people going out to dinner and not having sex. Sounds like a date to me.",1,Logic,Absurdity|Misunderstanding
29,43.21,1,1,"Wait, does he eat chalk? Just because I don't want her to go through what I went through with Carl okay, everybody relax. Relax. This is not even a date. It's not? It's just two people going out to dinner and not having sex. Sounds like a date to me.",1,Logic,Absurdity|Misunderstanding
30,44.7,1,1,"Wait, does he eat chalk? Just because I don't want her to go through what I went through with Carl okay, everybody relax. Relax. This is not even a date. It's not? It's just two people going out to dinner and not having sex. Sounds like a date to me.",1,Logic,Absurdity|Misunderstanding
31,46.19,1,1,"Wait, does he eat chalk? Just because I don't want her to go through what I went through with Carl okay, everybody relax. Relax. This is not even a date. It's not? It's just two people going out to dinner and not having sex. Sounds like a date to me.",1,Logic,Absurdity|Misunderstanding
32,47.68,1,1,"Wait, does he eat chalk? Just because I don't want her to go through what I went through with Carl okay, everybody relax. Relax. This is not even a date. It's not? It's just two people going out to dinner and not having sex. Sounds like a date to me.",1,Logic,Absurdity|Misunderstanding
33,49.17,1,1,"Wait, does he eat chalk? Just because I don't want her to go through what I went through with Carl okay, everybody relax. Relax. This is not even a date. It's not? It's just two people going out to dinner and not having sex. Sounds like a date to me.",1,Logic,Absurdity|Misunderstanding
34,50.66,1,1,"Wait, does he eat chalk? Just because I don't want her to go through what I went through with Carl okay, everybody relax. Relax. This is not even a date. It's not? It's just two people going out to dinner and not having sex. Sounds like a date to me.",1,Logic,Absurdity|Misunderstanding
35,52.15,0,-1,,0,,
36,53.64,1,2,"All right, so I'm back in high school. I'm standing in the middle of the cafeteria and I realize I am totally naked.",1,Logic,Absurdity
37,55.13,1,2,"All right, so I'm back in high school. I'm standing in the middle of the cafeteria and I realize I am totally naked.",1,Logic,Absurdity
38,56.62,1,2,"All right, so I'm back in high school. I'm standing in the middle of the cafeteria and I realize I am totally naked.",1,Logic,Absurdity
39,58.11,1,2,"All right, so I'm back in high school. I'm standing in the middle of the cafeteria and I realize I am totally naked.",1,Logic,Absurdity
40,59.6,1,2,"All right, so I'm back in high school. I'm standing in the middle of the cafeteria and I realize I am totally naked.",1,Logic,Absurdity
41,61.09,0,-1,,0,,
42,62.58,1,3,Then I look down and I realize there is a phone there.,0,,
43,64.07,1,3,Then I look down and I realize there is a phone there.,0,,
44,65.56,1,3,Then I look down and I realize there is a phone there.,0,,
45,67.05,1,3,Then I look down and I realize there is a phone there.,0,,
46,68.54,0,-1,,0,,
47,70.03,0,-1,,0,,
48,71.52,1,4,Instead of that's right?,0,,
49,73.01,0,-1,,0,,
50,74.5,1,5,"All of a sudden, the phone starts to ring. Now I don't know what to do. Everybody starts looking at me. They weren't looking at you before?",1,Logic,Absurdity
51,75.99,1,5,"All of a sudden, the phone starts to ring. Now I don't know what to do. Everybody starts looking at me. They weren't looking at you before?",1,Logic,Absurdity
52,77.48,1,5,"All of a sudden, the phone starts to ring. Now I don't know what to do. Everybody starts looking at me. They weren't looking at you before?",1,Logic,Absurdity
53,78.97,1,5,"All of a sudden, the phone starts to ring. Now I don't know what to do. Everybody starts looking at me. They weren't looking at you before?",1,Logic,Absurdity
54,80.46,1,5,"All of a sudden, the phone starts to ring. Now I don't know what to do. Everybody starts looking at me. They weren't looking at you before?",1,Logic,Absurdity
55,81.95,1,5,"All of a sudden, the phone starts to ring. Now I don't know what to do. Everybody starts looking at me. They weren't looking at you before?",1,Logic,Absurdity
56,83.44,1,5,"All of a sudden, the phone starts to ring. Now I don't know what to do. Everybody starts looking at me. They weren't looking at you before?",1,Logic,Absurdity
57,84.93,0,-1,,0,,
58,86.42,1,6,"Finally, I figure I'd better answer it. And it turns out it's my mother. Which is very, very weird because she never calls.",1,Logic,Absurdity
59,87.91,1,6,"Finally, I figure I'd better answer it. And it turns out it's my mother. Which is very, very weird because she never calls.",1,Logic,Absurdity
60,89.4,1,6,"Finally, I figure I'd better answer it. And it turns out it's my mother. Which is very, very weird because she never calls.",1,Logic,Absurdity
61,90.89,1,6,"Finally, I figure I'd better answer it. And it turns out it's my mother. Which is very, very weird because she never calls.",1,Logic,Absurdity
62,92.38,1,6,"Finally, I figure I'd better answer it. And it turns out it's my mother. Which is very, very weird because she never calls.",1,Logic,Absurdity
63,93.87,1,6,"Finally, I figure I'd better answer it. And it turns out it's my mother. Which is very, very weird because she never calls.",1,Logic,Absurdity
64,95.36,1,6,"Finally, I figure I'd better answer it. And it turns out it's my mother. Which is very, very weird because she never calls.",1,Logic,Absurdity
65,96.85,1,6,"Finally, I figure I'd better answer it. And it turns out it's my mother. Which is very, very weird because she never calls.",1,Logic,Absurdity
66,98.34,1,6,"Finally, I figure I'd better answer it. And it turns out it's my mother. Which is very, very weird because she never calls.",1,Logic,Absurdity
67,99.83,0,-1,,0,,
68,101.32,0,-1,,0,,
69,102.81,0,-1,,0,,
70,104.3,1,7,Hi.,0,,
71,105.79,0,-1,,0,,
72,107.28,1,8,"This guy says, Hello, I want to kill myself. You okay, sweetie? I just feel like someone reached down my throat grabbed my small intestine pulled it out of my mouth and tied it around my neck. Cookie?",1,Logic,Absurdity
73,108.77,1,8,"This guy says, Hello, I want to kill myself. You okay, sweetie? I just feel like someone reached down my throat grabbed my small intestine pulled it out of my mouth and tied it around my neck. Cookie?",1,Logic,Absurdity
74,110.26,1,8,"This guy says, Hello, I want to kill myself. You okay, sweetie? I just feel like someone reached down my throat grabbed my small intestine pulled it out of my mouth and tied it around my neck. Cookie?",1,Logic,Absurdity
75,111.75,1,8,"This guy says, Hello, I want to kill myself. You okay, sweetie? I just feel like someone reached down my throat grabbed my small intestine pulled it out of my mouth and tied it around my neck. Cookie?",1,Logic,Absurdity
76,113.24,1,8,"This guy says, Hello, I want to kill myself. You okay, sweetie? I just feel like someone reached down my throat grabbed my small intestine pulled it out of my mouth and tied it around my neck. Cookie?",1,Logic,Absurdity
77,114.73,1,8,"This guy says, Hello, I want to kill myself. You okay, sweetie? I just feel like someone reached down my throat grabbed my small intestine pulled it out of my mouth and tied it around my neck. Cookie?",1,Logic,Absurdity
78,116.22,1,8,"This guy says, Hello, I want to kill myself. You okay, sweetie? I just feel like someone reached down my throat grabbed my small intestine pulled it out of my mouth and tied it around my neck. Cookie?",1,Logic,Absurdity
79,117.71,1,8,"This guy says, Hello, I want to kill myself. You okay, sweetie? I just feel like someone reached down my throat grabbed my small intestine pulled it out of my mouth and tied it around my neck. Cookie?",1,Logic,Absurdity
80,119.2,1,8,"This guy says, Hello, I want to kill myself. You okay, sweetie? I just feel like someone reached down my throat grabbed my small intestine pulled it out of my mouth and tied it around my neck. Cookie?",1,Logic,Absurdity
81,120.69,1,8,"This guy says, Hello, I want to kill myself. You okay, sweetie? I just feel like someone reached down my throat grabbed my small intestine pulled it out of my mouth and tied it around my neck. Cookie?",1,Logic,Absurdity
82,122.18,0,-1,,0,,
83,123.67,1,9,Carol moved her stuff out today. Let me get you some.,1,Language,Puns
84,125.16,1,9,Carol moved her stuff out today. Let me get you some.,1,Language,Puns
85,126.65,1,9,Carol moved her stuff out today. Let me get you some.,1,Language,Puns
86,128.14,0,-1,,0,,
87,129.63,0,-1,,0,,
88,131.12,0,-1,,0,,
89,132.61,1,10,"No, no, don't. Stop cleansing my aura. Don't. Just leave my aura alone, okay? Fine. Be murky. I'll be fine, all right? Really, everyone. I hope she'll be very happy. No, you don't. No, I don't. To hell with her. She left me. And you never knew she was a lesbian?",1,Logic,Absurdity|Conceptual_surprise
90,134.1,1,10,"No, no, don't. Stop cleansing my aura. Don't. Just leave my aura alone, okay? Fine. Be murky. I'll be fine, all right? Really, everyone. I hope she'll be very happy. No, you don't. No, I don't. To hell with her. She left me. And you never knew she was a lesbian?",1,Logic,Absurdity|Conceptual_surprise
91,135.59,1,10,"No, no, don't. Stop cleansing my aura. Don't. Just leave my aura alone, okay? Fine. Be murky. I'll be fine, all right? Really, everyone. I hope she'll be very happy. No, you don't. No, I don't. To hell with her. She left me. And you never knew she was a lesbian?",1,Logic,Absurdity|Conceptual_surprise
92,137.08,1,10,"No, no, don't. Stop cleansing my aura. Don't. Just leave my aura alone, okay? Fine. Be murky. I'll be fine, all right? Really, everyone. I hope she'll be very happy. No, you don't. No, I don't. To hell with her. She left me. And you never knew she was a lesbian?",1,Logic,Absurdity|Conceptual_surprise
93,138.57,1,10,"No, no, don't. Stop cleansing my aura. Don't. Just leave my aura alone, okay? Fine. Be murky. I'll be fine, all right? Really, everyone. I hope she'll be very happy. No, you don't. No, I don't. To hell with her. She left me. And you never knew she was a lesbian?",1,Logic,Absurdity|Conceptual_surprise
94,140.06,1,10,"No, no, don't. Stop cleansing my aura. Don't. Just leave my aura alone, okay? Fine. Be murky. I'll be fine, all right? Really, everyone. I hope she'll be very happy. No, you don't. No, I don't. To hell with her. She left me. And you never knew she was a lesbian?",1,Logic,Absurdity|Conceptual_surprise
95,141.55,1,10,"No, no, don't. Stop cleansing my aura. Don't. Just leave my aura alone, okay? Fine. Be murky. I'll be fine, all right? Really, everyone. I hope she'll be very happy. No, you don't. No, I don't. To hell with her. She left me. And you never knew she was a lesbian?",1,Logic,Absurdity|Conceptual_surprise
96,143.04,1,10,"No, no, don't. Stop cleansing my aura. Don't. Just leave my aura alone, okay? Fine. Be murky. I'll be fine, all right? Really, everyone. I hope she'll be very happy. No, you don't. No, I don't. To hell with her. She left me. And you never knew she was a lesbian?",1,Logic,Absurdity|Conceptual_surprise
97,144.53,1,10,"No, no, don't. Stop cleansing my aura. Don't. Just leave my aura alone, okay? Fine. Be murky. I'll be fine, all right? Really, everyone. I hope she'll be very happy. No, you don't. No, I don't. To hell with her. She left me. And you never knew she was a lesbian?",1,Logic,Absurdity|Conceptual_surprise
98,146.02,1,10,"No, no, don't. Stop cleansing my aura. Don't. Just leave my aura alone, okay? Fine. Be murky. I'll be fine, all right? Really, everyone. I hope she'll be very happy. No, you don't. No, I don't. To hell with her. She left me. And you never knew she was a lesbian?",1,Logic,Absurdity|Conceptual_surprise
99,147.51,1,10,"No, no, don't. Stop cleansing my aura. Don't. Just leave my aura alone, okay? Fine. Be murky. I'll be fine, all right? Really, everyone. I hope she'll be very happy. No, you don't. No, I don't. To hell with her. She left me. And you never knew she was a lesbian?",1,Logic,Absurdity|Conceptual_surprise
100,149.0,1,10,"No, no, don't. Stop cleansing my aura. Don't. Just leave my aura alone, okay? Fine. Be murky. I'll be fine, all right? Really, everyone. I hope she'll be very happy. No, you don't. No, I don't. To hell with her. She left me. And you never knew she was a lesbian?",1,Logic,Absurdity|Conceptual_surprise
101,150.49,1,10,"No, no, don't. Stop cleansing my aura. Don't. Just leave my aura alone, okay? Fine. Be murky. I'll be fine, all right? Really, everyone. I hope she'll be very happy. No, you don't. No, I don't. To hell with her. She left me. And you never knew she was a lesbian?",1,Logic,Absurdity|Conceptual_surprise
102,151.98,1,10,"No, no, don't. Stop cleansing my aura. Don't. Just leave my aura alone, okay? Fine. Be murky. I'll be fine, all right? Really, everyone. I hope she'll be very happy. No, you don't. No, I don't. To hell with her. She left me. And you never knew she was a lesbian?",1,Logic,Absurdity|Conceptual_surprise
103,153.47,0,-1,,0,,
104,154.96,0,-1,,0,,
105,156.45,1,11,No. Okay? Why does everyone keep fixating on that?,0,,
106,157.94,1,11,No. Okay? Why does everyone keep fixating on that?,0,,
107,159.43,1,11,No. Okay? Why does everyone keep fixating on that?,0,,
108,160.92,1,11,No. Okay? Why does everyone keep fixating on that?,0,,
109,162.41,0,-1,,0,,
110,163.9,1,12,She didn't know. How should I know?,0,,
111,165.39,1,12,She didn't know. How should I know?,0,,
112,166.88,0,-1,,0,,
113,168.37,1,13,Sometimes I wish I was a lesbian.,1,Identity,Self_deprecation
114,169.86,1,13,Sometimes I wish I was a lesbian.,1,Identity,Self_deprecation
115,171.35,0,-1,,0,,
116,172.84,1,14,Did I say that out loud?,1,Logic,Caught_out
117,174.33,1,14,Did I say that out loud?,1,Logic,Caught_out
118,175.82,0,-1,,0,,
119,177.31,1,15,"I told mom and dad last night. They they seemed to take it pretty well. Oh, really? So that hysterical phone call I got from a woman sobbing at 03:00 a.m. I'll never have grandchildren, I'll never have grandchildren was what? A wrong number? Sorry. All right, ross, look. You're feeling a lot of pain right now. You're angry. You're hurting. Can I tell you what the answer is? Strip joint. Come on, you're single. Have some hormones. But I don't want to be single, okay? I just want to be married again.",1,Logic,Absurdity|Conceptual_surprise
120,178.8,1,15,"I told mom and dad last night. They they seemed to take it pretty well. Oh, really? So that hysterical phone call I got from a woman sobbing at 03:00 a.m. I'll never have grandchildren, I'll never have grandchildren was what? A wrong number? Sorry. All right, ross, look. You're feeling a lot of pain right now. You're angry. You're hurting. Can I tell you what the answer is? Strip joint. Come on, you're single. Have some hormones. But I don't want to be single, okay? I just want to be married again.",1,Logic,Absurdity|Conceptual_surprise
121,180.29,1,15,"I told mom and dad last night. They they seemed to take it pretty well. Oh, really? So that hysterical phone call I got from a woman sobbing at 03:00 a.m. I'll never have grandchildren, I'll never have grandchildren was what? A wrong number? Sorry. All right, ross, look. You're feeling a lot of pain right now. You're angry. You're hurting. Can I tell you what the answer is? Strip joint. Come on, you're single. Have some hormones. But I don't want to be single, okay? I just want to be married again.",1,Logic,Absurdity|Conceptual_surprise
122,181.78,1,15,"I told mom and dad last night. They they seemed to take it pretty well. Oh, really? So that hysterical phone call I got from a woman sobbing at 03:00 a.m. I'll never have grandchildren, I'll never have grandchildren was what? A wrong number? Sorry. All right, ross, look. You're feeling a lot of pain right now. You're angry. You're hurting. Can I tell you what the answer is? Strip joint. Come on, you're single. Have some hormones. But I don't want to be single, okay? I just want to be married again.",1,Logic,Absurdity|Conceptual_surprise
123,183.27,1,15,"I told mom and dad last night. They they seemed to take it pretty well. Oh, really? So that hysterical phone call I got from a woman sobbing at 03:00 a.m. I'll never have grandchildren, I'll never have grandchildren was what? A wrong number? Sorry. All right, ross, look. You're feeling a lot of pain right now. You're angry. You're hurting. Can I tell you what the answer is? Strip joint. Come on, you're single. Have some hormones. But I don't want to be single, okay? I just want to be married again.",1,Logic,Absurdity|Conceptual_surprise
124,184.76,1,15,"I told mom and dad last night. They they seemed to take it pretty well. Oh, really? So that hysterical phone call I got from a woman sobbing at 03:00 a.m. I'll never have grandchildren, I'll never have grandchildren was what? A wrong number? Sorry. All right, ross, look. You're feeling a lot of pain right now. You're angry. You're hurting. Can I tell you what the answer is? Strip joint. Come on, you're single. Have some hormones. But I don't want to be single, okay? I just want to be married again.",1,Logic,Absurdity|Conceptual_surprise
125,186.25,1,15,"I told mom and dad last night. They they seemed to take it pretty well. Oh, really? So that hysterical phone call I got from a woman sobbing at 03:00 a.m. I'll never have grandchildren, I'll never have grandchildren was what? A wrong number? Sorry. All right, ross, look. You're feeling a lot of pain right now. You're angry. You're hurting. Can I tell you what the answer is? Strip joint. Come on, you're single. Have some hormones. But I don't want to be single, okay? I just want to be married again.",1,Logic,Absurdity|Conceptual_surprise
126,187.74,1,15,"I told mom and dad last night. They they seemed to take it pretty well. Oh, really? So that hysterical phone call I got from a woman sobbing at 03:00 a.m. I'll never have grandchildren, I'll never have grandchildren was what? A wrong number? Sorry. All right, ross, look. You're feeling a lot of pain right now. You're angry. You're hurting. Can I tell you what the answer is? Strip joint. Come on, you're single. Have some hormones. But I don't want to be single, okay? I just want to be married again.",1,Logic,Absurdity|Conceptual_surprise
127,189.23,1,15,"I told mom and dad last night. They they seemed to take it pretty well. Oh, really? So that hysterical phone call I got from a woman sobbing at 03:00 a.m. I'll never have grandchildren, I'll never have grandchildren was what? A wrong number? Sorry. All right, ross, look. You're feeling a lot of pain right now. You're angry. You're hurting. Can I tell you what the answer is? Strip joint. Come on, you're single. Have some hormones. But I don't want to be single, okay? I just want to be married again.",1,Logic,Absurdity|Conceptual_surprise
128,190.72,1,15,"I told mom and dad last night. They they seemed to take it pretty well. Oh, really? So that hysterical phone call I got from a woman sobbing at 03:00 a.m. I'll never have grandchildren, I'll never have grandchildren was what? A wrong number? Sorry. All right, ross, look. You're feeling a lot of pain right now. You're angry. You're hurting. Can I tell you what the answer is? Strip joint. Come on, you're single. Have some hormones. But I don't want to be single, okay? I just want to be married again.",1,Logic,Absurdity|Conceptual_surprise
129,192.21,1,15,"I told mom and dad last night. They they seemed to take it pretty well. Oh, really? So that hysterical phone call I got from a woman sobbing at 03:00 a.m. I'll never have grandchildren, I'll never have grandchildren was what? A wrong number? Sorry. All right, ross, look. You're feeling a lot of pain right now. You're angry. You're hurting. Can I tell you what the answer is? Strip joint. Come on, you're single. Have some hormones. But I don't want to be single, okay? I just want to be married again.",1,Logic,Absurdity|Conceptual_surprise
130,193.7,1,15,"I told mom and dad last night. They they seemed to take it pretty well. Oh, really? So that hysterical phone call I got from a woman sobbing at 03:00 a.m. I'll never have grandchildren, I'll never have grandchildren was what? A wrong number? Sorry. All right, ross, look. You're feeling a lot of pain right now. You're angry. You're hurting. Can I tell you what the answer is? Strip joint. Come on, you're single. Have some hormones. But I don't want to be single, okay? I just want to be married again.",1,Logic,Absurdity|Conceptual_surprise
131,195.19,1,15,"I told mom and dad last night. They they seemed to take it pretty well. Oh, really? So that hysterical phone call I got from a woman sobbing at 03:00 a.m. I'll never have grandchildren, I'll never have grandchildren was what? A wrong number? Sorry. All right, ross, look. You're feeling a lot of pain right now. You're angry. You're hurting. Can I tell you what the answer is? Strip joint. Come on, you're single. Have some hormones. But I don't want to be single, okay? I just want to be married again.",1,Logic,Absurdity|Conceptual_surprise
132,196.68,1,15,"I told mom and dad last night. They they seemed to take it pretty well. Oh, really? So that hysterical phone call I got from a woman sobbing at 03:00 a.m. I'll never have grandchildren, I'll never have grandchildren was what? A wrong number? Sorry. All right, ross, look. You're feeling a lot of pain right now. You're angry. You're hurting. Can I tell you what the answer is? Strip joint. Come on, you're single. Have some hormones. But I don't want to be single, okay? I just want to be married again.",1,Logic,Absurdity|Conceptual_surprise
133,198.17,1,15,"I told mom and dad last night. They they seemed to take it pretty well. Oh, really? So that hysterical phone call I got from a woman sobbing at 03:00 a.m. I'll never have grandchildren, I'll never have grandchildren was what? A wrong number? Sorry. All right, ross, look. You're feeling a lot of pain right now. You're angry. You're hurting. Can I tell you what the answer is? Strip joint. Come on, you're single. Have some hormones. But I don't want to be single, okay? I just want to be married again.",1,Logic,Absurdity|Conceptual_surprise
134,199.66,1,15,"I told mom and dad last night. They they seemed to take it pretty well. Oh, really? So that hysterical phone call I got from a woman sobbing at 03:00 a.m. I'll never have grandchildren, I'll never have grandchildren was what? A wrong number? Sorry. All right, ross, look. You're feeling a lot of pain right now. You're angry. You're hurting. Can I tell you what the answer is? Strip joint. Come on, you're single. Have some hormones. But I don't want to be single, okay? I just want to be married again.",1,Logic,Absurdity|Conceptual_surprise
135,201.15,1,15,"I told mom and dad last night. They they seemed to take it pretty well. Oh, really? So that hysterical phone call I got from a woman sobbing at 03:00 a.m. I'll never have grandchildren, I'll never have grandchildren was what? A wrong number? Sorry. All right, ross, look. You're feeling a lot of pain right now. You're angry. You're hurting. Can I tell you what the answer is? Strip joint. Come on, you're single. Have some hormones. But I don't want to be single, okay? I just want to be married again.",1,Logic,Absurdity|Conceptual_surprise
136,202.64,1,15,"I told mom and dad last night. They they seemed to take it pretty well. Oh, really? So that hysterical phone call I got from a woman sobbing at 03:00 a.m. I'll never have grandchildren, I'll never have grandchildren was what? A wrong number? Sorry. All right, ross, look. You're feeling a lot of pain right now. You're angry. You're hurting. Can I tell you what the answer is? Strip joint. Come on, you're single. Have some hormones. But I don't want to be single, okay? I just want to be married again.",1,Logic,Absurdity|Conceptual_surprise
137,204.13,1,15,"I told mom and dad last night. They they seemed to take it pretty well. Oh, really? So that hysterical phone call I got from a woman sobbing at 03:00 a.m. I'll never have grandchildren, I'll never have grandchildren was what? A wrong number? Sorry. All right, ross, look. You're feeling a lot of pain right now. You're angry. You're hurting. Can I tell you what the answer is? Strip joint. Come on, you're single. Have some hormones. But I don't want to be single, okay? I just want to be married again.",1,Logic,Absurdity|Conceptual_surprise
138,205.62,1,15,"I told mom and dad last night. They they seemed to take it pretty well. Oh, really? So that hysterical phone call I got from a woman sobbing at 03:00 a.m. I'll never have grandchildren, I'll never have grandchildren was what? A wrong number? Sorry. All right, ross, look. You're feeling a lot of pain right now. You're angry. You're hurting. Can I tell you what the answer is? Strip joint. Come on, you're single. Have some hormones. But I don't want to be single, okay? I just want to be married again.",1,Logic,Absurdity|Conceptual_surprise
139,207.11,1,15,"I told mom and dad last night. They they seemed to take it pretty well. Oh, really? So that hysterical phone call I got from a woman sobbing at 03:00 a.m. I'll never have grandchildren, I'll never have grandchildren was what? A wrong number? Sorry. All right, ross, look. You're feeling a lot of pain right now. You're angry. You're hurting. Can I tell you what the answer is? Strip joint. Come on, you're single. Have some hormones. But I don't want to be single, okay? I just want to be married again.",1,Logic,Absurdity|Conceptual_surprise
140,208.6,1,15,"I told mom and dad last night. They they seemed to take it pretty well. Oh, really? So that hysterical phone call I got from a woman sobbing at 03:00 a.m. I'll never have grandchildren, I'll never have grandchildren was what? A wrong number? Sorry. All right, ross, look. You're feeling a lot of pain right now. You're angry. You're hurting. Can I tell you what the answer is? Strip joint. Come on, you're single. Have some hormones. But I don't want to be single, okay? I just want to be married again.",1,Logic,Absurdity|Conceptual_surprise
141,210.09,1,15,"I told mom and dad last night. They they seemed to take it pretty well. Oh, really? So that hysterical phone call I got from a woman sobbing at 03:00 a.m. I'll never have grandchildren, I'll never have grandchildren was what? A wrong number? Sorry. All right, ross, look. You're feeling a lot of pain right now. You're angry. You're hurting. Can I tell you what the answer is? Strip joint. Come on, you're single. Have some hormones. But I don't want to be single, okay? I just want to be married again.",1,Logic,Absurdity|Conceptual_surprise
142,211.58,1,15,"I told mom and dad last night. They they seemed to take it pretty well. Oh, really? So that hysterical phone call I got from a woman sobbing at 03:00 a.m. I'll never have grandchildren, I'll never have grandchildren was what? A wrong number? Sorry. All right, ross, look. You're feeling a lot of pain right now. You're angry. You're hurting. Can I tell you what the answer is? Strip joint. Come on, you're single. Have some hormones. But I don't want to be single, okay? I just want to be married again.",1,Logic,Absurdity|Conceptual_surprise
143,213.07,1,15,"I told mom and dad last night. They they seemed to take it pretty well. Oh, really? So that hysterical phone call I got from a woman sobbing at 03:00 a.m. I'll never have grandchildren, I'll never have grandchildren was what? A wrong number? Sorry. All right, ross, look. You're feeling a lot of pain right now. You're angry. You're hurting. Can I tell you what the answer is? Strip joint. Come on, you're single. Have some hormones. But I don't want to be single, okay? I just want to be married again.",1,Logic,Absurdity|Conceptual_surprise
144,214.56,0,-1,,0,,
145,216.05,0,-1,,0,,
146,217.54,1,16,And I just want a million dollars.,0,,
147,219.03,1,16,And I just want a million dollars.,0,,
148,220.52,1,16,And I just want a million dollars.,0,,
149,222.01,0,-1,,0,,
150,223.5,0,-1,,0,,
151,224.99,0,-1,,0,,
152,226.48,1,17,"Rachel? Oh, God, Monica. Hi. Thank God. I just went to your building and you weren't there. And then this guy with a big hammer said that you might be here. And you are. You are. Can I get you some coffee? Decaf. Hey, everybody. This is Rachel. And another Lincoln high survivor. This is everybody. This is Chandler and Phoebe and Joey. And you remember my brother, Ross. Sure.",1,Logic,Absurdity
153,227.97,1,17,"Rachel? Oh, God, Monica. Hi. Thank God. I just went to your building and you weren't there. And then this guy with a big hammer said that you might be here. And you are. You are. Can I get you some coffee? Decaf. Hey, everybody. This is Rachel. And another Lincoln high survivor. This is everybody. This is Chandler and Phoebe and Joey. And you remember my brother, Ross. Sure.",1,Logic,Absurdity
154,229.46,1,17,"Rachel? Oh, God, Monica. Hi. Thank God. I just went to your building and you weren't there. And then this guy with a big hammer said that you might be here. And you are. You are. Can I get you some coffee? Decaf. Hey, everybody. This is Rachel. And another Lincoln high survivor. This is everybody. This is Chandler and Phoebe and Joey. And you remember my brother, Ross. Sure.",1,Logic,Absurdity
155,230.95,1,17,"Rachel? Oh, God, Monica. Hi. Thank God. I just went to your building and you weren't there. And then this guy with a big hammer said that you might be here. And you are. You are. Can I get you some coffee? Decaf. Hey, everybody. This is Rachel. And another Lincoln high survivor. This is everybody. This is Chandler and Phoebe and Joey. And you remember my brother, Ross. Sure.",1,Logic,Absurdity
156,232.44,1,17,"Rachel? Oh, God, Monica. Hi. Thank God. I just went to your building and you weren't there. And then this guy with a big hammer said that you might be here. And you are. You are. Can I get you some coffee? Decaf. Hey, everybody. This is Rachel. And another Lincoln high survivor. This is everybody. This is Chandler and Phoebe and Joey. And you remember my brother, Ross. Sure.",1,Logic,Absurdity
157,233.93,1,17,"Rachel? Oh, God, Monica. Hi. Thank God. I just went to your building and you weren't there. And then this guy with a big hammer said that you might be here. And you are. You are. Can I get you some coffee? Decaf. Hey, everybody. This is Rachel. And another Lincoln high survivor. This is everybody. This is Chandler and Phoebe and Joey. And you remember my brother, Ross. Sure.",1,Logic,Absurdity
158,235.42,1,17,"Rachel? Oh, God, Monica. Hi. Thank God. I just went to your building and you weren't there. And then this guy with a big hammer said that you might be here. And you are. You are. Can I get you some coffee? Decaf. Hey, everybody. This is Rachel. And another Lincoln high survivor. This is everybody. This is Chandler and Phoebe and Joey. And you remember my brother, Ross. Sure.",1,Logic,Absurdity
159,236.91,1,17,"Rachel? Oh, God, Monica. Hi. Thank God. I just went to your building and you weren't there. And then this guy with a big hammer said that you might be here. And you are. You are. Can I get you some coffee? Decaf. Hey, everybody. This is Rachel. And another Lincoln high survivor. This is everybody. This is Chandler and Phoebe and Joey. And you remember my brother, Ross. Sure.",1,Logic,Absurdity
160,238.4,1,17,"Rachel? Oh, God, Monica. Hi. Thank God. I just went to your building and you weren't there. And then this guy with a big hammer said that you might be here. And you are. You are. Can I get you some coffee? Decaf. Hey, everybody. This is Rachel. And another Lincoln high survivor. This is everybody. This is Chandler and Phoebe and Joey. And you remember my brother, Ross. Sure.",1,Logic,Absurdity
161,239.89,1,17,"Rachel? Oh, God, Monica. Hi. Thank God. I just went to your building and you weren't there. And then this guy with a big hammer said that you might be here. And you are. You are. Can I get you some coffee? Decaf. Hey, everybody. This is Rachel. And another Lincoln high survivor. This is everybody. This is Chandler and Phoebe and Joey. And you remember my brother, Ross. Sure.",1,Logic,Absurdity
162,241.38,1,17,"Rachel? Oh, God, Monica. Hi. Thank God. I just went to your building and you weren't there. And then this guy with a big hammer said that you might be here. And you are. You are. Can I get you some coffee? Decaf. Hey, everybody. This is Rachel. And another Lincoln high survivor. This is everybody. This is Chandler and Phoebe and Joey. And you remember my brother, Ross. Sure.",1,Logic,Absurdity
163,242.87,1,17,"Rachel? Oh, God, Monica. Hi. Thank God. I just went to your building and you weren't there. And then this guy with a big hammer said that you might be here. And you are. You are. Can I get you some coffee? Decaf. Hey, everybody. This is Rachel. And another Lincoln high survivor. This is everybody. This is Chandler and Phoebe and Joey. And you remember my brother, Ross. Sure.",1,Logic,Absurdity
164,244.36,1,17,"Rachel? Oh, God, Monica. Hi. Thank God. I just went to your building and you weren't there. And then this guy with a big hammer said that you might be here. And you are. You are. Can I get you some coffee? Decaf. Hey, everybody. This is Rachel. And another Lincoln high survivor. This is everybody. This is Chandler and Phoebe and Joey. And you remember my brother, Ross. Sure.",1,Logic,Absurdity
165,245.85,1,17,"Rachel? Oh, God, Monica. Hi. Thank God. I just went to your building and you weren't there. And then this guy with a big hammer said that you might be here. And you are. You are. Can I get you some coffee? Decaf. Hey, everybody. This is Rachel. And another Lincoln high survivor. This is everybody. This is Chandler and Phoebe and Joey. And you remember my brother, Ross. Sure.",1,Logic,Absurdity
166,247.34,1,17,"Rachel? Oh, God, Monica. Hi. Thank God. I just went to your building and you weren't there. And then this guy with a big hammer said that you might be here. And you are. You are. Can I get you some coffee? Decaf. Hey, everybody. This is Rachel. And another Lincoln high survivor. This is everybody. This is Chandler and Phoebe and Joey. And you remember my brother, Ross. Sure.",1,Logic,Absurdity
167,248.83,1,17,"Rachel? Oh, God, Monica. Hi. Thank God. I just went to your building and you weren't there. And then this guy with a big hammer said that you might be here. And you are. You are. Can I get you some coffee? Decaf. Hey, everybody. This is Rachel. And another Lincoln high survivor. This is everybody. This is Chandler and Phoebe and Joey. And you remember my brother, Ross. Sure.",1,Logic,Absurdity
168,250.32,1,17,"Rachel? Oh, God, Monica. Hi. Thank God. I just went to your building and you weren't there. And then this guy with a big hammer said that you might be here. And you are. You are. Can I get you some coffee? Decaf. Hey, everybody. This is Rachel. And another Lincoln high survivor. This is everybody. This is Chandler and Phoebe and Joey. And you remember my brother, Ross. Sure.",1,Logic,Absurdity
169,251.81,0,-1,,0,,
170,253.3,0,-1,,0,,
171,254.79,0,-1,,0,,
172,256.28,0,-1,,0,,
173,257.77,0,-1,,0,,
174,259.26,0,-1,,0,,
175,260.75,1,18,"So you want to tell us now, or are we waiting for four wet bridesmaids?",1,Language,Wit
176,262.24,1,18,"So you want to tell us now, or are we waiting for four wet bridesmaids?",1,Language,Wit
177,263.73,1,18,"So you want to tell us now, or are we waiting for four wet bridesmaids?",1,Language,Wit
178,265.22,0,-1,,0,,
179,266.71,1,19,"Oh, God. Well, it started about a half hour before the wedding. I was in this room where we were keeping all the presents. And I was looking at this gravy boat this really gorgeous, lamoge gravy boat. When all of a sudden I realized sweet. And realized I realized that I was more turned on by this gravy bolt than by Barry. And then I got really freaked out. And that's when it hit me how much Barry looks like.",1,Logic,Conceptual_surprise|Absurdity
180,268.2,1,19,"Oh, God. Well, it started about a half hour before the wedding. I was in this room where we were keeping all the presents. And I was looking at this gravy boat this really gorgeous, lamoge gravy boat. When all of a sudden I realized sweet. And realized I realized that I was more turned on by this gravy bolt than by Barry. And then I got really freaked out. And that's when it hit me how much Barry looks like.",1,Logic,Conceptual_surprise|Absurdity
181,269.69,1,19,"Oh, God. Well, it started about a half hour before the wedding. I was in this room where we were keeping all the presents. And I was looking at this gravy boat this really gorgeous, lamoge gravy boat. When all of a sudden I realized sweet. And realized I realized that I was more turned on by this gravy bolt than by Barry. And then I got really freaked out. And that's when it hit me how much Barry looks like.",1,Logic,Conceptual_surprise|Absurdity
182,271.18,1,19,"Oh, God. Well, it started about a half hour before the wedding. I was in this room where we were keeping all the presents. And I was looking at this gravy boat this really gorgeous, lamoge gravy boat. When all of a sudden I realized sweet. And realized I realized that I was more turned on by this gravy bolt than by Barry. And then I got really freaked out. And that's when it hit me how much Barry looks like.",1,Logic,Conceptual_surprise|Absurdity
183,272.67,1,19,"Oh, God. Well, it started about a half hour before the wedding. I was in this room where we were keeping all the presents. And I was looking at this gravy boat this really gorgeous, lamoge gravy boat. When all of a sudden I realized sweet. And realized I realized that I was more turned on by this gravy bolt than by Barry. And then I got really freaked out. And that's when it hit me how much Barry looks like.",1,Logic,Conceptual_surprise|Absurdity
184,274.16,1,19,"Oh, God. Well, it started about a half hour before the wedding. I was in this room where we were keeping all the presents. And I was looking at this gravy boat this really gorgeous, lamoge gravy boat. When all of a sudden I realized sweet. And realized I realized that I was more turned on by this gravy bolt than by Barry. And then I got really freaked out. And that's when it hit me how much Barry looks like.",1,Logic,Conceptual_surprise|Absurdity
185,275.65,1,19,"Oh, God. Well, it started about a half hour before the wedding. I was in this room where we were keeping all the presents. And I was looking at this gravy boat this really gorgeous, lamoge gravy boat. When all of a sudden I realized sweet. And realized I realized that I was more turned on by this gravy bolt than by Barry. And then I got really freaked out. And that's when it hit me how much Barry looks like.",1,Logic,Conceptual_surprise|Absurdity
186,277.14,1,19,"Oh, God. Well, it started about a half hour before the wedding. I was in this room where we were keeping all the presents. And I was looking at this gravy boat this really gorgeous, lamoge gravy boat. When all of a sudden I realized sweet. And realized I realized that I was more turned on by this gravy bolt than by Barry. And then I got really freaked out. And that's when it hit me how much Barry looks like.",1,Logic,Conceptual_surprise|Absurdity
187,278.63,1,19,"Oh, God. Well, it started about a half hour before the wedding. I was in this room where we were keeping all the presents. And I was looking at this gravy boat this really gorgeous, lamoge gravy boat. When all of a sudden I realized sweet. And realized I realized that I was more turned on by this gravy bolt than by Barry. And then I got really freaked out. And that's when it hit me how much Barry looks like.",1,Logic,Conceptual_surprise|Absurdity
188,280.12,1,19,"Oh, God. Well, it started about a half hour before the wedding. I was in this room where we were keeping all the presents. And I was looking at this gravy boat this really gorgeous, lamoge gravy boat. When all of a sudden I realized sweet. And realized I realized that I was more turned on by this gravy bolt than by Barry. And then I got really freaked out. And that's when it hit me how much Barry looks like.",1,Logic,Conceptual_surprise|Absurdity
189,281.61,1,19,"Oh, God. Well, it started about a half hour before the wedding. I was in this room where we were keeping all the presents. And I was looking at this gravy boat this really gorgeous, lamoge gravy boat. When all of a sudden I realized sweet. And realized I realized that I was more turned on by this gravy bolt than by Barry. And then I got really freaked out. And that's when it hit me how much Barry looks like.",1,Logic,Conceptual_surprise|Absurdity
190,283.1,1,19,"Oh, God. Well, it started about a half hour before the wedding. I was in this room where we were keeping all the presents. And I was looking at this gravy boat this really gorgeous, lamoge gravy boat. When all of a sudden I realized sweet. And realized I realized that I was more turned on by this gravy bolt than by Barry. And then I got really freaked out. And that's when it hit me how much Barry looks like.",1,Logic,Conceptual_surprise|Absurdity
191,284.59,1,19,"Oh, God. Well, it started about a half hour before the wedding. I was in this room where we were keeping all the presents. And I was looking at this gravy boat this really gorgeous, lamoge gravy boat. When all of a sudden I realized sweet. And realized I realized that I was more turned on by this gravy bolt than by Barry. And then I got really freaked out. And that's when it hit me how much Barry looks like.",1,Logic,Conceptual_surprise|Absurdity
192,286.08,1,19,"Oh, God. Well, it started about a half hour before the wedding. I was in this room where we were keeping all the presents. And I was looking at this gravy boat this really gorgeous, lamoge gravy boat. When all of a sudden I realized sweet. And realized I realized that I was more turned on by this gravy bolt than by Barry. And then I got really freaked out. And that's when it hit me how much Barry looks like.",1,Logic,Conceptual_surprise|Absurdity
193,287.57,1,19,"Oh, God. Well, it started about a half hour before the wedding. I was in this room where we were keeping all the presents. And I was looking at this gravy boat this really gorgeous, lamoge gravy boat. When all of a sudden I realized sweet. And realized I realized that I was more turned on by this gravy bolt than by Barry. And then I got really freaked out. And that's when it hit me how much Barry looks like.",1,Logic,Conceptual_surprise|Absurdity
194,289.06,1,19,"Oh, God. Well, it started about a half hour before the wedding. I was in this room where we were keeping all the presents. And I was looking at this gravy boat this really gorgeous, lamoge gravy boat. When all of a sudden I realized sweet. And realized I realized that I was more turned on by this gravy bolt than by Barry. And then I got really freaked out. And that's when it hit me how much Barry looks like.",1,Logic,Conceptual_surprise|Absurdity
195,290.55,1,19,"Oh, God. Well, it started about a half hour before the wedding. I was in this room where we were keeping all the presents. And I was looking at this gravy boat this really gorgeous, lamoge gravy boat. When all of a sudden I realized sweet. And realized I realized that I was more turned on by this gravy bolt than by Barry. And then I got really freaked out. And that's when it hit me how much Barry looks like.",1,Logic,Conceptual_surprise|Absurdity
196,292.04,1,19,"Oh, God. Well, it started about a half hour before the wedding. I was in this room where we were keeping all the presents. And I was looking at this gravy boat this really gorgeous, lamoge gravy boat. When all of a sudden I realized sweet. And realized I realized that I was more turned on by this gravy bolt than by Barry. And then I got really freaked out. And that's when it hit me how much Barry looks like.",1,Logic,Conceptual_surprise|Absurdity
197,293.53,1,19,"Oh, God. Well, it started about a half hour before the wedding. I was in this room where we were keeping all the presents. And I was looking at this gravy boat this really gorgeous, lamoge gravy boat. When all of a sudden I realized sweet. And realized I realized that I was more turned on by this gravy bolt than by Barry. And then I got really freaked out. And that's when it hit me how much Barry looks like.",1,Logic,Conceptual_surprise|Absurdity
198,295.02,0,-1,,0,,
199,296.51,1,20,I always know he looked familiar. But,0,,
200,298.0,1,20,I always know he looked familiar. But,0,,
201,299.49,0,-1,,0,,
202,300.98,0,-1,,0,,
203,302.47,1,21,"anyway, I just had to get out of there and I started wondering why am I doing this? And who am I doing this for? So anyway, I just didn't know where to go. And I know that you and I have kind of drifted apart but you're the only person I knew who lived here in the city who wasn't invited to the wedding. Oh, I was kind of hoping that wouldn't be an issue.",1,Identity,Self_deprecation
204,303.96,1,21,"anyway, I just had to get out of there and I started wondering why am I doing this? And who am I doing this for? So anyway, I just didn't know where to go. And I know that you and I have kind of drifted apart but you're the only person I knew who lived here in the city who wasn't invited to the wedding. Oh, I was kind of hoping that wouldn't be an issue.",1,Identity,Self_deprecation
205,305.45,1,21,"anyway, I just had to get out of there and I started wondering why am I doing this? And who am I doing this for? So anyway, I just didn't know where to go. And I know that you and I have kind of drifted apart but you're the only person I knew who lived here in the city who wasn't invited to the wedding. Oh, I was kind of hoping that wouldn't be an issue.",1,Identity,Self_deprecation
206,306.94,1,21,"anyway, I just had to get out of there and I started wondering why am I doing this? And who am I doing this for? So anyway, I just didn't know where to go. And I know that you and I have kind of drifted apart but you're the only person I knew who lived here in the city who wasn't invited to the wedding. Oh, I was kind of hoping that wouldn't be an issue.",1,Identity,Self_deprecation
207,308.43,1,21,"anyway, I just had to get out of there and I started wondering why am I doing this? And who am I doing this for? So anyway, I just didn't know where to go. And I know that you and I have kind of drifted apart but you're the only person I knew who lived here in the city who wasn't invited to the wedding. Oh, I was kind of hoping that wouldn't be an issue.",1,Identity,Self_deprecation
208,309.92,1,21,"anyway, I just had to get out of there and I started wondering why am I doing this? And who am I doing this for? So anyway, I just didn't know where to go. And I know that you and I have kind of drifted apart but you're the only person I knew who lived here in the city who wasn't invited to the wedding. Oh, I was kind of hoping that wouldn't be an issue.",1,Identity,Self_deprecation
209,311.41,1,21,"anyway, I just had to get out of there and I started wondering why am I doing this? And who am I doing this for? So anyway, I just didn't know where to go. And I know that you and I have kind of drifted apart but you're the only person I knew who lived here in the city who wasn't invited to the wedding. Oh, I was kind of hoping that wouldn't be an issue.",1,Identity,Self_deprecation
210,312.9,1,21,"anyway, I just had to get out of there and I started wondering why am I doing this? And who am I doing this for? So anyway, I just didn't know where to go. And I know that you and I have kind of drifted apart but you're the only person I knew who lived here in the city who wasn't invited to the wedding. Oh, I was kind of hoping that wouldn't be an issue.",1,Identity,Self_deprecation
211,314.39,1,21,"anyway, I just had to get out of there and I started wondering why am I doing this? And who am I doing this for? So anyway, I just didn't know where to go. And I know that you and I have kind of drifted apart but you're the only person I knew who lived here in the city who wasn't invited to the wedding. Oh, I was kind of hoping that wouldn't be an issue.",1,Identity,Self_deprecation
212,315.88,1,21,"anyway, I just had to get out of there and I started wondering why am I doing this? And who am I doing this for? So anyway, I just didn't know where to go. And I know that you and I have kind of drifted apart but you're the only person I knew who lived here in the city who wasn't invited to the wedding. Oh, I was kind of hoping that wouldn't be an issue.",1,Identity,Self_deprecation
213,317.37,1,21,"anyway, I just had to get out of there and I started wondering why am I doing this? And who am I doing this for? So anyway, I just didn't know where to go. And I know that you and I have kind of drifted apart but you're the only person I knew who lived here in the city who wasn't invited to the wedding. Oh, I was kind of hoping that wouldn't be an issue.",1,Identity,Self_deprecation
214,318.86,1,21,"anyway, I just had to get out of there and I started wondering why am I doing this? And who am I doing this for? So anyway, I just didn't know where to go. And I know that you and I have kind of drifted apart but you're the only person I knew who lived here in the city who wasn't invited to the wedding. Oh, I was kind of hoping that wouldn't be an issue.",1,Identity,Self_deprecation
215,320.35,1,21,"anyway, I just had to get out of there and I started wondering why am I doing this? And who am I doing this for? So anyway, I just didn't know where to go. And I know that you and I have kind of drifted apart but you're the only person I knew who lived here in the city who wasn't invited to the wedding. Oh, I was kind of hoping that wouldn't be an issue.",1,Identity,Self_deprecation
216,321.84,0,-1,,0,,
217,323.33,0,-1,,0,,
218,324.82,0,-1,,0,,
219,326.31,0,-1,,0,,
220,327.8,0,-1,,0,,
221,329.29,0,-1,,0,,
222,330.78,0,-1,,0,,
223,332.27,0,-1,,0,,
224,333.76,0,-1,,0,,
225,335.25,0,-1,,0,,
226,336.74,1,22,"Criminalisala De Marcela Singing all right, I'm guessing that he bought her the big pipe organ and she's really not happy about it.",1,Language,Puns|Misunderstanding
227,338.23,1,22,"Criminalisala De Marcela Singing all right, I'm guessing that he bought her the big pipe organ and she's really not happy about it.",1,Language,Puns|Misunderstanding
228,339.72,1,22,"Criminalisala De Marcela Singing all right, I'm guessing that he bought her the big pipe organ and she's really not happy about it.",1,Language,Puns|Misunderstanding
229,341.21,1,22,"Criminalisala De Marcela Singing all right, I'm guessing that he bought her the big pipe organ and she's really not happy about it.",1,Language,Puns|Misunderstanding
230,342.7,0,-1,,0,,
231,344.19,1,23,"Tuna. Egg salad, desa.",1,Language,Puns
232,345.68,1,23,"Tuna. Egg salad, desa.",1,Language,Puns
233,347.17,0,-1,,0,,
234,348.66,1,24,I'll have whatever Christine is having.,1,Language,Allusion
235,350.15,1,24,I'll have whatever Christine is having.,1,Language,Allusion
236,351.64,0,-1,,0,,
237,353.13,1,25,"Daddy, I just I can't marry him. I'm sorry. I just don't love him. Well, it matters to me.",0,,
238,354.62,1,25,"Daddy, I just I can't marry him. I'm sorry. I just don't love him. Well, it matters to me.",0,,
239,356.11,1,25,"Daddy, I just I can't marry him. I'm sorry. I just don't love him. Well, it matters to me.",0,,
240,357.6,1,25,"Daddy, I just I can't marry him. I'm sorry. I just don't love him. Well, it matters to me.",0,,
241,359.09,1,25,"Daddy, I just I can't marry him. I'm sorry. I just don't love him. Well, it matters to me.",0,,
242,360.58,1,25,"Daddy, I just I can't marry him. I'm sorry. I just don't love him. Well, it matters to me.",0,,
243,362.07,1,25,"Daddy, I just I can't marry him. I'm sorry. I just don't love him. Well, it matters to me.",0,,
244,363.56,1,25,"Daddy, I just I can't marry him. I'm sorry. I just don't love him. Well, it matters to me.",0,,
245,365.05,0,-1,,0,,
246,366.54,0,-1,,0,,
247,368.03,1,26,"If I let go of my hair, my hip will fall off.",1,Logic,Absurdity
248,369.52,1,26,"If I let go of my hair, my hip will fall off.",1,Logic,Absurdity
249,371.01,1,26,"If I let go of my hair, my hip will fall off.",1,Logic,Absurdity
250,372.5,0,-1,,0,,
251,373.99,1,27,She should not be wearing those pants. I'd say push her down the stairs. Push her down. Push.,1,Language,Ridicule
252,375.48,1,27,She should not be wearing those pants. I'd say push her down the stairs. Push her down. Push.,1,Language,Ridicule
253,376.97,1,27,She should not be wearing those pants. I'd say push her down the stairs. Push her down. Push.,1,Language,Ridicule
254,378.46,1,27,She should not be wearing those pants. I'd say push her down the stairs. Push her down. Push.,1,Language,Ridicule
255,379.95,1,27,She should not be wearing those pants. I'd say push her down the stairs. Push her down. Push.,1,Language,Ridicule
256,381.44,1,27,She should not be wearing those pants. I'd say push her down the stairs. Push her down. Push.,1,Language,Ridicule
257,382.93,1,27,She should not be wearing those pants. I'd say push her down the stairs. Push her down. Push.,1,Language,Ridicule
258,384.42,0,-1,,0,,
259,385.91,0,-1,,0,,
260,387.4,1,28,"Come on, Daddy, listen to me. It's like it's like all of my life everyone has always told me, you're a shoe. You're a shoe. You're a shoe. You're a shoe. And then today I just stopped and I said what if I don't want to be a shoe? What if I want to be a purse? Or a hat? No, I don't want you to buy me a hat. I'm saying that I am a hat. It's a metaphor, Daddy. You can see where you'd have trouble.",1,Logic,Absurdity|Misunderstanding
261,388.89,1,28,"Come on, Daddy, listen to me. It's like it's like all of my life everyone has always told me, you're a shoe. You're a shoe. You're a shoe. You're a shoe. And then today I just stopped and I said what if I don't want to be a shoe? What if I want to be a purse? Or a hat? No, I don't want you to buy me a hat. I'm saying that I am a hat. It's a metaphor, Daddy. You can see where you'd have trouble.",1,Logic,Absurdity|Misunderstanding
262,390.38,1,28,"Come on, Daddy, listen to me. It's like it's like all of my life everyone has always told me, you're a shoe. You're a shoe. You're a shoe. You're a shoe. And then today I just stopped and I said what if I don't want to be a shoe? What if I want to be a purse? Or a hat? No, I don't want you to buy me a hat. I'm saying that I am a hat. It's a metaphor, Daddy. You can see where you'd have trouble.",1,Logic,Absurdity|Misunderstanding
263,391.87,1,28,"Come on, Daddy, listen to me. It's like it's like all of my life everyone has always told me, you're a shoe. You're a shoe. You're a shoe. You're a shoe. And then today I just stopped and I said what if I don't want to be a shoe? What if I want to be a purse? Or a hat? No, I don't want you to buy me a hat. I'm saying that I am a hat. It's a metaphor, Daddy. You can see where you'd have trouble.",1,Logic,Absurdity|Misunderstanding
264,393.36,1,28,"Come on, Daddy, listen to me. It's like it's like all of my life everyone has always told me, you're a shoe. You're a shoe. You're a shoe. You're a shoe. And then today I just stopped and I said what if I don't want to be a shoe? What if I want to be a purse? Or a hat? No, I don't want you to buy me a hat. I'm saying that I am a hat. It's a metaphor, Daddy. You can see where you'd have trouble.",1,Logic,Absurdity|Misunderstanding
265,394.85,1,28,"Come on, Daddy, listen to me. It's like it's like all of my life everyone has always told me, you're a shoe. You're a shoe. You're a shoe. You're a shoe. And then today I just stopped and I said what if I don't want to be a shoe? What if I want to be a purse? Or a hat? No, I don't want you to buy me a hat. I'm saying that I am a hat. It's a metaphor, Daddy. You can see where you'd have trouble.",1,Logic,Absurdity|Misunderstanding
266,396.34,1,28,"Come on, Daddy, listen to me. It's like it's like all of my life everyone has always told me, you're a shoe. You're a shoe. You're a shoe. You're a shoe. And then today I just stopped and I said what if I don't want to be a shoe? What if I want to be a purse? Or a hat? No, I don't want you to buy me a hat. I'm saying that I am a hat. It's a metaphor, Daddy. You can see where you'd have trouble.",1,Logic,Absurdity|Misunderstanding
267,397.83,1,28,"Come on, Daddy, listen to me. It's like it's like all of my life everyone has always told me, you're a shoe. You're a shoe. You're a shoe. You're a shoe. And then today I just stopped and I said what if I don't want to be a shoe? What if I want to be a purse? Or a hat? No, I don't want you to buy me a hat. I'm saying that I am a hat. It's a metaphor, Daddy. You can see where you'd have trouble.",1,Logic,Absurdity|Misunderstanding
268,399.32,1,28,"Come on, Daddy, listen to me. It's like it's like all of my life everyone has always told me, you're a shoe. You're a shoe. You're a shoe. You're a shoe. And then today I just stopped and I said what if I don't want to be a shoe? What if I want to be a purse? Or a hat? No, I don't want you to buy me a hat. I'm saying that I am a hat. It's a metaphor, Daddy. You can see where you'd have trouble.",1,Logic,Absurdity|Misunderstanding
269,400.81,1,28,"Come on, Daddy, listen to me. It's like it's like all of my life everyone has always told me, you're a shoe. You're a shoe. You're a shoe. You're a shoe. And then today I just stopped and I said what if I don't want to be a shoe? What if I want to be a purse? Or a hat? No, I don't want you to buy me a hat. I'm saying that I am a hat. It's a metaphor, Daddy. You can see where you'd have trouble.",1,Logic,Absurdity|Misunderstanding
270,402.3,1,28,"Come on, Daddy, listen to me. It's like it's like all of my life everyone has always told me, you're a shoe. You're a shoe. You're a shoe. You're a shoe. And then today I just stopped and I said what if I don't want to be a shoe? What if I want to be a purse? Or a hat? No, I don't want you to buy me a hat. I'm saying that I am a hat. It's a metaphor, Daddy. You can see where you'd have trouble.",1,Logic,Absurdity|Misunderstanding
271,403.79,1,28,"Come on, Daddy, listen to me. It's like it's like all of my life everyone has always told me, you're a shoe. You're a shoe. You're a shoe. You're a shoe. And then today I just stopped and I said what if I don't want to be a shoe? What if I want to be a purse? Or a hat? No, I don't want you to buy me a hat. I'm saying that I am a hat. It's a metaphor, Daddy. You can see where you'd have trouble.",1,Logic,Absurdity|Misunderstanding
272,405.28,1,28,"Come on, Daddy, listen to me. It's like it's like all of my life everyone has always told me, you're a shoe. You're a shoe. You're a shoe. You're a shoe. And then today I just stopped and I said what if I don't want to be a shoe? What if I want to be a purse? Or a hat? No, I don't want you to buy me a hat. I'm saying that I am a hat. It's a metaphor, Daddy. You can see where you'd have trouble.",1,Logic,Absurdity|Misunderstanding
273,406.77,1,28,"Come on, Daddy, listen to me. It's like it's like all of my life everyone has always told me, you're a shoe. You're a shoe. You're a shoe. You're a shoe. And then today I just stopped and I said what if I don't want to be a shoe? What if I want to be a purse? Or a hat? No, I don't want you to buy me a hat. I'm saying that I am a hat. It's a metaphor, Daddy. You can see where you'd have trouble.",1,Logic,Absurdity|Misunderstanding
274,408.26,1,28,"Come on, Daddy, listen to me. It's like it's like all of my life everyone has always told me, you're a shoe. You're a shoe. You're a shoe. You're a shoe. And then today I just stopped and I said what if I don't want to be a shoe? What if I want to be a purse? Or a hat? No, I don't want you to buy me a hat. I'm saying that I am a hat. It's a metaphor, Daddy. You can see where you'd have trouble.",1,Logic,Absurdity|Misunderstanding
275,409.75,1,28,"Come on, Daddy, listen to me. It's like it's like all of my life everyone has always told me, you're a shoe. You're a shoe. You're a shoe. You're a shoe. And then today I just stopped and I said what if I don't want to be a shoe? What if I want to be a purse? Or a hat? No, I don't want you to buy me a hat. I'm saying that I am a hat. It's a metaphor, Daddy. You can see where you'd have trouble.",1,Logic,Absurdity|Misunderstanding
276,411.24,1,28,"Come on, Daddy, listen to me. It's like it's like all of my life everyone has always told me, you're a shoe. You're a shoe. You're a shoe. You're a shoe. And then today I just stopped and I said what if I don't want to be a shoe? What if I want to be a purse? Or a hat? No, I don't want you to buy me a hat. I'm saying that I am a hat. It's a metaphor, Daddy. You can see where you'd have trouble.",1,Logic,Absurdity|Misunderstanding
277,412.73,1,28,"Come on, Daddy, listen to me. It's like it's like all of my life everyone has always told me, you're a shoe. You're a shoe. You're a shoe. You're a shoe. And then today I just stopped and I said what if I don't want to be a shoe? What if I want to be a purse? Or a hat? No, I don't want you to buy me a hat. I'm saying that I am a hat. It's a metaphor, Daddy. You can see where you'd have trouble.",1,Logic,Absurdity|Misunderstanding
278,414.22,1,28,"Come on, Daddy, listen to me. It's like it's like all of my life everyone has always told me, you're a shoe. You're a shoe. You're a shoe. You're a shoe. And then today I just stopped and I said what if I don't want to be a shoe? What if I want to be a purse? Or a hat? No, I don't want you to buy me a hat. I'm saying that I am a hat. It's a metaphor, Daddy. You can see where you'd have trouble.",1,Logic,Absurdity|Misunderstanding
279,415.71,1,28,"Come on, Daddy, listen to me. It's like it's like all of my life everyone has always told me, you're a shoe. You're a shoe. You're a shoe. You're a shoe. And then today I just stopped and I said what if I don't want to be a shoe? What if I want to be a purse? Or a hat? No, I don't want you to buy me a hat. I'm saying that I am a hat. It's a metaphor, Daddy. You can see where you'd have trouble.",1,Logic,Absurdity|Misunderstanding
280,417.2,0,-1,,0,,
281,418.69,1,29,"Look, Daddy, it's my life. Well, maybe I'll just stay here with Monica.",0,,
282,420.18,1,29,"Look, Daddy, it's my life. Well, maybe I'll just stay here with Monica.",0,,
283,421.67,1,29,"Look, Daddy, it's my life. Well, maybe I'll just stay here with Monica.",0,,
284,423.16,1,29,"Look, Daddy, it's my life. Well, maybe I'll just stay here with Monica.",0,,
285,424.65,1,29,"Look, Daddy, it's my life. Well, maybe I'll just stay here with Monica.",0,,
286,426.14,0,-1,,0,,
287,427.63,1,30,"Well, I guess we've established she's staying here with Monica. Well, maybe that's my decision. Well, maybe I don't need your money. Wait. I said maybe.",1,Logic,Conceptual_surprise
288,429.12,1,30,"Well, I guess we've established she's staying here with Monica. Well, maybe that's my decision. Well, maybe I don't need your money. Wait. I said maybe.",1,Logic,Conceptual_surprise
289,430.61,1,30,"Well, I guess we've established she's staying here with Monica. Well, maybe that's my decision. Well, maybe I don't need your money. Wait. I said maybe.",1,Logic,Conceptual_surprise
290,432.1,1,30,"Well, I guess we've established she's staying here with Monica. Well, maybe that's my decision. Well, maybe I don't need your money. Wait. I said maybe.",1,Logic,Conceptual_surprise
291,433.59,1,30,"Well, I guess we've established she's staying here with Monica. Well, maybe that's my decision. Well, maybe I don't need your money. Wait. I said maybe.",1,Logic,Conceptual_surprise
292,435.08,1,30,"Well, I guess we've established she's staying here with Monica. Well, maybe that's my decision. Well, maybe I don't need your money. Wait. I said maybe.",1,Logic,Conceptual_surprise
293,436.57,1,30,"Well, I guess we've established she's staying here with Monica. Well, maybe that's my decision. Well, maybe I don't need your money. Wait. I said maybe.",1,Logic,Conceptual_surprise
294,438.06,1,30,"Well, I guess we've established she's staying here with Monica. Well, maybe that's my decision. Well, maybe I don't need your money. Wait. I said maybe.",1,Logic,Conceptual_surprise
295,439.55,0,-1,,0,,
296,441.04,0,-1,,0,,
297,442.53,0,-1,,0,,
298,444.02,0,-1,,0,,
299,445.51,0,-1,,0,,
300,447.0,1,31,"It's breathe. Breathe. That's it. Just try to think of nice, calm things. Raindrops on roses and",0,,
301,448.49,1,31,"It's breathe. Breathe. That's it. Just try to think of nice, calm things. Raindrops on roses and",0,,
302,449.98,1,31,"It's breathe. Breathe. That's it. Just try to think of nice, calm things. Raindrops on roses and",0,,
303,451.47,1,31,"It's breathe. Breathe. That's it. Just try to think of nice, calm things. Raindrops on roses and",0,,
304,452.96,1,31,"It's breathe. Breathe. That's it. Just try to think of nice, calm things. Raindrops on roses and",0,,
305,454.45,1,31,"It's breathe. Breathe. That's it. Just try to think of nice, calm things. Raindrops on roses and",0,,
306,455.94,1,31,"It's breathe. Breathe. That's it. Just try to think of nice, calm things. Raindrops on roses and",0,,
307,457.43,0,-1,,0,,
308,458.92,1,32,doorbells and sleigh bells and sing with mittens something and noodles with strings I'm all better now.,1,Language,Wit|Absurdity
309,460.41,1,32,doorbells and sleigh bells and sing with mittens something and noodles with strings I'm all better now.,1,Language,Wit|Absurdity
310,461.9,1,32,doorbells and sleigh bells and sing with mittens something and noodles with strings I'm all better now.,1,Language,Wit|Absurdity
311,463.39,1,32,doorbells and sleigh bells and sing with mittens something and noodles with strings I'm all better now.,1,Language,Wit|Absurdity
312,464.88,1,32,doorbells and sleigh bells and sing with mittens something and noodles with strings I'm all better now.,1,Language,Wit|Absurdity
313,466.37,1,32,doorbells and sleigh bells and sing with mittens something and noodles with strings I'm all better now.,1,Language,Wit|Absurdity
314,467.86,1,32,doorbells and sleigh bells and sing with mittens something and noodles with strings I'm all better now.,1,Language,Wit|Absurdity
315,469.35,0,-1,,0,,
316,470.84,1,33,I have,0,,
317,472.33,0,-1,,0,,
318,473.82,1,34,"okay, look, this is probably for the best. You know, independence, taking control of your life. The whole hat thing. And hey, you need anything, you can always come to Joey. Me and Chandler live right across the hall, and he's away a lot. Joey, stop hitting on her. It's her wedding day. What, like there's a rule or something?",1,Identity,Self_deprecation
319,475.31,1,34,"okay, look, this is probably for the best. You know, independence, taking control of your life. The whole hat thing. And hey, you need anything, you can always come to Joey. Me and Chandler live right across the hall, and he's away a lot. Joey, stop hitting on her. It's her wedding day. What, like there's a rule or something?",1,Identity,Self_deprecation
320,476.8,1,34,"okay, look, this is probably for the best. You know, independence, taking control of your life. The whole hat thing. And hey, you need anything, you can always come to Joey. Me and Chandler live right across the hall, and he's away a lot. Joey, stop hitting on her. It's her wedding day. What, like there's a rule or something?",1,Identity,Self_deprecation
321,478.29,1,34,"okay, look, this is probably for the best. You know, independence, taking control of your life. The whole hat thing. And hey, you need anything, you can always come to Joey. Me and Chandler live right across the hall, and he's away a lot. Joey, stop hitting on her. It's her wedding day. What, like there's a rule or something?",1,Identity,Self_deprecation
322,479.78,1,34,"okay, look, this is probably for the best. You know, independence, taking control of your life. The whole hat thing. And hey, you need anything, you can always come to Joey. Me and Chandler live right across the hall, and he's away a lot. Joey, stop hitting on her. It's her wedding day. What, like there's a rule or something?",1,Identity,Self_deprecation
323,481.27,1,34,"okay, look, this is probably for the best. You know, independence, taking control of your life. The whole hat thing. And hey, you need anything, you can always come to Joey. Me and Chandler live right across the hall, and he's away a lot. Joey, stop hitting on her. It's her wedding day. What, like there's a rule or something?",1,Identity,Self_deprecation
324,482.76,1,34,"okay, look, this is probably for the best. You know, independence, taking control of your life. The whole hat thing. And hey, you need anything, you can always come to Joey. Me and Chandler live right across the hall, and he's away a lot. Joey, stop hitting on her. It's her wedding day. What, like there's a rule or something?",1,Identity,Self_deprecation
325,484.25,1,34,"okay, look, this is probably for the best. You know, independence, taking control of your life. The whole hat thing. And hey, you need anything, you can always come to Joey. Me and Chandler live right across the hall, and he's away a lot. Joey, stop hitting on her. It's her wedding day. What, like there's a rule or something?",1,Identity,Self_deprecation
326,485.74,1,34,"okay, look, this is probably for the best. You know, independence, taking control of your life. The whole hat thing. And hey, you need anything, you can always come to Joey. Me and Chandler live right across the hall, and he's away a lot. Joey, stop hitting on her. It's her wedding day. What, like there's a rule or something?",1,Identity,Self_deprecation
327,487.23,1,34,"okay, look, this is probably for the best. You know, independence, taking control of your life. The whole hat thing. And hey, you need anything, you can always come to Joey. Me and Chandler live right across the hall, and he's away a lot. Joey, stop hitting on her. It's her wedding day. What, like there's a rule or something?",1,Identity,Self_deprecation
328,488.72,1,34,"okay, look, this is probably for the best. You know, independence, taking control of your life. The whole hat thing. And hey, you need anything, you can always come to Joey. Me and Chandler live right across the hall, and he's away a lot. Joey, stop hitting on her. It's her wedding day. What, like there's a rule or something?",1,Identity,Self_deprecation
329,490.21,1,34,"okay, look, this is probably for the best. You know, independence, taking control of your life. The whole hat thing. And hey, you need anything, you can always come to Joey. Me and Chandler live right across the hall, and he's away a lot. Joey, stop hitting on her. It's her wedding day. What, like there's a rule or something?",1,Identity,Self_deprecation
330,491.7,1,34,"okay, look, this is probably for the best. You know, independence, taking control of your life. The whole hat thing. And hey, you need anything, you can always come to Joey. Me and Chandler live right across the hall, and he's away a lot. Joey, stop hitting on her. It's her wedding day. What, like there's a rule or something?",1,Identity,Self_deprecation
331,493.19,1,34,"okay, look, this is probably for the best. You know, independence, taking control of your life. The whole hat thing. And hey, you need anything, you can always come to Joey. Me and Chandler live right across the hall, and he's away a lot. Joey, stop hitting on her. It's her wedding day. What, like there's a rule or something?",1,Identity,Self_deprecation
332,494.68,1,34,"okay, look, this is probably for the best. You know, independence, taking control of your life. The whole hat thing. And hey, you need anything, you can always come to Joey. Me and Chandler live right across the hall, and he's away a lot. Joey, stop hitting on her. It's her wedding day. What, like there's a rule or something?",1,Identity,Self_deprecation
333,496.17,1,34,"okay, look, this is probably for the best. You know, independence, taking control of your life. The whole hat thing. And hey, you need anything, you can always come to Joey. Me and Chandler live right across the hall, and he's away a lot. Joey, stop hitting on her. It's her wedding day. What, like there's a rule or something?",1,Identity,Self_deprecation
334,497.66,0,-1,,0,,
335,499.15,0,-1,,0,,
336,500.64,1,35,I got it.,0,,
337,502.13,0,-1,,0,,
338,503.62,1,36,"Please don't do that again. It's a horrible sound. It's Paul. Oh, God. Is it 630? Buz him in. Who's Paul? Paul, the wine guy, Paul? Maybe. Wait a minute. You're not a real date tonight is with Paul, the wine guy? He finally asked you out? Yes. Oh, this is a dear diary wait, wait. I can cancel. Oh, God. Please, no, go. I'll be fine. Ross, are you okay? I mean, do you want me to stay? That'd be good.",1,Logic,Misunderstanding
339,505.11,1,36,"Please don't do that again. It's a horrible sound. It's Paul. Oh, God. Is it 630? Buz him in. Who's Paul? Paul, the wine guy, Paul? Maybe. Wait a minute. You're not a real date tonight is with Paul, the wine guy? He finally asked you out? Yes. Oh, this is a dear diary wait, wait. I can cancel. Oh, God. Please, no, go. I'll be fine. Ross, are you okay? I mean, do you want me to stay? That'd be good.",1,Logic,Misunderstanding
340,506.6,1,36,"Please don't do that again. It's a horrible sound. It's Paul. Oh, God. Is it 630? Buz him in. Who's Paul? Paul, the wine guy, Paul? Maybe. Wait a minute. You're not a real date tonight is with Paul, the wine guy? He finally asked you out? Yes. Oh, this is a dear diary wait, wait. I can cancel. Oh, God. Please, no, go. I'll be fine. Ross, are you okay? I mean, do you want me to stay? That'd be good.",1,Logic,Misunderstanding
341,508.09,1,36,"Please don't do that again. It's a horrible sound. It's Paul. Oh, God. Is it 630? Buz him in. Who's Paul? Paul, the wine guy, Paul? Maybe. Wait a minute. You're not a real date tonight is with Paul, the wine guy? He finally asked you out? Yes. Oh, this is a dear diary wait, wait. I can cancel. Oh, God. Please, no, go. I'll be fine. Ross, are you okay? I mean, do you want me to stay? That'd be good.",1,Logic,Misunderstanding
342,509.58,1,36,"Please don't do that again. It's a horrible sound. It's Paul. Oh, God. Is it 630? Buz him in. Who's Paul? Paul, the wine guy, Paul? Maybe. Wait a minute. You're not a real date tonight is with Paul, the wine guy? He finally asked you out? Yes. Oh, this is a dear diary wait, wait. I can cancel. Oh, God. Please, no, go. I'll be fine. Ross, are you okay? I mean, do you want me to stay? That'd be good.",1,Logic,Misunderstanding
343,511.07,1,36,"Please don't do that again. It's a horrible sound. It's Paul. Oh, God. Is it 630? Buz him in. Who's Paul? Paul, the wine guy, Paul? Maybe. Wait a minute. You're not a real date tonight is with Paul, the wine guy? He finally asked you out? Yes. Oh, this is a dear diary wait, wait. I can cancel. Oh, God. Please, no, go. I'll be fine. Ross, are you okay? I mean, do you want me to stay? That'd be good.",1,Logic,Misunderstanding
344,512.56,1,36,"Please don't do that again. It's a horrible sound. It's Paul. Oh, God. Is it 630? Buz him in. Who's Paul? Paul, the wine guy, Paul? Maybe. Wait a minute. You're not a real date tonight is with Paul, the wine guy? He finally asked you out? Yes. Oh, this is a dear diary wait, wait. I can cancel. Oh, God. Please, no, go. I'll be fine. Ross, are you okay? I mean, do you want me to stay? That'd be good.",1,Logic,Misunderstanding
345,514.05,1,36,"Please don't do that again. It's a horrible sound. It's Paul. Oh, God. Is it 630? Buz him in. Who's Paul? Paul, the wine guy, Paul? Maybe. Wait a minute. You're not a real date tonight is with Paul, the wine guy? He finally asked you out? Yes. Oh, this is a dear diary wait, wait. I can cancel. Oh, God. Please, no, go. I'll be fine. Ross, are you okay? I mean, do you want me to stay? That'd be good.",1,Logic,Misunderstanding
346,515.54,1,36,"Please don't do that again. It's a horrible sound. It's Paul. Oh, God. Is it 630? Buz him in. Who's Paul? Paul, the wine guy, Paul? Maybe. Wait a minute. You're not a real date tonight is with Paul, the wine guy? He finally asked you out? Yes. Oh, this is a dear diary wait, wait. I can cancel. Oh, God. Please, no, go. I'll be fine. Ross, are you okay? I mean, do you want me to stay? That'd be good.",1,Logic,Misunderstanding
347,517.03,1,36,"Please don't do that again. It's a horrible sound. It's Paul. Oh, God. Is it 630? Buz him in. Who's Paul? Paul, the wine guy, Paul? Maybe. Wait a minute. You're not a real date tonight is with Paul, the wine guy? He finally asked you out? Yes. Oh, this is a dear diary wait, wait. I can cancel. Oh, God. Please, no, go. I'll be fine. Ross, are you okay? I mean, do you want me to stay? That'd be good.",1,Logic,Misunderstanding
348,518.52,1,36,"Please don't do that again. It's a horrible sound. It's Paul. Oh, God. Is it 630? Buz him in. Who's Paul? Paul, the wine guy, Paul? Maybe. Wait a minute. You're not a real date tonight is with Paul, the wine guy? He finally asked you out? Yes. Oh, this is a dear diary wait, wait. I can cancel. Oh, God. Please, no, go. I'll be fine. Ross, are you okay? I mean, do you want me to stay? That'd be good.",1,Logic,Misunderstanding
349,520.01,1,36,"Please don't do that again. It's a horrible sound. It's Paul. Oh, God. Is it 630? Buz him in. Who's Paul? Paul, the wine guy, Paul? Maybe. Wait a minute. You're not a real date tonight is with Paul, the wine guy? He finally asked you out? Yes. Oh, this is a dear diary wait, wait. I can cancel. Oh, God. Please, no, go. I'll be fine. Ross, are you okay? I mean, do you want me to stay? That'd be good.",1,Logic,Misunderstanding
350,521.5,1,36,"Please don't do that again. It's a horrible sound. It's Paul. Oh, God. Is it 630? Buz him in. Who's Paul? Paul, the wine guy, Paul? Maybe. Wait a minute. You're not a real date tonight is with Paul, the wine guy? He finally asked you out? Yes. Oh, this is a dear diary wait, wait. I can cancel. Oh, God. Please, no, go. I'll be fine. Ross, are you okay? I mean, do you want me to stay? That'd be good.",1,Logic,Misunderstanding
351,522.99,1,36,"Please don't do that again. It's a horrible sound. It's Paul. Oh, God. Is it 630? Buz him in. Who's Paul? Paul, the wine guy, Paul? Maybe. Wait a minute. You're not a real date tonight is with Paul, the wine guy? He finally asked you out? Yes. Oh, this is a dear diary wait, wait. I can cancel. Oh, God. Please, no, go. I'll be fine. Ross, are you okay? I mean, do you want me to stay? That'd be good.",1,Logic,Misunderstanding
352,524.48,1,36,"Please don't do that again. It's a horrible sound. It's Paul. Oh, God. Is it 630? Buz him in. Who's Paul? Paul, the wine guy, Paul? Maybe. Wait a minute. You're not a real date tonight is with Paul, the wine guy? He finally asked you out? Yes. Oh, this is a dear diary wait, wait. I can cancel. Oh, God. Please, no, go. I'll be fine. Ross, are you okay? I mean, do you want me to stay? That'd be good.",1,Logic,Misunderstanding
353,525.97,1,36,"Please don't do that again. It's a horrible sound. It's Paul. Oh, God. Is it 630? Buz him in. Who's Paul? Paul, the wine guy, Paul? Maybe. Wait a minute. You're not a real date tonight is with Paul, the wine guy? He finally asked you out? Yes. Oh, this is a dear diary wait, wait. I can cancel. Oh, God. Please, no, go. I'll be fine. Ross, are you okay? I mean, do you want me to stay? That'd be good.",1,Logic,Misunderstanding
354,527.46,1,36,"Please don't do that again. It's a horrible sound. It's Paul. Oh, God. Is it 630? Buz him in. Who's Paul? Paul, the wine guy, Paul? Maybe. Wait a minute. You're not a real date tonight is with Paul, the wine guy? He finally asked you out? Yes. Oh, this is a dear diary wait, wait. I can cancel. Oh, God. Please, no, go. I'll be fine. Ross, are you okay? I mean, do you want me to stay? That'd be good.",1,Logic,Misunderstanding
355,528.95,1,36,"Please don't do that again. It's a horrible sound. It's Paul. Oh, God. Is it 630? Buz him in. Who's Paul? Paul, the wine guy, Paul? Maybe. Wait a minute. You're not a real date tonight is with Paul, the wine guy? He finally asked you out? Yes. Oh, this is a dear diary wait, wait. I can cancel. Oh, God. Please, no, go. I'll be fine. Ross, are you okay? I mean, do you want me to stay? That'd be good.",1,Logic,Misunderstanding
356,530.44,1,36,"Please don't do that again. It's a horrible sound. It's Paul. Oh, God. Is it 630? Buz him in. Who's Paul? Paul, the wine guy, Paul? Maybe. Wait a minute. You're not a real date tonight is with Paul, the wine guy? He finally asked you out? Yes. Oh, this is a dear diary wait, wait. I can cancel. Oh, God. Please, no, go. I'll be fine. Ross, are you okay? I mean, do you want me to stay? That'd be good.",1,Logic,Misunderstanding
357,531.93,1,36,"Please don't do that again. It's a horrible sound. It's Paul. Oh, God. Is it 630? Buz him in. Who's Paul? Paul, the wine guy, Paul? Maybe. Wait a minute. You're not a real date tonight is with Paul, the wine guy? He finally asked you out? Yes. Oh, this is a dear diary wait, wait. I can cancel. Oh, God. Please, no, go. I'll be fine. Ross, are you okay? I mean, do you want me to stay? That'd be good.",1,Logic,Misunderstanding
358,533.42,1,36,"Please don't do that again. It's a horrible sound. It's Paul. Oh, God. Is it 630? Buz him in. Who's Paul? Paul, the wine guy, Paul? Maybe. Wait a minute. You're not a real date tonight is with Paul, the wine guy? He finally asked you out? Yes. Oh, this is a dear diary wait, wait. I can cancel. Oh, God. Please, no, go. I'll be fine. Ross, are you okay? I mean, do you want me to stay? That'd be good.",1,Logic,Misunderstanding
359,534.91,1,36,"Please don't do that again. It's a horrible sound. It's Paul. Oh, God. Is it 630? Buz him in. Who's Paul? Paul, the wine guy, Paul? Maybe. Wait a minute. You're not a real date tonight is with Paul, the wine guy? He finally asked you out? Yes. Oh, this is a dear diary wait, wait. I can cancel. Oh, God. Please, no, go. I'll be fine. Ross, are you okay? I mean, do you want me to stay? That'd be good.",1,Logic,Misunderstanding
360,536.4,0,-1,,0,,
361,537.89,1,37,"Really? No, go on. It's Paul. The wine guy? Does that mean does he sell it, drink it, or he just complains a lot? Hi. Come in. Paul, this is everybody.",1,Language,Wit
362,539.38,1,37,"Really? No, go on. It's Paul. The wine guy? Does that mean does he sell it, drink it, or he just complains a lot? Hi. Come in. Paul, this is everybody.",1,Language,Wit
363,540.87,1,37,"Really? No, go on. It's Paul. The wine guy? Does that mean does he sell it, drink it, or he just complains a lot? Hi. Come in. Paul, this is everybody.",1,Language,Wit
364,542.36,1,37,"Really? No, go on. It's Paul. The wine guy? Does that mean does he sell it, drink it, or he just complains a lot? Hi. Come in. Paul, this is everybody.",1,Language,Wit
365,543.85,1,37,"Really? No, go on. It's Paul. The wine guy? Does that mean does he sell it, drink it, or he just complains a lot? Hi. Come in. Paul, this is everybody.",1,Language,Wit
366,545.34,1,37,"Really? No, go on. It's Paul. The wine guy? Does that mean does he sell it, drink it, or he just complains a lot? Hi. Come in. Paul, this is everybody.",1,Language,Wit
367,546.83,1,37,"Really? No, go on. It's Paul. The wine guy? Does that mean does he sell it, drink it, or he just complains a lot? Hi. Come in. Paul, this is everybody.",1,Language,Wit
368,548.32,1,37,"Really? No, go on. It's Paul. The wine guy? Does that mean does he sell it, drink it, or he just complains a lot? Hi. Come in. Paul, this is everybody.",1,Language,Wit
369,549.81,1,37,"Really? No, go on. It's Paul. The wine guy? Does that mean does he sell it, drink it, or he just complains a lot? Hi. Come in. Paul, this is everybody.",1,Language,Wit
370,551.3,1,37,"Really? No, go on. It's Paul. The wine guy? Does that mean does he sell it, drink it, or he just complains a lot? Hi. Come in. Paul, this is everybody.",1,Language,Wit
371,552.79,0,-1,,0,,
372,554.28,0,-1,,0,,
373,555.77,1,38,"I'm sorry, I didn't catch your name. Paul, was it? Okay, I'll be right back. I've just got to go a wandering.",1,Language,Puns
374,557.26,1,38,"I'm sorry, I didn't catch your name. Paul, was it? Okay, I'll be right back. I've just got to go a wandering.",1,Language,Puns
375,558.75,1,38,"I'm sorry, I didn't catch your name. Paul, was it? Okay, I'll be right back. I've just got to go a wandering.",1,Language,Puns
376,560.24,1,38,"I'm sorry, I didn't catch your name. Paul, was it? Okay, I'll be right back. I've just got to go a wandering.",1,Language,Puns
377,561.73,1,38,"I'm sorry, I didn't catch your name. Paul, was it? Okay, I'll be right back. I've just got to go a wandering.",1,Language,Puns
378,563.22,1,38,"I'm sorry, I didn't catch your name. Paul, was it? Okay, I'll be right back. I've just got to go a wandering.",1,Language,Puns
379,564.71,1,38,"I'm sorry, I didn't catch your name. Paul, was it? Okay, I'll be right back. I've just got to go a wandering.",1,Language,Puns
380,566.2,0,-1,,0,,
381,567.69,1,39,Change. Okay. Sit down 2 seconds.,0,,
382,569.18,1,39,Change. Okay. Sit down 2 seconds.,0,,
383,570.67,0,-1,,0,,
384,572.16,0,-1,,0,,
385,573.65,1,40,"Oh, I just pulled out four eyelashes. That can't be good.",1,Logic,Absurdity
386,575.14,1,40,"Oh, I just pulled out four eyelashes. That can't be good.",1,Logic,Absurdity
387,576.63,1,40,"Oh, I just pulled out four eyelashes. That can't be good.",1,Logic,Absurdity
388,578.12,0,-1,,0,,
389,579.61,0,-1,,0,,
390,581.1,0,-1,,0,,
391,582.59,1,41,"Hey, Paul. Here's a little tip. She really likes it when you rub her neck in the same spot over and over and over again till it starts to get a little red.",1,Logic,Conceptual_surprise
392,584.08,1,41,"Hey, Paul. Here's a little tip. She really likes it when you rub her neck in the same spot over and over and over again till it starts to get a little red.",1,Logic,Conceptual_surprise
393,585.57,1,41,"Hey, Paul. Here's a little tip. She really likes it when you rub her neck in the same spot over and over and over again till it starts to get a little red.",1,Logic,Conceptual_surprise
394,587.06,1,41,"Hey, Paul. Here's a little tip. She really likes it when you rub her neck in the same spot over and over and over again till it starts to get a little red.",1,Logic,Conceptual_surprise
395,588.55,1,41,"Hey, Paul. Here's a little tip. She really likes it when you rub her neck in the same spot over and over and over again till it starts to get a little red.",1,Logic,Conceptual_surprise
396,590.04,1,41,"Hey, Paul. Here's a little tip. She really likes it when you rub her neck in the same spot over and over and over again till it starts to get a little red.",1,Logic,Conceptual_surprise
397,591.53,1,41,"Hey, Paul. Here's a little tip. She really likes it when you rub her neck in the same spot over and over and over again till it starts to get a little red.",1,Logic,Conceptual_surprise
398,593.02,0,-1,,0,,
399,594.51,0,-1,,0,,
400,596.0,1,42,"So, Rachel, what are you up to tonight? Well, I was kind of supposed to be headed for Aruba on my honeymoon. So nothing. Right? You're not even getting your no. No Avoke aruba this time of year. Talk about your",1,Language,Puns
401,597.49,1,42,"So, Rachel, what are you up to tonight? Well, I was kind of supposed to be headed for Aruba on my honeymoon. So nothing. Right? You're not even getting your no. No Avoke aruba this time of year. Talk about your",1,Language,Puns
402,598.98,1,42,"So, Rachel, what are you up to tonight? Well, I was kind of supposed to be headed for Aruba on my honeymoon. So nothing. Right? You're not even getting your no. No Avoke aruba this time of year. Talk about your",1,Language,Puns
403,600.47,1,42,"So, Rachel, what are you up to tonight? Well, I was kind of supposed to be headed for Aruba on my honeymoon. So nothing. Right? You're not even getting your no. No Avoke aruba this time of year. Talk about your",1,Language,Puns
404,601.96,1,42,"So, Rachel, what are you up to tonight? Well, I was kind of supposed to be headed for Aruba on my honeymoon. So nothing. Right? You're not even getting your no. No Avoke aruba this time of year. Talk about your",1,Language,Puns
405,603.45,1,42,"So, Rachel, what are you up to tonight? Well, I was kind of supposed to be headed for Aruba on my honeymoon. So nothing. Right? You're not even getting your no. No Avoke aruba this time of year. Talk about your",1,Language,Puns
406,604.94,1,42,"So, Rachel, what are you up to tonight? Well, I was kind of supposed to be headed for Aruba on my honeymoon. So nothing. Right? You're not even getting your no. No Avoke aruba this time of year. Talk about your",1,Language,Puns
407,606.43,1,42,"So, Rachel, what are you up to tonight? Well, I was kind of supposed to be headed for Aruba on my honeymoon. So nothing. Right? You're not even getting your no. No Avoke aruba this time of year. Talk about your",1,Language,Puns
408,607.92,1,42,"So, Rachel, what are you up to tonight? Well, I was kind of supposed to be headed for Aruba on my honeymoon. So nothing. Right? You're not even getting your no. No Avoke aruba this time of year. Talk about your",1,Language,Puns
409,609.41,1,42,"So, Rachel, what are you up to tonight? Well, I was kind of supposed to be headed for Aruba on my honeymoon. So nothing. Right? You're not even getting your no. No Avoke aruba this time of year. Talk about your",1,Language,Puns
410,610.9,1,42,"So, Rachel, what are you up to tonight? Well, I was kind of supposed to be headed for Aruba on my honeymoon. So nothing. Right? You're not even getting your no. No Avoke aruba this time of year. Talk about your",1,Language,Puns
411,612.39,1,42,"So, Rachel, what are you up to tonight? Well, I was kind of supposed to be headed for Aruba on my honeymoon. So nothing. Right? You're not even getting your no. No Avoke aruba this time of year. Talk about your",1,Language,Puns
412,613.88,1,42,"So, Rachel, what are you up to tonight? Well, I was kind of supposed to be headed for Aruba on my honeymoon. So nothing. Right? You're not even getting your no. No Avoke aruba this time of year. Talk about your",1,Language,Puns
413,615.37,0,-1,,0,,
414,616.86,1,43,big lizards.,0,,
415,618.35,0,-1,,0,,
416,619.84,0,-1,,0,,
417,621.33,0,-1,,0,,
418,622.82,1,44,"Anyway, if you don't feel like being alone tonight Joey and Chandler are coming over to help me put together my new furniture. Yes, and we're very excited about it. Actually, thanks, but I think I'm just going to hang out here tonight. It's been a long oh, sure. Okay, sure. Hey, Phoebe, do you want to help? Oh, I wish I could, but I don't want to.",1,Identity,Self_deprecation
419,624.31,1,44,"Anyway, if you don't feel like being alone tonight Joey and Chandler are coming over to help me put together my new furniture. Yes, and we're very excited about it. Actually, thanks, but I think I'm just going to hang out here tonight. It's been a long oh, sure. Okay, sure. Hey, Phoebe, do you want to help? Oh, I wish I could, but I don't want to.",1,Identity,Self_deprecation
420,625.8,1,44,"Anyway, if you don't feel like being alone tonight Joey and Chandler are coming over to help me put together my new furniture. Yes, and we're very excited about it. Actually, thanks, but I think I'm just going to hang out here tonight. It's been a long oh, sure. Okay, sure. Hey, Phoebe, do you want to help? Oh, I wish I could, but I don't want to.",1,Identity,Self_deprecation
421,627.29,1,44,"Anyway, if you don't feel like being alone tonight Joey and Chandler are coming over to help me put together my new furniture. Yes, and we're very excited about it. Actually, thanks, but I think I'm just going to hang out here tonight. It's been a long oh, sure. Okay, sure. Hey, Phoebe, do you want to help? Oh, I wish I could, but I don't want to.",1,Identity,Self_deprecation
422,628.78,1,44,"Anyway, if you don't feel like being alone tonight Joey and Chandler are coming over to help me put together my new furniture. Yes, and we're very excited about it. Actually, thanks, but I think I'm just going to hang out here tonight. It's been a long oh, sure. Okay, sure. Hey, Phoebe, do you want to help? Oh, I wish I could, but I don't want to.",1,Identity,Self_deprecation
423,630.27,1,44,"Anyway, if you don't feel like being alone tonight Joey and Chandler are coming over to help me put together my new furniture. Yes, and we're very excited about it. Actually, thanks, but I think I'm just going to hang out here tonight. It's been a long oh, sure. Okay, sure. Hey, Phoebe, do you want to help? Oh, I wish I could, but I don't want to.",1,Identity,Self_deprecation
424,631.76,1,44,"Anyway, if you don't feel like being alone tonight Joey and Chandler are coming over to help me put together my new furniture. Yes, and we're very excited about it. Actually, thanks, but I think I'm just going to hang out here tonight. It's been a long oh, sure. Okay, sure. Hey, Phoebe, do you want to help? Oh, I wish I could, but I don't want to.",1,Identity,Self_deprecation
425,633.25,1,44,"Anyway, if you don't feel like being alone tonight Joey and Chandler are coming over to help me put together my new furniture. Yes, and we're very excited about it. Actually, thanks, but I think I'm just going to hang out here tonight. It's been a long oh, sure. Okay, sure. Hey, Phoebe, do you want to help? Oh, I wish I could, but I don't want to.",1,Identity,Self_deprecation
426,634.74,1,44,"Anyway, if you don't feel like being alone tonight Joey and Chandler are coming over to help me put together my new furniture. Yes, and we're very excited about it. Actually, thanks, but I think I'm just going to hang out here tonight. It's been a long oh, sure. Okay, sure. Hey, Phoebe, do you want to help? Oh, I wish I could, but I don't want to.",1,Identity,Self_deprecation
427,636.23,1,44,"Anyway, if you don't feel like being alone tonight Joey and Chandler are coming over to help me put together my new furniture. Yes, and we're very excited about it. Actually, thanks, but I think I'm just going to hang out here tonight. It's been a long oh, sure. Okay, sure. Hey, Phoebe, do you want to help? Oh, I wish I could, but I don't want to.",1,Identity,Self_deprecation
428,637.72,1,44,"Anyway, if you don't feel like being alone tonight Joey and Chandler are coming over to help me put together my new furniture. Yes, and we're very excited about it. Actually, thanks, but I think I'm just going to hang out here tonight. It's been a long oh, sure. Okay, sure. Hey, Phoebe, do you want to help? Oh, I wish I could, but I don't want to.",1,Identity,Self_deprecation
429,639.21,1,44,"Anyway, if you don't feel like being alone tonight Joey and Chandler are coming over to help me put together my new furniture. Yes, and we're very excited about it. Actually, thanks, but I think I'm just going to hang out here tonight. It's been a long oh, sure. Okay, sure. Hey, Phoebe, do you want to help? Oh, I wish I could, but I don't want to.",1,Identity,Self_deprecation
430,640.7,1,44,"Anyway, if you don't feel like being alone tonight Joey and Chandler are coming over to help me put together my new furniture. Yes, and we're very excited about it. Actually, thanks, but I think I'm just going to hang out here tonight. It's been a long oh, sure. Okay, sure. Hey, Phoebe, do you want to help? Oh, I wish I could, but I don't want to.",1,Identity,Self_deprecation
431,642.19,0,-1,,0,,
432,643.68,0,-1,,0,,
433,645.17,0,-1,,0,,
434,646.66,0,-1,,0,,
435,648.15,0,-1,,0,,
436,649.64,0,-1,,0,,
437,651.13,1,45,"Love is sweet as summer showers love is wondrous work of art but your love oh, your love your love",0,,
438,652.62,1,45,"Love is sweet as summer showers love is wondrous work of art but your love oh, your love your love",0,,
439,654.11,1,45,"Love is sweet as summer showers love is wondrous work of art but your love oh, your love your love",0,,
440,655.6,1,45,"Love is sweet as summer showers love is wondrous work of art but your love oh, your love your love",0,,
441,657.09,1,45,"Love is sweet as summer showers love is wondrous work of art but your love oh, your love your love",0,,
442,658.58,1,45,"Love is sweet as summer showers love is wondrous work of art but your love oh, your love your love",0,,
443,660.07,1,45,"Love is sweet as summer showers love is wondrous work of art but your love oh, your love your love",0,,
444,661.56,0,-1,,0,,
445,663.05,1,46,is like a giant pigeon,0,,
446,664.54,1,46,is like a giant pigeon,0,,
447,666.03,0,-1,,0,,
448,667.52,1,47,prepping on my heart,1,Language,Pun
449,669.01,1,47,prepping on my heart,1,Language,Pun
450,670.5,0,-1,,0,,
451,671.99,0,-1,,0,,
452,673.48,1,48,"thank you, la la.",1,Language,Ridicule
453,674.97,1,48,"thank you, la la.",1,Language,Ridicule
454,676.46,0,-1,,0,,
455,677.95,0,-1,,0,,
456,679.44,0,-1,,0,,
457,680.93,0,-1,,0,,
458,682.42,0,-1,,0,,
459,683.91,1,49,I'm supposed to attach a brackety thing to the side things using a bunch of these little worm guys. I have no brackety thing. I see no worm guys whatsoever and I cannot feel my legs.,1,Language,Wit
460,685.4,1,49,I'm supposed to attach a brackety thing to the side things using a bunch of these little worm guys. I have no brackety thing. I see no worm guys whatsoever and I cannot feel my legs.,1,Language,Wit
461,686.89,1,49,I'm supposed to attach a brackety thing to the side things using a bunch of these little worm guys. I have no brackety thing. I see no worm guys whatsoever and I cannot feel my legs.,1,Language,Wit
462,688.38,1,49,I'm supposed to attach a brackety thing to the side things using a bunch of these little worm guys. I have no brackety thing. I see no worm guys whatsoever and I cannot feel my legs.,1,Language,Wit
463,689.87,1,49,I'm supposed to attach a brackety thing to the side things using a bunch of these little worm guys. I have no brackety thing. I see no worm guys whatsoever and I cannot feel my legs.,1,Language,Wit
464,691.36,1,49,I'm supposed to attach a brackety thing to the side things using a bunch of these little worm guys. I have no brackety thing. I see no worm guys whatsoever and I cannot feel my legs.,1,Language,Wit
465,692.85,1,49,I'm supposed to attach a brackety thing to the side things using a bunch of these little worm guys. I have no brackety thing. I see no worm guys whatsoever and I cannot feel my legs.,1,Language,Wit
466,694.34,1,49,I'm supposed to attach a brackety thing to the side things using a bunch of these little worm guys. I have no brackety thing. I see no worm guys whatsoever and I cannot feel my legs.,1,Language,Wit
467,695.83,1,49,I'm supposed to attach a brackety thing to the side things using a bunch of these little worm guys. I have no brackety thing. I see no worm guys whatsoever and I cannot feel my legs.,1,Language,Wit
468,697.32,1,49,I'm supposed to attach a brackety thing to the side things using a bunch of these little worm guys. I have no brackety thing. I see no worm guys whatsoever and I cannot feel my legs.,1,Language,Wit
469,698.81,1,49,I'm supposed to attach a brackety thing to the side things using a bunch of these little worm guys. I have no brackety thing. I see no worm guys whatsoever and I cannot feel my legs.,1,Language,Wit
470,700.3,1,49,I'm supposed to attach a brackety thing to the side things using a bunch of these little worm guys. I have no brackety thing. I see no worm guys whatsoever and I cannot feel my legs.,1,Language,Wit
471,701.79,0,-1,,0,,
472,703.28,1,50,I'm thinking. We got a bookcase here. It's a beautiful thing. What's this? I would have to say that it's an L shaped bracket. Which goes where? I have no idea.,1,Logic,Absurdity
473,704.77,1,50,I'm thinking. We got a bookcase here. It's a beautiful thing. What's this? I would have to say that it's an L shaped bracket. Which goes where? I have no idea.,1,Logic,Absurdity
474,706.26,1,50,I'm thinking. We got a bookcase here. It's a beautiful thing. What's this? I would have to say that it's an L shaped bracket. Which goes where? I have no idea.,1,Logic,Absurdity
475,707.75,1,50,I'm thinking. We got a bookcase here. It's a beautiful thing. What's this? I would have to say that it's an L shaped bracket. Which goes where? I have no idea.,1,Logic,Absurdity
476,709.24,1,50,I'm thinking. We got a bookcase here. It's a beautiful thing. What's this? I would have to say that it's an L shaped bracket. Which goes where? I have no idea.,1,Logic,Absurdity
477,710.73,1,50,I'm thinking. We got a bookcase here. It's a beautiful thing. What's this? I would have to say that it's an L shaped bracket. Which goes where? I have no idea.,1,Logic,Absurdity
478,712.22,1,50,I'm thinking. We got a bookcase here. It's a beautiful thing. What's this? I would have to say that it's an L shaped bracket. Which goes where? I have no idea.,1,Logic,Absurdity
479,713.71,1,50,I'm thinking. We got a bookcase here. It's a beautiful thing. What's this? I would have to say that it's an L shaped bracket. Which goes where? I have no idea.,1,Logic,Absurdity
480,715.2,1,50,I'm thinking. We got a bookcase here. It's a beautiful thing. What's this? I would have to say that it's an L shaped bracket. Which goes where? I have no idea.,1,Logic,Absurdity
481,716.69,1,50,I'm thinking. We got a bookcase here. It's a beautiful thing. What's this? I would have to say that it's an L shaped bracket. Which goes where? I have no idea.,1,Logic,Absurdity
482,718.18,1,50,I'm thinking. We got a bookcase here. It's a beautiful thing. What's this? I would have to say that it's an L shaped bracket. Which goes where? I have no idea.,1,Logic,Absurdity
483,719.67,0,-1,,0,,
484,721.16,1,51,Done with the bookcase.,0,,
485,722.65,1,51,Done with the bookcase.,0,,
486,724.14,0,-1,,0,,
487,725.63,0,-1,,0,,
488,727.12,1,52,This was Carol's favorite beer. She always drank it out of the can. I should have.,1,Logic,Conceptual_surprise
489,728.61,1,52,This was Carol's favorite beer. She always drank it out of the can. I should have.,1,Logic,Conceptual_surprise
490,730.1,1,52,This was Carol's favorite beer. She always drank it out of the can. I should have.,1,Logic,Conceptual_surprise
491,731.59,1,52,This was Carol's favorite beer. She always drank it out of the can. I should have.,1,Logic,Conceptual_surprise
492,733.08,1,52,This was Carol's favorite beer. She always drank it out of the can. I should have.,1,Logic,Conceptual_surprise
493,734.57,0,-1,,0,,
494,736.06,0,-1,,0,,
495,737.55,1,53,"Hey, if you're going to start with that stuff, we're out of here. Yes, please don't spoil all this fun. Ross, let me ask you a question. She got the furniture, the stereo, the good TV what did you get? You guys? Oh, God. You got. Oh, my God. Oh, my God. I know. I'm such an idiot. I guess I should have caught on when you started going to the dentist four and five times a week. I mean, how clean can teeth get? My brother's going through that right now. He's such a mess. How did you get through it? You might try accidentally breaking something valuable of hers. Say her leg.",1,Language,Irony|Ridicule
496,739.04,1,53,"Hey, if you're going to start with that stuff, we're out of here. Yes, please don't spoil all this fun. Ross, let me ask you a question. She got the furniture, the stereo, the good TV what did you get? You guys? Oh, God. You got. Oh, my God. Oh, my God. I know. I'm such an idiot. I guess I should have caught on when you started going to the dentist four and five times a week. I mean, how clean can teeth get? My brother's going through that right now. He's such a mess. How did you get through it? You might try accidentally breaking something valuable of hers. Say her leg.",1,Language,Irony|Ridicule
497,740.53,1,53,"Hey, if you're going to start with that stuff, we're out of here. Yes, please don't spoil all this fun. Ross, let me ask you a question. She got the furniture, the stereo, the good TV what did you get? You guys? Oh, God. You got. Oh, my God. Oh, my God. I know. I'm such an idiot. I guess I should have caught on when you started going to the dentist four and five times a week. I mean, how clean can teeth get? My brother's going through that right now. He's such a mess. How did you get through it? You might try accidentally breaking something valuable of hers. Say her leg.",1,Language,Irony|Ridicule
498,742.02,1,53,"Hey, if you're going to start with that stuff, we're out of here. Yes, please don't spoil all this fun. Ross, let me ask you a question. She got the furniture, the stereo, the good TV what did you get? You guys? Oh, God. You got. Oh, my God. Oh, my God. I know. I'm such an idiot. I guess I should have caught on when you started going to the dentist four and five times a week. I mean, how clean can teeth get? My brother's going through that right now. He's such a mess. How did you get through it? You might try accidentally breaking something valuable of hers. Say her leg.",1,Language,Irony|Ridicule
499,743.51,1,53,"Hey, if you're going to start with that stuff, we're out of here. Yes, please don't spoil all this fun. Ross, let me ask you a question. She got the furniture, the stereo, the good TV what did you get? You guys? Oh, God. You got. Oh, my God. Oh, my God. I know. I'm such an idiot. I guess I should have caught on when you started going to the dentist four and five times a week. I mean, how clean can teeth get? My brother's going through that right now. He's such a mess. How did you get through it? You might try accidentally breaking something valuable of hers. Say her leg.",1,Language,Irony|Ridicule
500,745.0,1,53,"Hey, if you're going to start with that stuff, we're out of here. Yes, please don't spoil all this fun. Ross, let me ask you a question. She got the furniture, the stereo, the good TV what did you get? You guys? Oh, God. You got. Oh, my God. Oh, my God. I know. I'm such an idiot. I guess I should have caught on when you started going to the dentist four and five times a week. I mean, how clean can teeth get? My brother's going through that right now. He's such a mess. How did you get through it? You might try accidentally breaking something valuable of hers. Say her leg.",1,Language,Irony|Ridicule
501,746.49,1,53,"Hey, if you're going to start with that stuff, we're out of here. Yes, please don't spoil all this fun. Ross, let me ask you a question. She got the furniture, the stereo, the good TV what did you get? You guys? Oh, God. You got. Oh, my God. Oh, my God. I know. I'm such an idiot. I guess I should have caught on when you started going to the dentist four and five times a week. I mean, how clean can teeth get? My brother's going through that right now. He's such a mess. How did you get through it? You might try accidentally breaking something valuable of hers. Say her leg.",1,Language,Irony|Ridicule
502,747.98,1,53,"Hey, if you're going to start with that stuff, we're out of here. Yes, please don't spoil all this fun. Ross, let me ask you a question. She got the furniture, the stereo, the good TV what did you get? You guys? Oh, God. You got. Oh, my God. Oh, my God. I know. I'm such an idiot. I guess I should have caught on when you started going to the dentist four and five times a week. I mean, how clean can teeth get? My brother's going through that right now. He's such a mess. How did you get through it? You might try accidentally breaking something valuable of hers. Say her leg.",1,Language,Irony|Ridicule
503,749.47,1,53,"Hey, if you're going to start with that stuff, we're out of here. Yes, please don't spoil all this fun. Ross, let me ask you a question. She got the furniture, the stereo, the good TV what did you get? You guys? Oh, God. You got. Oh, my God. Oh, my God. I know. I'm such an idiot. I guess I should have caught on when you started going to the dentist four and five times a week. I mean, how clean can teeth get? My brother's going through that right now. He's such a mess. How did you get through it? You might try accidentally breaking something valuable of hers. Say her leg.",1,Language,Irony|Ridicule
504,750.96,1,53,"Hey, if you're going to start with that stuff, we're out of here. Yes, please don't spoil all this fun. Ross, let me ask you a question. She got the furniture, the stereo, the good TV what did you get? You guys? Oh, God. You got. Oh, my God. Oh, my God. I know. I'm such an idiot. I guess I should have caught on when you started going to the dentist four and five times a week. I mean, how clean can teeth get? My brother's going through that right now. He's such a mess. How did you get through it? You might try accidentally breaking something valuable of hers. Say her leg.",1,Language,Irony|Ridicule
505,752.45,1,53,"Hey, if you're going to start with that stuff, we're out of here. Yes, please don't spoil all this fun. Ross, let me ask you a question. She got the furniture, the stereo, the good TV what did you get? You guys? Oh, God. You got. Oh, my God. Oh, my God. I know. I'm such an idiot. I guess I should have caught on when you started going to the dentist four and five times a week. I mean, how clean can teeth get? My brother's going through that right now. He's such a mess. How did you get through it? You might try accidentally breaking something valuable of hers. Say her leg.",1,Language,Irony|Ridicule
506,753.94,1,53,"Hey, if you're going to start with that stuff, we're out of here. Yes, please don't spoil all this fun. Ross, let me ask you a question. She got the furniture, the stereo, the good TV what did you get? You guys? Oh, God. You got. Oh, my God. Oh, my God. I know. I'm such an idiot. I guess I should have caught on when you started going to the dentist four and five times a week. I mean, how clean can teeth get? My brother's going through that right now. He's such a mess. How did you get through it? You might try accidentally breaking something valuable of hers. Say her leg.",1,Language,Irony|Ridicule
507,755.43,1,53,"Hey, if you're going to start with that stuff, we're out of here. Yes, please don't spoil all this fun. Ross, let me ask you a question. She got the furniture, the stereo, the good TV what did you get? You guys? Oh, God. You got. Oh, my God. Oh, my God. I know. I'm such an idiot. I guess I should have caught on when you started going to the dentist four and five times a week. I mean, how clean can teeth get? My brother's going through that right now. He's such a mess. How did you get through it? You might try accidentally breaking something valuable of hers. Say her leg.",1,Language,Irony|Ridicule
508,756.92,1,53,"Hey, if you're going to start with that stuff, we're out of here. Yes, please don't spoil all this fun. Ross, let me ask you a question. She got the furniture, the stereo, the good TV what did you get? You guys? Oh, God. You got. Oh, my God. Oh, my God. I know. I'm such an idiot. I guess I should have caught on when you started going to the dentist four and five times a week. I mean, how clean can teeth get? My brother's going through that right now. He's such a mess. How did you get through it? You might try accidentally breaking something valuable of hers. Say her leg.",1,Language,Irony|Ridicule
509,758.41,1,53,"Hey, if you're going to start with that stuff, we're out of here. Yes, please don't spoil all this fun. Ross, let me ask you a question. She got the furniture, the stereo, the good TV what did you get? You guys? Oh, God. You got. Oh, my God. Oh, my God. I know. I'm such an idiot. I guess I should have caught on when you started going to the dentist four and five times a week. I mean, how clean can teeth get? My brother's going through that right now. He's such a mess. How did you get through it? You might try accidentally breaking something valuable of hers. Say her leg.",1,Language,Irony|Ridicule
510,759.9,1,53,"Hey, if you're going to start with that stuff, we're out of here. Yes, please don't spoil all this fun. Ross, let me ask you a question. She got the furniture, the stereo, the good TV what did you get? You guys? Oh, God. You got. Oh, my God. Oh, my God. I know. I'm such an idiot. I guess I should have caught on when you started going to the dentist four and five times a week. I mean, how clean can teeth get? My brother's going through that right now. He's such a mess. How did you get through it? You might try accidentally breaking something valuable of hers. Say her leg.",1,Language,Irony|Ridicule
511,761.39,1,53,"Hey, if you're going to start with that stuff, we're out of here. Yes, please don't spoil all this fun. Ross, let me ask you a question. She got the furniture, the stereo, the good TV what did you get? You guys? Oh, God. You got. Oh, my God. Oh, my God. I know. I'm such an idiot. I guess I should have caught on when you started going to the dentist four and five times a week. I mean, how clean can teeth get? My brother's going through that right now. He's such a mess. How did you get through it? You might try accidentally breaking something valuable of hers. Say her leg.",1,Language,Irony|Ridicule
512,762.88,1,53,"Hey, if you're going to start with that stuff, we're out of here. Yes, please don't spoil all this fun. Ross, let me ask you a question. She got the furniture, the stereo, the good TV what did you get? You guys? Oh, God. You got. Oh, my God. Oh, my God. I know. I'm such an idiot. I guess I should have caught on when you started going to the dentist four and five times a week. I mean, how clean can teeth get? My brother's going through that right now. He's such a mess. How did you get through it? You might try accidentally breaking something valuable of hers. Say her leg.",1,Language,Irony|Ridicule
513,764.37,1,53,"Hey, if you're going to start with that stuff, we're out of here. Yes, please don't spoil all this fun. Ross, let me ask you a question. She got the furniture, the stereo, the good TV what did you get? You guys? Oh, God. You got. Oh, my God. Oh, my God. I know. I'm such an idiot. I guess I should have caught on when you started going to the dentist four and five times a week. I mean, how clean can teeth get? My brother's going through that right now. He's such a mess. How did you get through it? You might try accidentally breaking something valuable of hers. Say her leg.",1,Language,Irony|Ridicule
514,765.86,1,53,"Hey, if you're going to start with that stuff, we're out of here. Yes, please don't spoil all this fun. Ross, let me ask you a question. She got the furniture, the stereo, the good TV what did you get? You guys? Oh, God. You got. Oh, my God. Oh, my God. I know. I'm such an idiot. I guess I should have caught on when you started going to the dentist four and five times a week. I mean, how clean can teeth get? My brother's going through that right now. He's such a mess. How did you get through it? You might try accidentally breaking something valuable of hers. Say her leg.",1,Language,Irony|Ridicule
515,767.35,1,53,"Hey, if you're going to start with that stuff, we're out of here. Yes, please don't spoil all this fun. Ross, let me ask you a question. She got the furniture, the stereo, the good TV what did you get? You guys? Oh, God. You got. Oh, my God. Oh, my God. I know. I'm such an idiot. I guess I should have caught on when you started going to the dentist four and five times a week. I mean, how clean can teeth get? My brother's going through that right now. He's such a mess. How did you get through it? You might try accidentally breaking something valuable of hers. Say her leg.",1,Language,Irony|Ridicule
516,768.84,1,53,"Hey, if you're going to start with that stuff, we're out of here. Yes, please don't spoil all this fun. Ross, let me ask you a question. She got the furniture, the stereo, the good TV what did you get? You guys? Oh, God. You got. Oh, my God. Oh, my God. I know. I'm such an idiot. I guess I should have caught on when you started going to the dentist four and five times a week. I mean, how clean can teeth get? My brother's going through that right now. He's such a mess. How did you get through it? You might try accidentally breaking something valuable of hers. Say her leg.",1,Language,Irony|Ridicule
517,770.33,1,53,"Hey, if you're going to start with that stuff, we're out of here. Yes, please don't spoil all this fun. Ross, let me ask you a question. She got the furniture, the stereo, the good TV what did you get? You guys? Oh, God. You got. Oh, my God. Oh, my God. I know. I'm such an idiot. I guess I should have caught on when you started going to the dentist four and five times a week. I mean, how clean can teeth get? My brother's going through that right now. He's such a mess. How did you get through it? You might try accidentally breaking something valuable of hers. Say her leg.",1,Language,Irony|Ridicule
518,771.82,1,53,"Hey, if you're going to start with that stuff, we're out of here. Yes, please don't spoil all this fun. Ross, let me ask you a question. She got the furniture, the stereo, the good TV what did you get? You guys? Oh, God. You got. Oh, my God. Oh, my God. I know. I'm such an idiot. I guess I should have caught on when you started going to the dentist four and five times a week. I mean, how clean can teeth get? My brother's going through that right now. He's such a mess. How did you get through it? You might try accidentally breaking something valuable of hers. Say her leg.",1,Language,Irony|Ridicule
519,773.31,1,53,"Hey, if you're going to start with that stuff, we're out of here. Yes, please don't spoil all this fun. Ross, let me ask you a question. She got the furniture, the stereo, the good TV what did you get? You guys? Oh, God. You got. Oh, my God. Oh, my God. I know. I'm such an idiot. I guess I should have caught on when you started going to the dentist four and five times a week. I mean, how clean can teeth get? My brother's going through that right now. He's such a mess. How did you get through it? You might try accidentally breaking something valuable of hers. Say her leg.",1,Language,Irony|Ridicule
520,774.8,1,53,"Hey, if you're going to start with that stuff, we're out of here. Yes, please don't spoil all this fun. Ross, let me ask you a question. She got the furniture, the stereo, the good TV what did you get? You guys? Oh, God. You got. Oh, my God. Oh, my God. I know. I'm such an idiot. I guess I should have caught on when you started going to the dentist four and five times a week. I mean, how clean can teeth get? My brother's going through that right now. He's such a mess. How did you get through it? You might try accidentally breaking something valuable of hers. Say her leg.",1,Language,Irony|Ridicule
521,776.29,1,53,"Hey, if you're going to start with that stuff, we're out of here. Yes, please don't spoil all this fun. Ross, let me ask you a question. She got the furniture, the stereo, the good TV what did you get? You guys? Oh, God. You got. Oh, my God. Oh, my God. I know. I'm such an idiot. I guess I should have caught on when you started going to the dentist four and five times a week. I mean, how clean can teeth get? My brother's going through that right now. He's such a mess. How did you get through it? You might try accidentally breaking something valuable of hers. Say her leg.",1,Language,Irony|Ridicule
522,777.78,0,-1,,0,,
523,779.27,0,-1,,0,,
524,780.76,1,54,"Me, I went for the watch. You actually broke her watch? Wow. The worst thing that I ever did was I shredded my old boyfriend's favorite bath towel. OOH. Steer clear of you.",1,Identity,Self_deprecation
525,782.25,1,54,"Me, I went for the watch. You actually broke her watch? Wow. The worst thing that I ever did was I shredded my old boyfriend's favorite bath towel. OOH. Steer clear of you.",1,Identity,Self_deprecation
526,783.74,1,54,"Me, I went for the watch. You actually broke her watch? Wow. The worst thing that I ever did was I shredded my old boyfriend's favorite bath towel. OOH. Steer clear of you.",1,Identity,Self_deprecation
527,785.23,1,54,"Me, I went for the watch. You actually broke her watch? Wow. The worst thing that I ever did was I shredded my old boyfriend's favorite bath towel. OOH. Steer clear of you.",1,Identity,Self_deprecation
528,786.72,1,54,"Me, I went for the watch. You actually broke her watch? Wow. The worst thing that I ever did was I shredded my old boyfriend's favorite bath towel. OOH. Steer clear of you.",1,Identity,Self_deprecation
529,788.21,1,54,"Me, I went for the watch. You actually broke her watch? Wow. The worst thing that I ever did was I shredded my old boyfriend's favorite bath towel. OOH. Steer clear of you.",1,Identity,Self_deprecation
530,789.7,1,54,"Me, I went for the watch. You actually broke her watch? Wow. The worst thing that I ever did was I shredded my old boyfriend's favorite bath towel. OOH. Steer clear of you.",1,Identity,Self_deprecation
531,791.19,1,54,"Me, I went for the watch. You actually broke her watch? Wow. The worst thing that I ever did was I shredded my old boyfriend's favorite bath towel. OOH. Steer clear of you.",1,Identity,Self_deprecation
532,792.68,0,-1,,0,,
533,794.17,1,55,"Barry, I'm sorry. I'm so sorry. I know you probably think this is all about what I said the other night about you making love with your socks on, but it isn't. It isn't. It's about me. And I didn't.",1,Identity,Self_deprecation
534,795.66,1,55,"Barry, I'm sorry. I'm so sorry. I know you probably think this is all about what I said the other night about you making love with your socks on, but it isn't. It isn't. It's about me. And I didn't.",1,Identity,Self_deprecation
535,797.15,1,55,"Barry, I'm sorry. I'm so sorry. I know you probably think this is all about what I said the other night about you making love with your socks on, but it isn't. It isn't. It's about me. And I didn't.",1,Identity,Self_deprecation
536,798.64,1,55,"Barry, I'm sorry. I'm so sorry. I know you probably think this is all about what I said the other night about you making love with your socks on, but it isn't. It isn't. It's about me. And I didn't.",1,Identity,Self_deprecation
537,800.13,1,55,"Barry, I'm sorry. I'm so sorry. I know you probably think this is all about what I said the other night about you making love with your socks on, but it isn't. It isn't. It's about me. And I didn't.",1,Identity,Self_deprecation
538,801.62,1,55,"Barry, I'm sorry. I'm so sorry. I know you probably think this is all about what I said the other night about you making love with your socks on, but it isn't. It isn't. It's about me. And I didn't.",1,Identity,Self_deprecation
539,803.11,1,55,"Barry, I'm sorry. I'm so sorry. I know you probably think this is all about what I said the other night about you making love with your socks on, but it isn't. It isn't. It's about me. And I didn't.",1,Identity,Self_deprecation
540,804.6,1,55,"Barry, I'm sorry. I'm so sorry. I know you probably think this is all about what I said the other night about you making love with your socks on, but it isn't. It isn't. It's about me. And I didn't.",1,Identity,Self_deprecation
541,806.09,0,-1,,0,,
542,807.58,0,-1,,0,,
543,809.07,0,-1,,0,,
544,810.56,0,-1,,0,,
545,812.05,1,56,"Hi. Machine cut me off again. Anyway,",0,,
546,813.54,1,56,"Hi. Machine cut me off again. Anyway,",0,,
547,815.03,0,-1,,0,,
548,816.52,1,57,"look,",0,,
549,818.01,0,-1,,0,,
550,819.5,1,58,"I know that some girl is going to be incredibly lucky to become Mrs. Barry Finkel, but it isn't me. It's not me. And not that I have any idea who me is right now, but you just have to give me a chance to",1,Logic,Absurdity
551,820.99,1,58,"I know that some girl is going to be incredibly lucky to become Mrs. Barry Finkel, but it isn't me. It's not me. And not that I have any idea who me is right now, but you just have to give me a chance to",1,Logic,Absurdity
552,822.48,1,58,"I know that some girl is going to be incredibly lucky to become Mrs. Barry Finkel, but it isn't me. It's not me. And not that I have any idea who me is right now, but you just have to give me a chance to",1,Logic,Absurdity
553,823.97,1,58,"I know that some girl is going to be incredibly lucky to become Mrs. Barry Finkel, but it isn't me. It's not me. And not that I have any idea who me is right now, but you just have to give me a chance to",1,Logic,Absurdity
554,825.46,1,58,"I know that some girl is going to be incredibly lucky to become Mrs. Barry Finkel, but it isn't me. It's not me. And not that I have any idea who me is right now, but you just have to give me a chance to",1,Logic,Absurdity
555,826.95,1,58,"I know that some girl is going to be incredibly lucky to become Mrs. Barry Finkel, but it isn't me. It's not me. And not that I have any idea who me is right now, but you just have to give me a chance to",1,Logic,Absurdity
556,828.44,1,58,"I know that some girl is going to be incredibly lucky to become Mrs. Barry Finkel, but it isn't me. It's not me. And not that I have any idea who me is right now, but you just have to give me a chance to",1,Logic,Absurdity
557,829.93,1,58,"I know that some girl is going to be incredibly lucky to become Mrs. Barry Finkel, but it isn't me. It's not me. And not that I have any idea who me is right now, but you just have to give me a chance to",1,Logic,Absurdity
558,831.42,1,58,"I know that some girl is going to be incredibly lucky to become Mrs. Barry Finkel, but it isn't me. It's not me. And not that I have any idea who me is right now, but you just have to give me a chance to",1,Logic,Absurdity
559,832.91,1,58,"I know that some girl is going to be incredibly lucky to become Mrs. Barry Finkel, but it isn't me. It's not me. And not that I have any idea who me is right now, but you just have to give me a chance to",1,Logic,Absurdity
560,834.4,0,-1,,0,,
561,835.89,1,59,I'm divorced. I'm only 26 and I'm divorced. Shut up. Must stop.,1,Identity,Self_deprecation
562,837.38,1,59,I'm divorced. I'm only 26 and I'm divorced. Shut up. Must stop.,1,Identity,Self_deprecation
563,838.87,1,59,I'm divorced. I'm only 26 and I'm divorced. Shut up. Must stop.,1,Identity,Self_deprecation
564,840.36,1,59,I'm divorced. I'm only 26 and I'm divorced. Shut up. Must stop.,1,Identity,Self_deprecation
565,841.85,1,59,I'm divorced. I'm only 26 and I'm divorced. Shut up. Must stop.,1,Identity,Self_deprecation
566,843.34,0,-1,,0,,
567,844.83,0,-1,,0,,
568,846.32,0,-1,,0,,
569,847.81,0,-1,,0,,
570,849.3,1,60,"Shut up. Got to understand, between us, we haven't had a relationship that lasted longer than a mento.",1,Language,Wit
571,850.79,1,60,"Shut up. Got to understand, between us, we haven't had a relationship that lasted longer than a mento.",1,Language,Wit
572,852.28,1,60,"Shut up. Got to understand, between us, we haven't had a relationship that lasted longer than a mento.",1,Language,Wit
573,853.77,1,60,"Shut up. Got to understand, between us, we haven't had a relationship that lasted longer than a mento.",1,Language,Wit
574,855.26,1,60,"Shut up. Got to understand, between us, we haven't had a relationship that lasted longer than a mento.",1,Language,Wit
575,856.75,1,60,"Shut up. Got to understand, between us, we haven't had a relationship that lasted longer than a mento.",1,Language,Wit
576,858.24,0,-1,,0,,
577,859.73,1,61,"You, however, have had the love of a woman for four years. Four years of closeness and sharing, at the end of which she ripped your heart out. And that is why we don't do it.",1,Logic,Absurdity
578,861.22,1,61,"You, however, have had the love of a woman for four years. Four years of closeness and sharing, at the end of which she ripped your heart out. And that is why we don't do it.",1,Logic,Absurdity
579,862.71,1,61,"You, however, have had the love of a woman for four years. Four years of closeness and sharing, at the end of which she ripped your heart out. And that is why we don't do it.",1,Logic,Absurdity
580,864.2,1,61,"You, however, have had the love of a woman for four years. Four years of closeness and sharing, at the end of which she ripped your heart out. And that is why we don't do it.",1,Logic,Absurdity
581,865.69,1,61,"You, however, have had the love of a woman for four years. Four years of closeness and sharing, at the end of which she ripped your heart out. And that is why we don't do it.",1,Logic,Absurdity
582,867.18,1,61,"You, however, have had the love of a woman for four years. Four years of closeness and sharing, at the end of which she ripped your heart out. And that is why we don't do it.",1,Logic,Absurdity
583,868.67,1,61,"You, however, have had the love of a woman for four years. Four years of closeness and sharing, at the end of which she ripped your heart out. And that is why we don't do it.",1,Logic,Absurdity
584,870.16,1,61,"You, however, have had the love of a woman for four years. Four years of closeness and sharing, at the end of which she ripped your heart out. And that is why we don't do it.",1,Logic,Absurdity
585,871.65,0,-1,,0,,
586,873.14,1,62,I don't think that was my point.,1,Language,Irony
587,874.63,1,62,I don't think that was my point.,1,Language,Irony
588,876.12,0,-1,,0,,
589,877.61,0,-1,,0,,
590,879.1,0,-1,,0,,
