[05:40:28] === voxelwise GLM run start ===
[05:40:28] First-level: 278 episodes × up to 4 subjects
[05:40:28] Building brain mask from reference BOLD ...
[05:40:41]   mask saved: 223637 voxels
[05:41:12]   sub-01 s01e02a: beta saved (223637 vox, 472 TRs)
[05:41:33]   sub-02 s01e02a: beta saved (223637 vox, 472 TRs)
[05:41:54]   sub-03 s01e02a: beta saved (223637 vox, 472 TRs)
[05:42:15]   sub-05 s01e02a: beta saved (223637 vox, 472 TRs)
[05:42:47]   sub-01 s01e02b: beta saved (223637 vox, 472 TRs)
[05:43:08]   sub-02 s01e02b: beta saved (223637 vox, 472 TRs)
[05:43:30]   sub-03 s01e02b: beta saved (223637 vox, 472 TRs)
[05:43:51]   sub-05 s01e02b: beta saved (223637 vox, 472 TRs)
[05:44:25]   sub-01 s01e03a: beta saved (223637 vox, 503 TRs)
[05:44:47]   sub-02 s01e03a: beta saved (223637 vox, 503 TRs)
[05:45:09]   sub-03 s01e03a: beta saved (223637 vox, 503 TRs)
[05:45:31]   sub-05 s01e03a: beta saved (223637 vox, 503 TRs)
[05:46:04]   sub-01 s01e03b: beta saved (223637 vox, 503 TRs)
[05:46:25]   sub-02 s01e03b: beta saved (223637 vox, 503 TRs)
[05:46:47]   sub-03 s01e03b: beta saved (223637 vox, 503 TRs)
[05:47:10]   sub-05 s01e03b: beta saved (223637 vox, 503 TRs)
[05:47:41]   sub-01 s01e04a: beta saved (223637 vox, 468 TRs)
[05:48:01]   sub-02 s01e04a: beta saved (223637 vox, 468 TRs)
[05:48:21]   sub-03 s01e04a: beta saved (223637 vox, 468 TRs)
[05:48:41]   sub-05 s01e04a: beta saved (223637 vox, 468 TRs)
[05:49:11]   sub-01 s01e04b: beta saved (223637 vox, 468 TRs)
[05:49:30]   sub-02 s01e04b: beta saved (223637 vox, 468 TRs)
[05:49:50]   sub-03 s01e04b: beta saved (223637 vox, 468 TRs)
[05:50:11]   sub-05 s01e04b: beta saved (223637 vox, 468 TRs)
[05:50:41]   sub-01 s01e05a: beta saved (223637 vox, 488 TRs)
[05:51:01]   sub-02 s01e05a: beta saved (223637 vox, 488 TRs)
[05:51:22]   sub-03 s01e05a: beta saved (223637 vox, 488 TRs)
[05:51:44]   sub-05 s01e05a: beta saved (223637 vox, 488 TRs)
[05:52:16]   sub-01 s01e05b: beta saved (223637 vox, 488 TRs)
[05:52:35]   sub-02 s01e05b: beta saved (223637 vox, 488 TRs)
[05:52:56]   sub-03 s01e05b: beta saved (223637 vox, 488 TRs)
[05:53:17]   sub-05 s01e05b: beta saved (223637 vox, 488 TRs)
[05:53:46]   sub-01 s01e06a: beta saved (223637 vox, 482 TRs)
[05:54:06]   sub-02 s01e06a: beta saved (223637 vox, 482 TRs)
[05:54:26]   sub-03 s01e06a: beta saved (223637 vox, 482 TRs)
[05:54:46]   sub-05 s01e06a: beta saved (223637 vox, 482 TRs)
[05:55:16]   sub-01 s01e06b: beta saved (223637 vox, 482 TRs)
[05:55:35]   sub-02 s01e06b: beta saved (223637 vox, 482 TRs)
[05:55:55]   sub-03 s01e06b: beta saved (223637 vox, 482 TRs)
[05:56:15]   sub-05 s01e06b: beta saved (223637 vox, 482 TRs)
[05:56:48]   sub-01 s01e07a: beta saved (223637 vox, 493 TRs)
[05:57:08]   sub-02 s01e07a: beta saved (223637 vox, 493 TRs)
[05:57:29]   sub-03 s01e07a: beta saved (223637 vox, 493 TRs)
[05:57:51]   sub-05 s01e07a: beta saved (223637 vox, 493 TRs)
[05:58:23]   sub-01 s01e07b: beta saved (223637 vox, 493 TRs)
[05:58:44]   sub-02 s01e07b: beta saved (223637 vox, 493 TRs)
[05:59:05]   sub-03 s01e07b: beta saved (223637 vox, 493 TRs)
[05:59:26]   sub-05 s01e07b: beta saved (223637 vox, 493 TRs)
[05:59:55]   sub-01 s01e08a: beta saved (223637 vox, 476 TRs)
[06:00:15]   sub-02 s01e08a: beta saved (223637 vox, 476 TRs)
[06:00:36]   sub-03 s01e08a: beta saved (223637 vox, 476 TRs)
[06:00:56]   sub-05 s01e08a: beta saved (223637 vox, 476 TRs)
[06:01:26]   sub-01 s01e08b: beta saved (223637 vox, 476 TRs)
[06:01:45]   sub-02 s01e08b: beta saved (223637 vox, 476 TRs)
[06:02:06]   sub-03 s01e08b: beta saved (223637 vox, 476 TRs)
[06:02:27]   sub-05 s01e08b: beta saved (223637 vox, 476 TRs)
[06:02:56]   sub-01 s01e09a: beta saved (223637 vox, 468 TRs)
[06:03:15]   sub-02 s01e09a: beta saved (223637 vox, 468 TRs)
[06:03:35]   sub-03 s01e09a: beta saved (223637 vox, 468 TRs)
[06:03:55]   sub-05 s01e09a: beta saved (223637 vox, 468 TRs)
[06:04:25]   sub-01 s01e09b: beta saved (223637 vox, 468 TRs)
[06:04:43]   sub-02 s01e09b: beta saved (223637 vox, 468 TRs)
[06:05:03]   sub-03 s01e09b: beta saved (223637 vox, 468 TRs)
[06:05:22]   sub-05 s01e09b: beta saved (223637 vox, 468 TRs)
[06:05:54]   sub-01 s01e10a: beta saved (223637 vox, 496 TRs)
[06:06:14]   sub-02 s01e10a: beta saved (223637 vox, 496 TRs)
[06:06:35]   sub-03 s01e10a: beta saved (223637 vox, 496 TRs)
[06:06:56]   sub-05 s01e10a: beta saved (223637 vox, 496 TRs)
[06:07:29]   sub-01 s01e10b: beta saved (223637 vox, 496 TRs)
[06:07:51]   sub-02 s01e10b: beta saved (223637 vox, 496 TRs)
[06:08:14]   sub-03 s01e10b: beta saved (223637 vox, 496 TRs)
[06:08:36]   sub-05 s01e10b: beta saved (223637 vox, 496 TRs)
[06:09:07]   sub-01 s01e11a: beta saved (223637 vox, 477 TRs)
[06:09:27]   sub-02 s01e11a: beta saved (223637 vox, 477 TRs)
[06:09:49]   sub-03 s01e11a: beta saved (223637 vox, 477 TRs)
[06:10:09]   sub-05 s01e11a: beta saved (223637 vox, 477 TRs)
[06:10:40]   sub-01 s01e11b: beta saved (223637 vox, 477 TRs)
[06:10:59]   sub-02 s01e11b: beta saved (223637 vox, 477 TRs)
[06:11:19]   sub-03 s01e11b: beta saved (223637 vox, 477 TRs)
[06:11:40]   sub-05 s01e11b: beta saved (223637 vox, 477 TRs)
[06:12:11]   sub-01 s01e12a: beta saved (223637 vox, 472 TRs)
[06:12:31]   sub-02 s01e12a: beta saved (223637 vox, 472 TRs)
[06:12:51]   sub-03 s01e12a: beta saved (223637 vox, 472 TRs)
[06:13:12]   sub-05 s01e12a: beta saved (223637 vox, 472 TRs)
[06:13:43]   sub-01 s01e12b: beta saved (223637 vox, 471 TRs)
[06:14:02]   sub-02 s01e12b: beta saved (223637 vox, 471 TRs)
[06:14:23]   sub-03 s01e12b: beta saved (223637 vox, 471 TRs)
[06:14:43]   sub-05 s01e12b: beta saved (223637 vox, 471 TRs)
[06:15:12]   sub-01 s01e13a: beta saved (223637 vox, 468 TRs)
[06:15:30]   sub-02 s01e13a: beta saved (223637 vox, 468 TRs)
[06:15:49]   sub-03 s01e13a: beta saved (223637 vox, 468 TRs)
[06:16:09]   sub-05 s01e13a: beta saved (223637 vox, 468 TRs)
[06:16:38]   sub-01 s01e13b: beta saved (223637 vox, 468 TRs)
[06:16:57]   sub-02 s01e13b: beta saved (223637 vox, 468 TRs)
[06:17:17]   sub-03 s01e13b: beta saved (223637 vox, 468 TRs)
[06:17:36]   sub-05 s01e13b: beta saved (223637 vox, 468 TRs)
[06:18:08]   sub-01 s01e14a: beta saved (223637 vox, 491 TRs)
[06:18:28]   sub-02 s01e14a: beta saved (223637 vox, 491 TRs)
[06:18:48]   sub-03 s01e14a: beta saved (223637 vox, 491 TRs)
[06:19:10]   sub-05 s01e14a: beta saved (223637 vox, 491 TRs)
[06:19:41]   sub-01 s01e14b: beta saved (223637 vox, 491 TRs)
[06:20:01]   sub-02 s01e14b: beta saved (223637 vox, 491 TRs)
[06:20:23]   sub-03 s01e14b: beta saved (223637 vox, 491 TRs)
[06:20:50]   sub-05 s01e14b: beta saved (223637 vox, 491 TRs)
[06:21:35]   sub-01 s01e15a: beta saved (223637 vox, 477 TRs)
[06:22:04]   sub-02 s01e15a: beta saved (223637 vox, 477 TRs)
[06:22:27]   sub-03 s01e15a: beta saved (223637 vox, 477 TRs)
[06:22:49]   sub-05 s01e15a: beta saved (223637 vox, 477 TRs)
[06:23:22]   sub-01 s01e15b: beta saved (223637 vox, 477 TRs)
[06:23:43]   sub-02 s01e15b: beta saved (223637 vox, 477 TRs)
[06:24:04]   sub-03 s01e15b: beta saved (223637 vox, 477 TRs)
[06:24:25]   sub-05 s01e15b: beta saved (223637 vox, 477 TRs)
[06:24:56]   sub-01 s01e16a: beta saved (223637 vox, 483 TRs)
[06:25:17]   sub-02 s01e16a: beta saved (223637 vox, 483 TRs)
[06:25:38]   sub-03 s01e16a: beta saved (223637 vox, 483 TRs)
[06:25:59]   sub-05 s01e16a: beta saved (223637 vox, 483 TRs)
[06:26:29]   sub-01 s01e16b: beta saved (223637 vox, 483 TRs)
[06:26:48]   sub-02 s01e16b: beta saved (223637 vox, 483 TRs)
[06:27:09]   sub-03 s01e16b: beta saved (223637 vox, 483 TRs)
[06:27:29]   sub-05 s01e16b: beta saved (223637 vox, 483 TRs)
[06:28:00]   sub-01 s01e17a: beta saved (223637 vox, 483 TRs)
[06:28:19]   sub-02 s01e17a: beta saved (223637 vox, 483 TRs)
[06:28:39]   sub-03 s01e17a: beta saved (223637 vox, 483 TRs)
[06:29:00]   sub-05 s01e17a: beta saved (223637 vox, 483 TRs)
[06:29:30]   sub-01 s01e17b: beta saved (223637 vox, 483 TRs)
[06:29:50]   sub-02 s01e17b: beta saved (223637 vox, 483 TRs)
[06:30:11]   sub-03 s01e17b: beta saved (223637 vox, 483 TRs)
[06:30:32]   sub-05 s01e17b: beta saved (223637 vox, 483 TRs)
[06:31:03]   sub-01 s01e18a: beta saved (223637 vox, 497 TRs)
[06:31:25]   sub-02 s01e18a: beta saved (223637 vox, 497 TRs)
[06:31:48]   sub-03 s01e18a: beta saved (223637 vox, 497 TRs)
[06:32:10]   sub-05 s01e18a: beta saved (223637 vox, 497 TRs)
[06:32:41]   sub-01 s01e18b: beta saved (223637 vox, 497 TRs)
[06:33:01]   sub-02 s01e18b: beta saved (223637 vox, 497 TRs)
[06:33:23]   sub-03 s01e18b: beta saved (223637 vox, 497 TRs)
[06:33:43]   sub-05 s01e18b: beta saved (223637 vox, 497 TRs)
[06:34:13]   sub-01 s01e19a: beta saved (223637 vox, 460 TRs)
[06:34:32]   sub-02 s01e19a: beta saved (223637 vox, 460 TRs)
[06:34:52]   sub-03 s01e19a: beta saved (223637 vox, 460 TRs)
[06:35:15]   sub-05 s01e19a: beta saved (223637 vox, 460 TRs)
[06:35:52]   sub-01 s01e19b: beta saved (223637 vox, 460 TRs)
[06:36:23]   sub-02 s01e19b: beta saved (223637 vox, 460 TRs)
[06:36:52]   sub-03 s01e19b: beta saved (223637 vox, 460 TRs)
[06:37:20]   sub-05 s01e19b: beta saved (223637 vox, 460 TRs)
[06:38:06]   sub-01 s01e20a: beta saved (223637 vox, 460 TRs)
[06:38:33]   sub-02 s01e20a: beta saved (223637 vox, 460 TRs)
[06:39:01]   sub-03 s01e20a: beta saved (223637 vox, 460 TRs)
[06:39:30]   sub-05 s01e20a: beta saved (223637 vox, 460 TRs)
[06:40:06]   sub-01 s01e20b: beta saved (223637 vox, 460 TRs)
[06:40:26]   sub-02 s01e20b: beta saved (223637 vox, 460 TRs)
[06:40:48]   sub-03 s01e20b: beta saved (223637 vox, 460 TRs)
[06:41:11]   sub-05 s01e20b: beta saved (223637 vox, 460 TRs)
[06:41:42]   sub-01 s01e21a: beta saved (223637 vox, 477 TRs)
[06:42:01]   sub-02 s01e21a: beta saved (223637 vox, 477 TRs)
[06:42:22]   sub-03 s01e21a: beta saved (223637 vox, 477 TRs)
[06:42:43]   sub-05 s01e21a: beta saved (223637 vox, 477 TRs)
[06:43:13]   sub-01 s01e21b: beta saved (223637 vox, 477 TRs)
[06:43:32]   sub-02 s01e21b: beta saved (223637 vox, 477 TRs)
[06:43:52]   sub-03 s01e21b: beta saved (223637 vox, 477 TRs)
[06:44:13]   sub-05 s01e21b: beta saved (223637 vox, 477 TRs)
[06:44:42]   sub-01 s01e22a: beta saved (223637 vox, 474 TRs)
[06:45:02]   sub-02 s01e22a: beta saved (223637 vox, 474 TRs)
[06:45:22]   sub-03 s01e22a: beta saved (223637 vox, 474 TRs)
[06:45:42]   sub-05 s01e22a: beta saved (223637 vox, 474 TRs)
[06:46:12]   sub-01 s01e22b: beta saved (223637 vox, 474 TRs)
[06:46:31]   sub-02 s01e22b: beta saved (223637 vox, 474 TRs)
[06:46:50]   sub-03 s01e22b: beta saved (223637 vox, 474 TRs)
[06:47:10]   sub-05 s01e22b: beta saved (223637 vox, 474 TRs)
[06:47:38]   sub-01 s01e23a: beta saved (223637 vox, 462 TRs)
[06:47:56]   sub-02 s01e23a: beta saved (223637 vox, 462 TRs)
[06:48:15]   sub-03 s01e23a: beta saved (223637 vox, 462 TRs)
[06:48:34]   sub-05 s01e23a: beta saved (223637 vox, 462 TRs)
[06:49:02]   sub-01 s01e23b: beta saved (223637 vox, 462 TRs)
[06:49:21]   sub-02 s01e23b: beta saved (223637 vox, 462 TRs)
[06:49:40]   sub-03 s01e23b: beta saved (223637 vox, 462 TRs)
[06:49:59]   sub-05 s01e23b: beta saved (223637 vox, 462 TRs)
[06:50:36]   sub-01 s01e24a: beta saved (223637 vox, 515 TRs)
[06:51:01]   sub-02 s01e24a: beta saved (223637 vox, 515 TRs)
[06:51:26]   sub-03 s01e24a: beta saved (223637 vox, 515 TRs)
[06:51:51]   sub-05 s01e24a: beta saved (223637 vox, 515 TRs)
[06:52:26]   sub-01 s01e24b: beta saved (223637 vox, 515 TRs)
[06:52:47]   sub-02 s01e24b: beta saved (223637 vox, 515 TRs)
[06:53:15]   sub-03 s01e24b: beta saved (223637 vox, 515 TRs)
[06:53:59]   sub-05 s01e24b: beta saved (223637 vox, 515 TRs)
[06:54:37]   sub-01 s02e01a: beta saved (223637 vox, 477 TRs)
[06:55:07]   sub-02 s02e01a: beta saved (223637 vox, 477 TRs)
[06:55:28]   sub-03 s02e01a: beta saved (223637 vox, 477 TRs)
[06:55:50]   sub-05 s02e01a: beta saved (223637 vox, 477 TRs)
[06:56:23]   sub-01 s02e01b: beta saved (223637 vox, 477 TRs)
[06:56:43]   sub-02 s02e01b: beta saved (223637 vox, 477 TRs)
[06:57:04]   sub-03 s02e01b: beta saved (223637 vox, 477 TRs)
[06:57:25]   sub-05 s02e01b: beta saved (223637 vox, 477 TRs)
[06:57:53]   sub-01 s02e02a: beta saved (223637 vox, 450 TRs)
[06:58:12]   sub-02 s02e02a: beta saved (223637 vox, 450 TRs)
[06:58:31]   sub-03 s02e02a: beta saved (223637 vox, 450 TRs)
[06:58:50]   sub-05 s02e02a: beta saved (223637 vox, 450 TRs)
[06:59:19]   sub-01 s02e02b: beta saved (223637 vox, 450 TRs)
[06:59:37]   sub-02 s02e02b: beta saved (223637 vox, 450 TRs)
[06:59:56]   sub-03 s02e02b: beta saved (223637 vox, 450 TRs)
[07:00:14]   sub-05 s02e02b: beta saved (223637 vox, 450 TRs)
[07:00:45]   sub-01 s02e03a: beta saved (223637 vox, 464 TRs)
[07:01:04]   sub-02 s02e03a: beta saved (223637 vox, 464 TRs)
[07:01:24]   sub-03 s02e03a: beta saved (223637 vox, 464 TRs)
[07:01:44]   sub-05 s02e03a: beta saved (223637 vox, 464 TRs)
[07:02:14]   sub-01 s02e03b: beta saved (223637 vox, 464 TRs)
[07:02:32]   sub-02 s02e03b: beta saved (223637 vox, 464 TRs)
[07:02:51]   sub-03 s02e03b: beta saved (223637 vox, 464 TRs)
[07:03:11]   sub-05 s02e03b: beta saved (223637 vox, 464 TRs)
[07:03:38]   sub-01 s02e04a: beta saved (223637 vox, 454 TRs)
[07:03:55]   sub-02 s02e04a: beta saved (223637 vox, 454 TRs)
[07:04:14]   sub-03 s02e04a: beta saved (223637 vox, 454 TRs)
[07:04:33]   sub-05 s02e04a: beta saved (223637 vox, 454 TRs)
[07:05:00]   sub-01 s02e04b: beta saved (223637 vox, 454 TRs)
[07:05:18]   sub-02 s02e04b: beta saved (223637 vox, 454 TRs)
[07:05:37]   sub-03 s02e04b: beta saved (223637 vox, 454 TRs)
[07:05:56]   sub-05 s02e04b: beta saved (223637 vox, 454 TRs)
[07:06:25]   sub-01 s02e05a: beta saved (223637 vox, 455 TRs)
[07:06:42]   sub-02 s02e05a: beta saved (223637 vox, 455 TRs)
[07:07:00]   sub-03 s02e05a: beta saved (223637 vox, 455 TRs)
[07:07:19]   sub-05 s02e05a: beta saved (223637 vox, 455 TRs)
[07:07:46]   sub-01 s02e05b: beta saved (223637 vox, 455 TRs)
[07:08:04]   sub-02 s02e05b: beta saved (223637 vox, 455 TRs)
[07:08:23]   sub-03 s02e05b: beta saved (223637 vox, 455 TRs)
[07:08:42]   sub-05 s02e05b: beta saved (223637 vox, 455 TRs)
[07:09:14]   sub-01 s02e06a: beta saved (223637 vox, 500 TRs)
[07:09:34]   sub-02 s02e06a: beta saved (223637 vox, 500 TRs)
[07:09:54]   sub-03 s02e06a: beta saved (223637 vox, 500 TRs)
[07:10:15]   sub-05 s02e06a: beta saved (223637 vox, 500 TRs)
[07:10:47]   sub-01 s02e06b: beta saved (223637 vox, 500 TRs)
[07:11:08]   sub-02 s02e06b: beta saved (223637 vox, 500 TRs)
[07:11:30]   sub-03 s02e06b: beta saved (223637 vox, 500 TRs)
[07:11:51]   sub-05 s02e06b: beta saved (223637 vox, 500 TRs)
[07:12:23]   sub-01 s02e07a: beta saved (223637 vox, 496 TRs)
[07:12:44]   sub-02 s02e07a: beta saved (223637 vox, 496 TRs)
[07:13:08]   sub-03 s02e07a: beta saved (223637 vox, 496 TRs)
[07:13:30]   sub-05 s02e07a: beta saved (223637 vox, 496 TRs)
[07:14:03]   sub-01 s02e07b: beta saved (223637 vox, 496 TRs)
[07:14:24]   sub-02 s02e07b: beta saved (223637 vox, 496 TRs)
[07:14:47]   sub-03 s02e07b: beta saved (223637 vox, 496 TRs)
[07:15:09]   sub-05 s02e07b: beta saved (223637 vox, 496 TRs)
[07:15:40]   sub-01 s02e08a: beta saved (223637 vox, 458 TRs)
[07:15:59]   sub-02 s02e08a: beta saved (223637 vox, 458 TRs)
[07:16:18]   sub-03 s02e08a: beta saved (223637 vox, 458 TRs)
[07:16:39]   sub-05 s02e08a: beta saved (223637 vox, 458 TRs)
[07:17:09]   sub-01 s02e08b: beta saved (223637 vox, 458 TRs)
[07:17:28]   sub-02 s02e08b: beta saved (223637 vox, 458 TRs)
[07:17:48]   sub-03 s02e08b: beta saved (223637 vox, 458 TRs)
[07:18:07]   sub-05 s02e08b: beta saved (223637 vox, 458 TRs)
[07:18:34]   sub-01 s02e09a: beta saved (223637 vox, 452 TRs)
[07:18:52]   sub-02 s02e09a: beta saved (223637 vox, 452 TRs)
[07:19:10]   sub-03 s02e09a: beta saved (223637 vox, 452 TRs)
[07:19:28]   sub-05 s02e09a: beta saved (223637 vox, 452 TRs)
[07:19:56]   sub-01 s02e09b: beta saved (223637 vox, 452 TRs)
[07:20:14]   sub-02 s02e09b: beta saved (223637 vox, 452 TRs)
[07:20:33]   sub-03 s02e09b: beta saved (223637 vox, 452 TRs)
[07:20:52]   sub-05 s02e09b: beta saved (223637 vox, 452 TRs)
[07:21:21]   sub-01 s02e10a: beta saved (223637 vox, 479 TRs)
[07:21:40]   sub-02 s02e10a: beta saved (223637 vox, 479 TRs)
[07:21:59]   sub-03 s02e10a: beta saved (223637 vox, 479 TRs)
[07:22:19]   sub-05 s02e10a: beta saved (223637 vox, 479 TRs)
[07:22:48]   sub-01 s02e10b: beta saved (223637 vox, 479 TRs)
[07:23:09]   sub-02 s02e10b: beta saved (223637 vox, 479 TRs)
[07:39:23]   sub-03 s02e10b: beta saved (223637 vox, 479 TRs)
[07:39:43]   sub-05 s02e10b: beta saved (223637 vox, 479 TRs)
[07:55:50]   sub-01 s02e11a: beta saved (223637 vox, 488 TRs)
[07:56:09]   sub-02 s02e11a: beta saved (223637 vox, 488 TRs)
[07:56:31]   sub-03 s02e11a: beta saved (223637 vox, 488 TRs)
[07:56:51]   sub-05 s02e11a: beta saved (223637 vox, 488 TRs)
[07:57:22]   sub-01 s02e11b: beta saved (223637 vox, 488 TRs)
[07:57:43]   sub-02 s02e11b: beta saved (223637 vox, 488 TRs)
[07:58:03]   sub-03 s02e11b: beta saved (223637 vox, 488 TRs)
[07:58:24]   sub-05 s02e11b: beta saved (223637 vox, 488 TRs)
[07:58:54]   sub-01 s02e12a: beta saved (223637 vox, 488 TRs)
[07:59:14]   sub-02 s02e12a: beta saved (223637 vox, 488 TRs)
[07:59:35]   sub-03 s02e12a: beta saved (223637 vox, 488 TRs)
[07:59:56]   sub-05 s02e12a: beta saved (223637 vox, 488 TRs)
[08:00:29]   sub-01 s02e12b: beta saved (223637 vox, 488 TRs)
[08:00:50]   sub-02 s02e12b: beta saved (223637 vox, 488 TRs)
[08:01:11]   sub-03 s02e12b: beta saved (223637 vox, 488 TRs)
[08:01:32]   sub-05 s02e12b: beta saved (223637 vox, 488 TRs)
[08:02:03]   sub-01 s02e13a: beta saved (223637 vox, 488 TRs)
[08:02:23]   sub-02 s02e13a: beta saved (223637 vox, 488 TRs)
[08:02:44]   sub-03 s02e13a: beta saved (223637 vox, 488 TRs)
[08:03:05]   sub-05 s02e13a: beta saved (223637 vox, 488 TRs)
[08:03:38]   sub-01 s02e13b: beta saved (223637 vox, 488 TRs)
[08:03:57]   sub-02 s02e13b: beta saved (223637 vox, 488 TRs)
[08:04:17]   sub-03 s02e13b: beta saved (223637 vox, 488 TRs)
[08:04:37]   sub-05 s02e13b: beta saved (223637 vox, 488 TRs)
[08:05:06]   sub-01 s02e14a: beta saved (223637 vox, 474 TRs)
[08:05:24]   sub-02 s02e14a: beta saved (223637 vox, 474 TRs)
[08:05:44]   sub-03 s02e14a: beta saved (223637 vox, 474 TRs)
[08:06:03]   sub-05 s02e14a: beta saved (223637 vox, 474 TRs)
[08:06:32]   sub-01 s02e14b: beta saved (223637 vox, 474 TRs)
[08:06:50]   sub-02 s02e14b: beta saved (223637 vox, 474 TRs)
[08:07:09]   sub-03 s02e14b: beta saved (223637 vox, 474 TRs)
[08:07:29]   sub-05 s02e14b: beta saved (223637 vox, 474 TRs)
[08:07:57]   sub-01 s02e15a: beta saved (223637 vox, 466 TRs)
[08:08:15]   sub-02 s02e15a: beta saved (223637 vox, 466 TRs)
[08:08:35]   sub-03 s02e15a: beta saved (223637 vox, 466 TRs)
[08:26:20]   sub-05 s02e15a: beta saved (223637 vox, 466 TRs)
[08:26:48]   sub-01 s02e15b: beta saved (223637 vox, 466 TRs)
[08:43:39]   sub-02 s02e15b: beta saved (223637 vox, 466 TRs)
[08:43:58]   sub-03 s02e15b: beta saved (223637 vox, 466 TRs)
[09:01:04]   sub-05 s02e15b: beta saved (223637 vox, 466 TRs)
[09:01:35]   sub-01 s02e16a: beta saved (223637 vox, 478 TRs)
[09:01:53]   sub-02 s02e16a: beta saved (223637 vox, 478 TRs)
[09:17:17]   sub-03 s02e16a: beta saved (223637 vox, 478 TRs)
[09:17:37]   sub-05 s02e16a: beta saved (223637 vox, 478 TRs)
[09:18:06]   sub-01 s02e16b: beta saved (223637 vox, 478 TRs)
[09:18:24]   sub-02 s02e16b: beta saved (223637 vox, 478 TRs)
[09:18:43]   sub-03 s02e16b: beta saved (223637 vox, 478 TRs)
[09:19:02]   sub-05 s02e16b: beta saved (223637 vox, 478 TRs)
[09:19:32]   sub-01 s02e17a: beta saved (223637 vox, 489 TRs)
[09:19:52]   sub-02 s02e17a: beta saved (223637 vox, 489 TRs)
[09:20:12]   sub-03 s02e17a: beta saved (223637 vox, 489 TRs)
[09:20:33]   sub-05 s02e17a: beta saved (223637 vox, 489 TRs)
[09:21:01]   sub-01 s02e17b: beta saved (223637 vox, 489 TRs)
[09:21:20]   sub-02 s02e17b: beta saved (223637 vox, 489 TRs)
[09:21:40]   sub-03 s02e17b: beta saved (223637 vox, 489 TRs)
[09:21:59]   sub-05 s02e17b: beta saved (223637 vox, 489 TRs)
[09:22:25]   sub-01 s02e18a: beta saved (223637 vox, 460 TRs)
[09:22:42]   sub-02 s02e18a: beta saved (223637 vox, 460 TRs)
[09:23:00]   sub-03 s02e18a: beta saved (223637 vox, 460 TRs)
[09:23:18]   sub-05 s02e18a: beta saved (223637 vox, 460 TRs)
[09:23:44]   sub-01 s02e18b: beta saved (223637 vox, 460 TRs)
[09:24:01]   sub-02 s02e18b: beta saved (223637 vox, 460 TRs)
[09:24:20]   sub-03 s02e18b: beta saved (223637 vox, 460 TRs)
[09:24:38]   sub-05 s02e18b: beta saved (223637 vox, 460 TRs)
[09:25:05]   sub-01 s02e19a: beta saved (223637 vox, 478 TRs)
[09:25:23]   sub-02 s02e19a: beta saved (223637 vox, 478 TRs)
[09:25:42]   sub-03 s02e19a: beta saved (223637 vox, 478 TRs)
[09:26:01]   sub-05 s02e19a: beta saved (223637 vox, 478 TRs)
[09:26:29]   sub-01 s02e19b: beta saved (223637 vox, 478 TRs)
[09:26:47]   sub-02 s02e19b: beta saved (223637 vox, 478 TRs)
[09:27:06]   sub-03 s02e19b: beta saved (223637 vox, 478 TRs)
[09:27:25]   sub-05 s02e19b: beta saved (223637 vox, 478 TRs)
[09:27:50]   sub-01 s02e20a: beta saved (223637 vox, 449 TRs)
[09:28:07]   sub-02 s02e20a: beta saved (223637 vox, 449 TRs)
[09:28:25]   sub-03 s02e20a: beta saved (223637 vox, 449 TRs)
[09:28:42]   sub-05 s02e20a: beta saved (223637 vox, 449 TRs)
[09:29:08]   sub-01 s02e20b: beta saved (223637 vox, 449 TRs)
[09:29:25]   sub-02 s02e20b: beta saved (223637 vox, 449 TRs)
[09:29:43]   sub-03 s02e20b: beta saved (223637 vox, 449 TRs)
[09:30:00]   sub-05 s02e20b: beta saved (223637 vox, 449 TRs)
[09:30:28]   sub-01 s02e21a: beta saved (223637 vox, 470 TRs)
[09:30:46]   sub-02 s02e21a: beta saved (223637 vox, 470 TRs)
[09:31:04]   sub-03 s02e21a: beta saved (223637 vox, 470 TRs)
[09:31:23]   sub-05 s02e21a: beta saved (223637 vox, 470 TRs)
[09:31:50]   sub-01 s02e21b: beta saved (223637 vox, 470 TRs)
[09:32:08]   sub-02 s02e21b: beta saved (223637 vox, 470 TRs)
[09:32:26]   sub-03 s02e21b: beta saved (223637 vox, 470 TRs)
[09:32:45]   sub-05 s02e21b: beta saved (223637 vox, 470 TRs)
[09:33:10]   sub-01 s02e22a: beta saved (223637 vox, 453 TRs)
[09:33:27]   sub-02 s02e22a: beta saved (223637 vox, 453 TRs)
[09:33:44]   sub-03 s02e22a: beta saved (223637 vox, 453 TRs)
[09:34:02]   sub-05 s02e22a: beta saved (223637 vox, 453 TRs)
[09:34:28]   sub-01 s02e22b: beta saved (223637 vox, 453 TRs)
[09:34:45]   sub-02 s02e22b: beta saved (223637 vox, 453 TRs)
[09:35:03]   sub-03 s02e22b: beta saved (223637 vox, 453 TRs)
[09:35:21]   sub-05 s02e22b: beta saved (223637 vox, 453 TRs)
[09:35:46]   sub-01 s02e23a: beta saved (223637 vox, 456 TRs)
[09:36:04]   sub-02 s02e23a: beta saved (223637 vox, 456 TRs)
[09:36:22]   sub-03 s02e23a: beta saved (223637 vox, 456 TRs)
[09:36:39]   sub-05 s02e23a: beta saved (223637 vox, 456 TRs)
[09:37:05]   sub-01 s02e23b: beta saved (223637 vox, 456 TRs)
[09:37:22]   sub-02 s02e23b: beta saved (223637 vox, 456 TRs)
[09:37:41]   sub-03 s02e23b: beta saved (223637 vox, 456 TRs)
[09:37:59]   sub-05 s02e23b: beta saved (223637 vox, 456 TRs)
[09:38:26]   sub-01 s02e24a: beta saved (223637 vox, 469 TRs)
[09:38:44]   sub-02 s02e24a: beta saved (223637 vox, 469 TRs)
[09:39:02]   sub-03 s02e24a: beta saved (223637 vox, 469 TRs)
[09:39:21]   sub-05 s02e24a: beta saved (223637 vox, 469 TRs)
[09:39:48]   sub-01 s02e24b: beta saved (223637 vox, 469 TRs)
[09:40:06]   sub-02 s02e24b: beta saved (223637 vox, 469 TRs)
[09:40:24]   sub-03 s02e24b: beta saved (223637 vox, 469 TRs)
[09:40:42]   sub-05 s02e24b: beta saved (223637 vox, 469 TRs)
[09:41:12]   sub-01 s03e01a: beta saved (223637 vox, 491 TRs)
[09:41:31]   sub-02 s03e01a: beta saved (223637 vox, 491 TRs)
[09:41:50]   sub-03 s03e01a: beta saved (223637 vox, 491 TRs)
[09:42:09]   sub-05 s03e01a: beta saved (223637 vox, 491 TRs)
[09:42:38]   sub-01 s03e01b: beta saved (223637 vox, 491 TRs)
[09:42:56]   sub-02 s03e01b: beta saved (223637 vox, 491 TRs)
[09:43:16]   sub-03 s03e01b: beta saved (223637 vox, 491 TRs)
[09:43:35]   sub-05 s03e01b: beta saved (223637 vox, 491 TRs)
[09:44:02]   sub-01 s03e02a: beta saved (223637 vox, 475 TRs)
[09:44:20]   sub-02 s03e02a: beta saved (223637 vox, 475 TRs)
[09:44:38]   sub-03 s03e02a: beta saved (223637 vox, 475 TRs)
[09:44:57]   sub-05 s03e02a: beta saved (223637 vox, 475 TRs)
[09:45:25]   sub-01 s03e02b: beta saved (223637 vox, 475 TRs)
[09:45:43]   sub-02 s03e02b: beta saved (223637 vox, 475 TRs)
[09:46:02]   sub-03 s03e02b: beta saved (223637 vox, 475 TRs)
[09:46:21]   sub-05 s03e02b: beta saved (223637 vox, 475 TRs)
[09:46:46]   sub-01 s03e03a: beta saved (223637 vox, 454 TRs)
[09:47:03]   sub-02 s03e03a: beta saved (223637 vox, 454 TRs)
[09:47:21]   sub-03 s03e03a: beta saved (223637 vox, 454 TRs)
[09:47:39]   sub-05 s03e03a: beta saved (223637 vox, 454 TRs)
[09:48:06]   sub-01 s03e03b: beta saved (223637 vox, 454 TRs)
[09:48:24]   sub-02 s03e03b: beta saved (223637 vox, 454 TRs)
[09:48:42]   sub-03 s03e03b: beta saved (223637 vox, 454 TRs)
[09:49:00]   sub-05 s03e03b: beta saved (223637 vox, 454 TRs)
[09:49:27]   sub-01 s03e04a: beta saved (223637 vox, 473 TRs)
[09:49:45]   sub-02 s03e04a: beta saved (223637 vox, 473 TRs)
[09:50:04]   sub-03 s03e04a: beta saved (223637 vox, 473 TRs)
[09:50:22]   sub-05 s03e04a: beta saved (223637 vox, 473 TRs)
[09:50:50]   sub-01 s03e04b: beta saved (223637 vox, 473 TRs)
[09:51:08]   sub-02 s03e04b: beta saved (223637 vox, 473 TRs)
[09:51:27]   sub-03 s03e04b: beta saved (223637 vox, 473 TRs)
[09:51:45]   sub-05 s03e04b: beta saved (223637 vox, 473 TRs)
[09:52:14]   sub-01 s03e05a: beta saved (223637 vox, 484 TRs)
[09:52:32]   sub-02 s03e05a: beta saved (223637 vox, 484 TRs)
[09:52:51]   sub-03 s03e05a: beta saved (223637 vox, 484 TRs)
[09:53:10]   sub-05 s03e05a: beta saved (223637 vox, 484 TRs)
[09:53:38]   sub-01 s03e05b: beta saved (223637 vox, 484 TRs)
[09:53:56]   sub-02 s03e05b: beta saved (223637 vox, 484 TRs)
[09:54:15]   sub-03 s03e05b: beta saved (223637 vox, 484 TRs)
[09:54:34]   sub-05 s03e05b: beta saved (223637 vox, 484 TRs)
[09:55:01]   sub-01 s03e06a: beta saved (223637 vox, 470 TRs)
[09:55:18]   sub-02 s03e06a: beta saved (223637 vox, 470 TRs)
[09:55:37]   sub-03 s03e06a: beta saved (223637 vox, 470 TRs)
[09:56:04]   sub-05 s03e06a: beta saved (223637 vox, 470 TRs)
[09:56:31]   sub-01 s03e06b: beta saved (223637 vox, 470 TRs)
[09:56:49]   sub-02 s03e06b: beta saved (223637 vox, 470 TRs)
[09:57:07]   sub-03 s03e06b: beta saved (223637 vox, 470 TRs)
[09:57:34]   sub-05 s03e06b: beta saved (223637 vox, 470 TRs)
[09:58:02]   sub-01 s03e07a: beta saved (223637 vox, 467 TRs)
[09:58:19]   sub-02 s03e07a: beta saved (223637 vox, 467 TRs)
[09:58:38]   sub-03 s03e07a: beta saved (223637 vox, 467 TRs)
[09:59:05]   sub-05 s03e07a: beta saved (223637 vox, 467 TRs)
[09:59:31]   sub-01 s03e07b: beta saved (223637 vox, 467 TRs)
[09:59:49]   sub-02 s03e07b: beta saved (223637 vox, 467 TRs)
[10:00:07]   sub-03 s03e07b: beta saved (223637 vox, 467 TRs)
[10:00:34]   sub-05 s03e07b: beta saved (223637 vox, 467 TRs)
[10:01:00]   sub-01 s03e08a: beta saved (223637 vox, 460 TRs)
[10:01:18]   sub-02 s03e08a: beta saved (223637 vox, 460 TRs)
[10:01:36]   sub-03 s03e08a: beta saved (223637 vox, 460 TRs)
[10:02:02]   sub-05 s03e08a: beta saved (223637 vox, 460 TRs)
[10:02:28]   sub-01 s03e08b: beta saved (223637 vox, 460 TRs)
[10:02:46]   sub-02 s03e08b: beta saved (223637 vox, 460 TRs)
[10:03:04]   sub-03 s03e08b: beta saved (223637 vox, 460 TRs)
[10:03:30]   sub-05 s03e08b: beta saved (223637 vox, 460 TRs)
[10:03:59]   sub-01 s03e09a: beta saved (223637 vox, 493 TRs)
[10:04:18]   sub-02 s03e09a: beta saved (223637 vox, 493 TRs)
[10:04:38]   sub-03 s03e09a: beta saved (223637 vox, 493 TRs)
[10:05:08]   sub-05 s03e09a: beta saved (223637 vox, 493 TRs)
[10:05:37]   sub-01 s03e09b: beta saved (223637 vox, 493 TRs)
[10:05:56]   sub-02 s03e09b: beta saved (223637 vox, 493 TRs)
[10:06:16]   sub-03 s03e09b: beta saved (223637 vox, 493 TRs)
[10:06:46]   sub-05 s03e09b: beta saved (223637 vox, 493 TRs)
[10:07:15]   sub-01 s03e10a: beta saved (223637 vox, 451 TRs)
[10:07:33]   sub-02 s03e10a: beta saved (223637 vox, 451 TRs)
[10:07:52]   sub-03 s03e10a: beta saved (223637 vox, 451 TRs)
[10:08:18]   sub-05 s03e10a: beta saved (223637 vox, 451 TRs)
[10:08:44]   sub-01 s03e10b: beta saved (223637 vox, 451 TRs)
[10:09:01]   sub-02 s03e10b: beta saved (223637 vox, 451 TRs)
[10:09:19]   sub-03 s03e10b: beta saved (223637 vox, 451 TRs)
[10:09:46]   sub-05 s03e10b: beta saved (223637 vox, 451 TRs)
[10:10:13]   sub-01 s03e11a: beta saved (223637 vox, 457 TRs)
[10:10:30]   sub-02 s03e11a: beta saved (223637 vox, 457 TRs)
[10:10:49]   sub-03 s03e11a: beta saved (223637 vox, 457 TRs)
[10:11:15]   sub-05 s03e11a: beta saved (223637 vox, 457 TRs)
[10:11:41]   sub-01 s03e11b: beta saved (223637 vox, 456 TRs)
[10:11:58]   sub-02 s03e11b: beta saved (223637 vox, 456 TRs)
[10:12:17]   sub-03 s03e11b: beta saved (223637 vox, 456 TRs)
[10:12:44]   sub-05 s03e11b: beta saved (223637 vox, 456 TRs)
[10:13:11]   sub-01 s03e12a: beta saved (223637 vox, 464 TRs)
[10:13:28]   sub-02 s03e12a: beta saved (223637 vox, 464 TRs)
[10:13:47]   sub-03 s03e12a: beta saved (223637 vox, 464 TRs)
[10:14:14]   sub-05 s03e12a: beta saved (223637 vox, 464 TRs)
[10:14:40]   sub-01 s03e12b: beta saved (223637 vox, 464 TRs)
[10:14:57]   sub-02 s03e12b: beta saved (223637 vox, 464 TRs)
[10:15:16]   sub-03 s03e12b: beta saved (223637 vox, 464 TRs)
[10:15:41]   sub-05 s03e12b: beta saved (223637 vox, 464 TRs)
[10:16:08]   sub-01 s03e13a: beta saved (223637 vox, 474 TRs)
[10:16:26]   sub-02 s03e13a: beta saved (223637 vox, 474 TRs)
[10:16:45]   sub-03 s03e13a: beta saved (223637 vox, 474 TRs)
[10:17:12]   sub-05 s03e13a: beta saved (223637 vox, 474 TRs)
[10:17:40]   sub-01 s03e13b: beta saved (223637 vox, 473 TRs)
[10:24:21]   sub-02 s03e13b: beta saved (223637 vox, 473 TRs)
[10:24:41]   sub-03 s03e13b: beta saved (223637 vox, 473 TRs)
[10:41:19]   sub-05 s03e13b: beta saved (223637 vox, 473 TRs)
[10:41:46]   sub-01 s03e14a: beta saved (223637 vox, 458 TRs)
[10:42:04]   sub-02 s03e14a: beta saved (223637 vox, 458 TRs)
[10:42:22]   sub-03 s03e14a: beta saved (223637 vox, 458 TRs)
[10:42:48]   sub-05 s03e14a: beta saved (223637 vox, 458 TRs)
[10:43:14]   sub-01 s03e14b: beta saved (223637 vox, 458 TRs)
[10:43:31]   sub-02 s03e14b: beta saved (223637 vox, 458 TRs)
[10:43:50]   sub-03 s03e14b: beta saved (223637 vox, 458 TRs)
[10:44:15]   sub-05 s03e14b: beta saved (223637 vox, 458 TRs)
[10:44:41]   sub-01 s03e15a: beta saved (223637 vox, 458 TRs)
[10:44:59]   sub-02 s03e15a: beta saved (223637 vox, 458 TRs)
[10:45:17]   sub-03 s03e15a: beta saved (223637 vox, 458 TRs)
[10:45:43]   sub-05 s03e15a: beta saved (223637 vox, 458 TRs)
[10:46:09]   sub-01 s03e15b: beta saved (223637 vox, 458 TRs)
[10:46:26]   sub-02 s03e15b: beta saved (223637 vox, 458 TRs)
[10:46:44]   sub-03 s03e15b: beta saved (223637 vox, 458 TRs)
[10:47:10]   sub-05 s03e15b: beta saved (223637 vox, 458 TRs)
[10:47:37]   sub-01 s03e16a: beta saved (223637 vox, 468 TRs)
[10:47:55]   sub-02 s03e16a: beta saved (223637 vox, 468 TRs)
[10:48:13]   sub-03 s03e16a: beta saved (223637 vox, 468 TRs)
[10:48:40]   sub-05 s03e16a: beta saved (223637 vox, 468 TRs)
[10:49:06]   sub-01 s03e16b: beta saved (223637 vox, 468 TRs)
[10:49:24]   sub-02 s03e16b: beta saved (223637 vox, 468 TRs)
[10:49:42]   sub-03 s03e16b: beta saved (223637 vox, 468 TRs)
[10:50:09]   sub-05 s03e16b: beta saved (223637 vox, 468 TRs)
[11:06:17]   sub-01 s03e17a: beta saved (223637 vox, 454 TRs)
[11:06:35]   sub-02 s03e17a: beta saved (223637 vox, 454 TRs)
[11:06:53]   sub-03 s03e17a: beta saved (223637 vox, 454 TRs)
[11:07:20]   sub-05 s03e17a: beta saved (223637 vox, 454 TRs)
[11:07:45]   sub-01 s03e17b: beta saved (223637 vox, 453 TRs)
[11:08:02]   sub-02 s03e17b: beta saved (223637 vox, 453 TRs)
[11:08:20]   sub-03 s03e17b: beta saved (223637 vox, 453 TRs)
[11:24:07]   sub-05 s03e17b: beta saved (223637 vox, 453 TRs)
[11:24:36]   sub-01 s03e18a: beta saved (223637 vox, 469 TRs)
[11:24:54]   sub-02 s03e18a: beta saved (223637 vox, 469 TRs)
[11:25:13]   sub-03 s03e18a: beta saved (223637 vox, 469 TRs)
[11:25:41]   sub-05 s03e18a: beta saved (223637 vox, 469 TRs)
[11:26:09]   sub-01 s03e18b: beta saved (223637 vox, 469 TRs)
[11:26:27]   sub-02 s03e18b: beta saved (223637 vox, 469 TRs)
[11:26:45]   sub-03 s03e18b: beta saved (223637 vox, 469 TRs)
[11:27:13]   sub-05 s03e18b: beta saved (223637 vox, 469 TRs)
[11:27:40]   sub-01 s03e19a: beta saved (223637 vox, 468 TRs)
[11:27:58]   sub-02 s03e19a: beta saved (223637 vox, 468 TRs)
[11:28:16]   sub-03 s03e19a: beta saved (223637 vox, 468 TRs)
[11:28:43]   sub-05 s03e19a: beta saved (223637 vox, 468 TRs)
[11:29:11]   sub-01 s03e19b: beta saved (223637 vox, 468 TRs)
[11:29:29]   sub-02 s03e19b: beta saved (223637 vox, 468 TRs)
[11:29:48]   sub-03 s03e19b: beta saved (223637 vox, 468 TRs)
[11:30:15]   sub-05 s03e19b: beta saved (223637 vox, 468 TRs)
[11:30:41]   sub-01 s03e20a: beta saved (223637 vox, 464 TRs)
[11:30:59]   sub-02 s03e20a: beta saved (223637 vox, 464 TRs)
[11:31:18]   sub-03 s03e20a: beta saved (223637 vox, 464 TRs)
[11:31:45]   sub-05 s03e20a: beta saved (223637 vox, 464 TRs)
[11:32:12]   sub-01 s03e20b: beta saved (223637 vox, 464 TRs)
[11:32:29]   sub-02 s03e20b: beta saved (223637 vox, 464 TRs)
[11:32:48]   sub-03 s03e20b: beta saved (223637 vox, 464 TRs)
[11:33:15]   sub-05 s03e20b: beta saved (223637 vox, 464 TRs)
[11:33:41]   sub-01 s03e21a: beta saved (223637 vox, 460 TRs)
[11:33:58]   sub-02 s03e21a: beta saved (223637 vox, 460 TRs)
[11:34:17]   sub-03 s03e21a: beta saved (223637 vox, 460 TRs)
[11:34:42]   sub-05 s03e21a: beta saved (223637 vox, 460 TRs)
[11:35:09]   sub-01 s03e21b: beta saved (223637 vox, 460 TRs)
[11:35:27]   sub-02 s03e21b: beta saved (223637 vox, 460 TRs)
[11:35:45]   sub-03 s03e21b: beta saved (223637 vox, 460 TRs)
[11:36:11]   sub-05 s03e21b: beta saved (223637 vox, 460 TRs)
[11:36:37]   sub-01 s03e22a: beta saved (223637 vox, 463 TRs)
[11:36:54]   sub-02 s03e22a: beta saved (223637 vox, 463 TRs)
[11:37:13]   sub-03 s03e22a: beta saved (223637 vox, 463 TRs)
[11:37:38]   sub-05 s03e22a: beta saved (223637 vox, 463 TRs)
[11:38:06]   sub-01 s03e22b: beta saved (223637 vox, 463 TRs)
[11:38:23]   sub-02 s03e22b: beta saved (223637 vox, 463 TRs)
[11:38:41]   sub-03 s03e22b: beta saved (223637 vox, 463 TRs)
[11:39:07]   sub-05 s03e22b: beta saved (223637 vox, 463 TRs)
[11:39:26]   sub-01 s03e23a: beta saved (223637 vox, 470 TRs)
[11:39:44]   sub-02 s03e23a: beta saved (223637 vox, 470 TRs)
[11:40:03]   sub-03 s03e23a: beta saved (223637 vox, 470 TRs)
[11:40:30]   sub-05 s03e23a: beta saved (223637 vox, 470 TRs)
[11:40:49]   sub-01 s03e23b: beta saved (223637 vox, 470 TRs)
[11:41:08]   sub-02 s03e23b: beta saved (223637 vox, 470 TRs)
[11:41:26]   sub-03 s03e23b: beta saved (223637 vox, 470 TRs)
[11:41:54]   sub-05 s03e23b: beta saved (223637 vox, 470 TRs)
[11:42:13]   sub-01 s03e24a: beta saved (223637 vox, 454 TRs)
[11:42:30]   sub-02 s03e24a: beta saved (223637 vox, 454 TRs)
[11:42:48]   sub-03 s03e24a: beta saved (223637 vox, 454 TRs)
[11:43:13]   sub-05 s03e24a: beta saved (223637 vox, 454 TRs)
[11:43:31]   sub-01 s03e24b: beta saved (223637 vox, 454 TRs)
[11:43:49]   sub-02 s03e24b: beta saved (223637 vox, 454 TRs)
[11:44:07]   sub-03 s03e24b: beta saved (223637 vox, 454 TRs)
[11:44:33]   sub-05 s03e24b: beta saved (223637 vox, 454 TRs)
[11:44:52]   sub-01 s03e25a: beta saved (223637 vox, 479 TRs)
[11:45:10]   sub-02 s03e25a: beta saved (223637 vox, 479 TRs)
[11:45:29]   sub-03 s03e25a: beta saved (223637 vox, 479 TRs)
[11:45:57]   sub-05 s03e25a: beta saved (223637 vox, 479 TRs)
[11:46:17]   sub-01 s03e25b: beta saved (223637 vox, 479 TRs)
[11:46:35]   sub-02 s03e25b: beta saved (223637 vox, 479 TRs)
[11:46:54]   sub-03 s03e25b: beta saved (223637 vox, 479 TRs)
[11:47:23]   sub-05 s03e25b: beta saved (223637 vox, 479 TRs)
[11:47:42]   sub-01 s04e02a: beta saved (223637 vox, 478 TRs)
[11:48:00]   sub-02 s04e02a: beta saved (223637 vox, 478 TRs)
[11:48:19]   sub-03 s04e02a: beta saved (223637 vox, 478 TRs)
[11:48:47]   sub-05 s04e02a: beta saved (223637 vox, 478 TRs)
[11:49:06]   sub-01 s04e02b: beta saved (223637 vox, 478 TRs)
[11:49:24]   sub-02 s04e02b: beta saved (223637 vox, 478 TRs)
[11:49:46]   sub-03 s04e02b: beta saved (223637 vox, 478 TRs)
[11:50:19]   sub-05 s04e02b: beta saved (223637 vox, 478 TRs)
[11:50:40]   sub-01 s04e03a: beta saved (223637 vox, 445 TRs)
[11:50:59]   sub-02 s04e03a: beta saved (223637 vox, 445 TRs)
[11:51:18]   sub-03 s04e03a: beta saved (223637 vox, 445 TRs)
[11:51:47]   sub-05 s04e03a: beta saved (223637 vox, 445 TRs)
[11:52:05]   sub-01 s04e03b: beta saved (223637 vox, 445 TRs)
[11:52:22]   sub-02 s04e03b: beta saved (223637 vox, 445 TRs)
[11:52:41]   sub-03 s04e03b: beta saved (223637 vox, 445 TRs)
[11:53:09]   sub-05 s04e03b: beta saved (223637 vox, 445 TRs)
[11:53:29]   sub-01 s04e04a: beta saved (223637 vox, 453 TRs)
[11:53:48]   sub-02 s04e04a: beta saved (223637 vox, 453 TRs)
[11:54:07]   sub-03 s04e04a: beta saved (223637 vox, 453 TRs)
[11:54:35]   sub-05 s04e04a: beta saved (223637 vox, 453 TRs)
[11:54:54]   sub-01 s04e04b: beta saved (223637 vox, 453 TRs)
[11:55:12]   sub-02 s04e04b: beta saved (223637 vox, 453 TRs)
[11:55:31]   sub-03 s04e04b: beta saved (223637 vox, 453 TRs)
[11:55:59]   sub-05 s04e04b: beta saved (223637 vox, 453 TRs)
[11:56:18]   sub-01 s04e05a: beta saved (223637 vox, 471 TRs)
[11:56:37]   sub-02 s04e05a: beta saved (223637 vox, 471 TRs)
[11:56:57]   sub-03 s04e05a: beta saved (223637 vox, 471 TRs)
[11:57:27]   sub-05 s04e05a: beta saved (223637 vox, 471 TRs)
[11:57:47]   sub-01 s04e05b: beta saved (223637 vox, 471 TRs)
[11:58:07]   sub-02 s04e05b: beta saved (223637 vox, 471 TRs)
[11:58:28]   sub-03 s04e05b: beta saved (223637 vox, 471 TRs)
[11:58:58]   sub-05 s04e05b: beta saved (223637 vox, 471 TRs)
[11:59:18]   sub-01 s04e06a: beta saved (223637 vox, 465 TRs)
[11:59:38]   sub-02 s04e06a: beta saved (223637 vox, 465 TRs)
[11:59:58]   sub-03 s04e06a: beta saved (223637 vox, 465 TRs)
[12:00:28]   sub-05 s04e06a: beta saved (223637 vox, 465 TRs)
[12:00:48]   sub-01 s04e06b: beta saved (223637 vox, 465 TRs)
[12:01:06]   sub-02 s04e06b: beta saved (223637 vox, 465 TRs)
[12:01:26]   sub-03 s04e06b: beta saved (223637 vox, 465 TRs)
[12:01:55]   sub-05 s04e06b: beta saved (223637 vox, 465 TRs)
[12:02:15]   sub-01 s04e07a: beta saved (223637 vox, 497 TRs)
[12:02:34]   sub-02 s04e07a: beta saved (223637 vox, 497 TRs)
[12:02:54]   sub-03 s04e07a: beta saved (223637 vox, 497 TRs)
[12:03:24]   sub-05 s04e07a: beta saved (223637 vox, 497 TRs)
[12:03:45]   sub-01 s04e07b: beta saved (223637 vox, 497 TRs)
[12:04:04]   sub-02 s04e07b: beta saved (223637 vox, 497 TRs)
[12:04:25]   sub-03 s04e07b: beta saved (223637 vox, 497 TRs)
[12:04:55]   sub-05 s04e07b: beta saved (223637 vox, 497 TRs)
[12:05:16]   sub-01 s04e08a: beta saved (223637 vox, 503 TRs)
[12:05:35]   sub-02 s04e08a: beta saved (223637 vox, 503 TRs)
[12:05:56]   sub-03 s04e08a: beta saved (223637 vox, 503 TRs)
[12:06:28]   sub-05 s04e08a: beta saved (223637 vox, 503 TRs)
[12:06:50]   sub-01 s04e08b: beta saved (223637 vox, 503 TRs)
[12:07:11]   sub-02 s04e08b: beta saved (223637 vox, 503 TRs)
[12:07:33]   sub-03 s04e08b: beta saved (223637 vox, 503 TRs)
[12:08:04]   sub-05 s04e08b: beta saved (223637 vox, 503 TRs)
[12:08:23]   sub-01 s04e09a: beta saved (223637 vox, 441 TRs)
[12:08:41]   sub-02 s04e09a: beta saved (223637 vox, 441 TRs)
[12:09:00]   sub-03 s04e09a: beta saved (223637 vox, 441 TRs)
[12:09:26]   sub-05 s04e09a: beta saved (223637 vox, 441 TRs)
[12:09:45]   sub-01 s04e09b: beta saved (223637 vox, 441 TRs)
[12:10:02]   sub-02 s04e09b: beta saved (223637 vox, 441 TRs)
[12:10:20]   sub-03 s04e09b: beta saved (223637 vox, 441 TRs)
[12:10:48]   sub-05 s04e09b: beta saved (223637 vox, 441 TRs)
[12:11:07]   sub-01 s04e10a: beta saved (223637 vox, 449 TRs)
[12:11:25]   sub-02 s04e10a: beta saved (223637 vox, 449 TRs)
[12:11:44]   sub-03 s04e10a: beta saved (223637 vox, 449 TRs)
[12:12:12]   sub-05 s04e10a: beta saved (223637 vox, 449 TRs)
[12:12:30]   sub-01 s04e10b: beta saved (223637 vox, 449 TRs)
[12:12:48]   sub-02 s04e10b: beta saved (223637 vox, 449 TRs)
[12:13:07]   sub-03 s04e10b: beta saved (223637 vox, 449 TRs)
[12:13:34]   sub-05 s04e10b: beta saved (223637 vox, 449 TRs)
[12:13:54]   sub-01 s04e11a: beta saved (223637 vox, 483 TRs)
[12:14:14]   sub-02 s04e11a: beta saved (223637 vox, 483 TRs)
[12:14:34]   sub-03 s04e11a: beta saved (223637 vox, 483 TRs)
[12:15:04]   sub-05 s04e11a: beta saved (223637 vox, 483 TRs)
[12:15:25]   sub-01 s04e11b: beta saved (223637 vox, 483 TRs)
[12:15:44]   sub-02 s04e11b: beta saved (223637 vox, 483 TRs)
[12:16:04]   sub-03 s04e11b: beta saved (223637 vox, 483 TRs)
[12:16:34]   sub-05 s04e11b: beta saved (223637 vox, 483 TRs)
[12:17:02]   sub-01 s04e12a: beta saved (223637 vox, 466 TRs)
[12:17:20]   sub-02 s04e12a: beta saved (223637 vox, 466 TRs)
[12:17:39]   sub-03 s04e12a: beta saved (223637 vox, 466 TRs)
[12:18:07]   sub-05 s04e12a: beta saved (223637 vox, 466 TRs)
[12:18:34]   sub-01 s04e12b: beta saved (223637 vox, 466 TRs)
[12:18:52]   sub-02 s04e12b: beta saved (223637 vox, 466 TRs)
[12:19:11]   sub-03 s04e12b: beta saved (223637 vox, 466 TRs)
[12:19:41]   sub-05 s04e12b: beta saved (223637 vox, 466 TRs)
[12:20:09]   sub-01 s04e14a: beta saved (223637 vox, 447 TRs)
[12:20:26]   sub-02 s04e14a: beta saved (223637 vox, 447 TRs)
[12:20:45]   sub-03 s04e14a: beta saved (223637 vox, 447 TRs)
[12:21:12]   sub-05 s04e14a: beta saved (223637 vox, 447 TRs)
[12:21:38]   sub-01 s04e14b: beta saved (223637 vox, 447 TRs)
[12:21:55]   sub-02 s04e14b: beta saved (223637 vox, 447 TRs)
[12:22:13]   sub-03 s04e14b: beta saved (223637 vox, 447 TRs)
[12:22:39]   sub-05 s04e14b: beta saved (223637 vox, 447 TRs)
[12:23:05]   sub-01 s04e15a: beta saved (223637 vox, 444 TRs)
[12:23:21]   sub-02 s04e15a: beta saved (223637 vox, 444 TRs)
[12:23:39]   sub-03 s04e15a: beta saved (223637 vox, 444 TRs)
[12:24:05]   sub-05 s04e15a: beta saved (223637 vox, 444 TRs)
[12:24:32]   sub-01 s04e15b: beta saved (223637 vox, 444 TRs)
[12:24:50]   sub-02 s04e15b: beta saved (223637 vox, 444 TRs)
[12:25:09]   sub-03 s04e15b: beta saved (223637 vox, 444 TRs)
[12:25:35]   sub-05 s04e15b: beta saved (223637 vox, 444 TRs)
[12:26:06]   sub-01 s04e16a: beta saved (223637 vox, 487 TRs)
[12:26:25]   sub-02 s04e16a: beta saved (223637 vox, 487 TRs)
[12:26:44]   sub-03 s04e16a: beta saved (223637 vox, 487 TRs)
[12:27:13]   sub-05 s04e16a: beta saved (223637 vox, 487 TRs)
[12:27:43]   sub-01 s04e16b: beta saved (223637 vox, 487 TRs)
[12:28:02]   sub-02 s04e16b: beta saved (223637 vox, 487 TRs)
[12:28:22]   sub-03 s04e16b: beta saved (223637 vox, 487 TRs)
[12:28:51]   sub-05 s04e16b: beta saved (223637 vox, 487 TRs)
[12:29:19]   sub-01 s04e17a: beta saved (223637 vox, 478 TRs)
[12:29:37]   sub-02 s04e17a: beta saved (223637 vox, 478 TRs)
[12:29:56]   sub-03 s04e17a: beta saved (223637 vox, 478 TRs)
[12:30:25]   sub-05 s04e17a: beta saved (223637 vox, 478 TRs)
[12:30:53]   sub-01 s04e17b: beta saved (223637 vox, 478 TRs)
[12:31:12]   sub-02 s04e17b: beta saved (223637 vox, 478 TRs)
[12:31:32]   sub-03 s04e17b: beta saved (223637 vox, 478 TRs)
[12:32:01]   sub-05 s04e17b: beta saved (223637 vox, 478 TRs)
[12:32:27]   sub-01 s04e18a: beta saved (223637 vox, 450 TRs)
[12:32:45]   sub-02 s04e18a: beta saved (223637 vox, 450 TRs)
[12:33:03]   sub-03 s04e18a: beta saved (223637 vox, 450 TRs)
[12:33:28]   sub-05 s04e18a: beta saved (223637 vox, 450 TRs)
[12:33:54]   sub-01 s04e18b: beta saved (223637 vox, 450 TRs)
[12:34:12]   sub-02 s04e18b: beta saved (223637 vox, 450 TRs)
[12:34:30]   sub-03 s04e18b: beta saved (223637 vox, 450 TRs)
[12:34:54]   sub-05 s04e18b: beta saved (223637 vox, 450 TRs)
[12:35:19]   sub-01 s04e19a: beta saved (223637 vox, 437 TRs)
[12:35:36]   sub-02 s04e19a: beta saved (223637 vox, 437 TRs)
[12:35:53]   sub-03 s04e19a: beta saved (223637 vox, 437 TRs)
[12:36:18]   sub-05 s04e19a: beta saved (223637 vox, 437 TRs)
[12:36:43]   sub-01 s04e19b: beta saved (223637 vox, 437 TRs)
[12:37:00]   sub-02 s04e19b: beta saved (223637 vox, 437 TRs)
[12:37:18]   sub-03 s04e19b: beta saved (223637 vox, 437 TRs)
[12:37:42]   sub-05 s04e19b: beta saved (223637 vox, 437 TRs)
[12:38:08]   sub-01 s04e20a: beta saved (223637 vox, 447 TRs)
[12:38:25]   sub-02 s04e20a: beta saved (223637 vox, 447 TRs)
[12:38:43]   sub-03 s04e20a: beta saved (223637 vox, 447 TRs)
[12:39:08]   sub-05 s04e20a: beta saved (223637 vox, 447 TRs)
[12:39:39]   sub-01 s04e20b: beta saved (223637 vox, 447 TRs)
[12:39:56]   sub-02 s04e20b: beta saved (223637 vox, 447 TRs)
[12:40:14]   sub-03 s04e20b: beta saved (223637 vox, 447 TRs)
[12:40:43]   sub-05 s04e20b: beta saved (223637 vox, 447 TRs)
[12:41:11]   sub-01 s04e21a: beta saved (223637 vox, 448 TRs)
[12:41:29]   sub-02 s04e21a: beta saved (223637 vox, 448 TRs)
[12:41:47]   sub-03 s04e21a: beta saved (223637 vox, 448 TRs)
[12:42:14]   sub-05 s04e21a: beta saved (223637 vox, 448 TRs)
[12:42:41]   sub-01 s04e21b: beta saved (223637 vox, 448 TRs)
[12:42:58]   sub-02 s04e21b: beta saved (223637 vox, 448 TRs)
[12:43:17]   sub-03 s04e21b: beta saved (223637 vox, 448 TRs)
[12:43:44]   sub-05 s04e21b: beta saved (223637 vox, 448 TRs)
[12:44:11]   sub-01 s04e22a: beta saved (223637 vox, 459 TRs)
[12:44:29]   sub-02 s04e22a: beta saved (223637 vox, 459 TRs)
[12:44:47]   sub-03 s04e22a: beta saved (223637 vox, 459 TRs)
[12:45:15]   sub-05 s04e22a: beta saved (223637 vox, 459 TRs)
[12:45:43]   sub-01 s04e22b: beta saved (223637 vox, 459 TRs)
[12:46:04]   sub-02 s04e22b: beta saved (223637 vox, 459 TRs)
[12:46:25]   sub-03 s04e22b: beta saved (223637 vox, 459 TRs)
[12:46:54]   sub-05 s04e22b: beta saved (223637 vox, 459 TRs)
[12:47:29]   sub-01 s04e23a: beta saved (223637 vox, 505 TRs)
[12:47:50]   sub-02 s04e23a: beta saved (223637 vox, 505 TRs)
[12:48:12]   sub-03 s04e23a: beta saved (223637 vox, 505 TRs)
[12:48:44]   sub-05 s04e23a: beta saved (223637 vox, 505 TRs)
[12:49:24]   sub-01 s04e23b: beta saved (223637 vox, 504 TRs)
[12:49:51]   sub-02 s04e23b: beta saved (223637 vox, 504 TRs)
[12:50:16]   sub-03 s04e23b: beta saved (223637 vox, 504 TRs)
[12:50:51]   sub-05 s04e23b: beta saved (223637 vox, 504 TRs)
[12:51:28]   sub-01 s04e23c: beta saved (223637 vox, 504 TRs)
[12:51:50]   sub-02 s04e23c: beta saved (223637 vox, 504 TRs)
[12:52:12]   sub-03 s04e23c: beta saved (223637 vox, 504 TRs)
[12:52:46]   sub-05 s04e23c: beta saved (223637 vox, 504 TRs)
[12:54:27]   sub-01 s04e23d: beta saved (223637 vox, 504 TRs)
[12:54:49]   sub-02 s04e23d: beta saved (223637 vox, 504 TRs)
[12:55:12]   sub-03 s04e23d: beta saved (223637 vox, 504 TRs)
[12:55:44]   sub-05 s04e23d: beta saved (223637 vox, 504 TRs)
[12:56:11]   sub-01 s05e01a: beta saved (223637 vox, 439 TRs)
[12:56:29]   sub-02 s05e01a: beta saved (223637 vox, 439 TRs)
[12:56:58]   sub-03 s05e01a: beta saved (223637 vox, 439 TRs)
[12:57:31]   sub-05 s05e01a: beta saved (223637 vox, 439 TRs)
[12:58:02]   sub-01 s05e01b: beta saved (223637 vox, 474 TRs)
[12:58:22]   sub-02 s05e01b: beta saved (223637 vox, 474 TRs)
[12:58:52]   sub-03 s05e01b: beta saved (223637 vox, 474 TRs)
[12:59:21]   sub-05 s05e01b: beta saved (223637 vox, 474 TRs)
[12:59:54]   sub-01 s05e02a: beta saved (223637 vox, 495 TRs)
[13:00:15]   sub-02 s05e02a: beta saved (223637 vox, 495 TRs)
[13:00:48]   sub-03 s05e02a: beta saved (223637 vox, 495 TRs)
[13:01:21]   sub-05 s05e02a: beta saved (223637 vox, 495 TRs)
[13:01:57]   sub-01 s05e02b: beta saved (223637 vox, 531 TRs)
[13:02:21]   sub-02 s05e02b: beta saved (223637 vox, 531 TRs)
[13:02:56]   sub-03 s05e02b: beta saved (223637 vox, 531 TRs)
[13:03:30]   sub-05 s05e02b: beta saved (223637 vox, 531 TRs)
[13:03:58]   sub-01 s05e03a: beta saved (223637 vox, 444 TRs)
[13:04:16]   sub-02 s05e03a: beta saved (223637 vox, 444 TRs)
[13:04:35]   sub-03 s05e03a: beta saved (223637 vox, 444 TRs)
[13:05:02]   sub-05 s05e03a: beta saved (223637 vox, 444 TRs)
[13:05:32]   sub-01 s05e03b: beta saved (223637 vox, 474 TRs)
[13:05:51]   sub-02 s05e03b: beta saved (223637 vox, 474 TRs)
[13:06:10]   sub-03 s05e03b: beta saved (223637 vox, 474 TRs)
[13:06:41]   sub-05 s05e03b: beta saved (223637 vox, 474 TRs)
[13:07:12]   sub-01 s05e04a: beta saved (223637 vox, 488 TRs)
[13:07:31]   sub-02 s05e04a: beta saved (223637 vox, 488 TRs)
[13:07:52]   sub-03 s05e04a: beta saved (223637 vox, 488 TRs)
[13:08:22]   sub-05 s05e04a: beta saved (223637 vox, 488 TRs)
[13:08:56]   sub-01 s05e04b: beta saved (223637 vox, 524 TRs)
[13:09:17]   sub-02 s05e04b: beta saved (223637 vox, 524 TRs)
[13:09:40]   sub-03 s05e04b: beta saved (223637 vox, 524 TRs)
[13:10:12]   sub-05 s05e04b: beta saved (223637 vox, 524 TRs)
[13:10:43]   sub-01 s05e05a: beta saved (223637 vox, 486 TRs)
[13:11:03]   sub-02 s05e05a: beta saved (223637 vox, 486 TRs)
[13:11:23]   sub-03 s05e05a: beta saved (223637 vox, 486 TRs)
[13:11:53]   sub-05 s05e05a: beta saved (223637 vox, 486 TRs)
[13:12:26]   sub-01 s05e05b: beta saved (223637 vox, 521 TRs)
[13:12:47]   sub-02 s05e05b: beta saved (223637 vox, 521 TRs)
[13:13:09]   sub-03 s05e05b: beta saved (223637 vox, 521 TRs)
[13:13:46]   sub-05 s05e05b: beta saved (223637 vox, 521 TRs)
[13:14:14]   sub-01 s05e06a: beta saved (223637 vox, 459 TRs)
[13:14:34]   sub-02 s05e06a: beta saved (223637 vox, 459 TRs)
[13:14:53]   sub-03 s05e06a: beta saved (223637 vox, 459 TRs)
[13:15:21]   sub-05 s05e06a: beta saved (223637 vox, 459 TRs)
[13:15:51]   sub-01 s05e06b: beta saved (223637 vox, 493 TRs)
[13:16:11]   sub-02 s05e06b: beta saved (223637 vox, 493 TRs)
[13:16:31]   sub-03 s05e06b: beta saved (223637 vox, 493 TRs)
[13:17:02]   sub-05 s05e06b: beta saved (223637 vox, 493 TRs)
[13:17:29]   sub-01 s05e07a: beta saved (223637 vox, 459 TRs)
[13:17:55]   sub-02 s05e07a: beta saved (223637 vox, 459 TRs)
[13:18:13]   sub-03 s05e07a: beta saved (223637 vox, 459 TRs)
[13:18:40]   sub-05 s05e07a: beta saved (223637 vox, 459 TRs)
[13:19:08]   sub-01 s05e07b: beta saved (223637 vox, 493 TRs)
[13:19:38]   sub-02 s05e07b: beta saved (223637 vox, 493 TRs)
[13:19:58]   sub-03 s05e07b: beta saved (223637 vox, 493 TRs)
[13:20:29]   sub-05 s05e07b: beta saved (223637 vox, 493 TRs)
[13:20:56]   sub-01 s05e08a: beta saved (223637 vox, 446 TRs)
[13:21:21]   sub-02 s05e08a: beta saved (223637 vox, 446 TRs)
[13:21:39]   sub-03 s05e08a: beta saved (223637 vox, 446 TRs)
[13:22:05]   sub-05 s05e08a: beta saved (223637 vox, 446 TRs)
[13:22:35]   sub-01 s05e08b: beta saved (223637 vox, 480 TRs)
[13:23:02]   sub-02 s05e08b: beta saved (223637 vox, 480 TRs)
[13:23:21]   sub-03 s05e08b: beta saved (223637 vox, 480 TRs)
[13:23:50]   sub-05 s05e08b: beta saved (223637 vox, 480 TRs)
[13:24:17]   sub-01 s05e09a: beta saved (223637 vox, 456 TRs)
[13:24:43]   sub-02 s05e09a: beta saved (223637 vox, 456 TRs)
[13:25:01]   sub-03 s05e09a: beta saved (223637 vox, 456 TRs)
[13:25:28]   sub-05 s05e09a: beta saved (223637 vox, 456 TRs)
[13:25:58]   sub-01 s05e09b: beta saved (223637 vox, 490 TRs)
[13:26:26]   sub-02 s05e09b: beta saved (223637 vox, 490 TRs)
[13:26:46]   sub-03 s05e09b: beta saved (223637 vox, 490 TRs)
[13:27:15]   sub-05 s05e09b: beta saved (223637 vox, 490 TRs)
[13:27:41]   sub-01 s05e10a: beta saved (223637 vox, 450 TRs)
[13:28:06]   sub-02 s05e10a: beta saved (223637 vox, 450 TRs)
[13:28:25]   sub-03 s05e10a: beta saved (223637 vox, 450 TRs)
[13:28:51]   sub-05 s05e10a: beta saved (223637 vox, 450 TRs)
[13:29:19]   sub-01 s05e10b: beta saved (223637 vox, 484 TRs)
[13:29:47]   sub-02 s05e10b: beta saved (223637 vox, 484 TRs)
[13:30:06]   sub-03 s05e10b: beta saved (223637 vox, 484 TRs)
[13:30:36]   sub-05 s05e10b: beta saved (223637 vox, 484 TRs)
[13:31:04]   sub-01 s05e11a: beta saved (223637 vox, 476 TRs)
[13:31:31]   sub-02 s05e11a: beta saved (223637 vox, 476 TRs)
[13:31:59]   sub-03 s05e11a: beta saved (223637 vox, 476 TRs)
[13:32:27]   sub-05 s05e11a: beta saved (223637 vox, 476 TRs)
[13:32:57]   sub-01 s05e11b: beta saved (223637 vox, 511 TRs)
[13:33:27]   sub-02 s05e11b: beta saved (223637 vox, 511 TRs)
[13:33:59]   sub-03 s05e11b: beta saved (223637 vox, 511 TRs)
[13:34:29]   sub-05 s05e11b: beta saved (223637 vox, 511 TRs)
[13:34:56]   sub-01 s05e12a: beta saved (223637 vox, 445 TRs)
[13:35:21]   sub-02 s05e12a: beta saved (223637 vox, 445 TRs)
[13:35:47]   sub-03 s05e12a: beta saved (223637 vox, 445 TRs)
[13:36:13]   sub-05 s05e12a: beta saved (223637 vox, 445 TRs)
[13:36:42]   sub-01 s05e12b: beta saved (223637 vox, 480 TRs)
[13:37:10]   sub-02 s05e12b: beta saved (223637 vox, 480 TRs)
[13:37:39]   sub-03 s05e12b: beta saved (223637 vox, 480 TRs)
[13:38:09]   sub-05 s05e12b: beta saved (223637 vox, 480 TRs)
[13:38:36]   sub-01 s05e13a: beta saved (223637 vox, 460 TRs)
[13:39:02]   sub-02 s05e13a: beta saved (223637 vox, 460 TRs)
[13:39:29]   sub-03 s05e13a: beta saved (223637 vox, 460 TRs)
[13:39:56]   sub-05 s05e13a: beta saved (223637 vox, 460 TRs)
[13:40:26]   sub-01 s05e13b: beta saved (223637 vox, 494 TRs)
[13:40:54]   sub-02 s05e13b: beta saved (223637 vox, 494 TRs)
[13:41:23]   sub-03 s05e13b: beta saved (223637 vox, 494 TRs)
[13:41:53]   sub-05 s05e13b: beta saved (223637 vox, 494 TRs)
[13:42:22]   sub-01 s05e14a: beta saved (223637 vox, 486 TRs)
[13:42:50]   sub-02 s05e14a: beta saved (223637 vox, 486 TRs)
[13:43:19]   sub-03 s05e14a: beta saved (223637 vox, 486 TRs)
[13:43:49]   sub-05 s05e14a: beta saved (223637 vox, 486 TRs)
[13:44:21]   sub-01 s05e14b: beta saved (223637 vox, 520 TRs)
[13:44:51]   sub-02 s05e14b: beta saved (223637 vox, 520 TRs)
[13:45:24]   sub-03 s05e14b: beta saved (223637 vox, 520 TRs)
[13:45:56]   sub-05 s05e14b: beta saved (223637 vox, 520 TRs)
[13:46:23]   sub-01 s05e15a: beta saved (223637 vox, 443 TRs)
[13:46:48]   sub-02 s05e15a: beta saved (223637 vox, 443 TRs)
[13:47:14]   sub-03 s05e15a: beta saved (223637 vox, 443 TRs)
[13:47:40]   sub-05 s05e15a: beta saved (223637 vox, 443 TRs)
[13:48:08]   sub-01 s05e15b: beta saved (223637 vox, 477 TRs)
[13:48:37]   sub-02 s05e15b: beta saved (223637 vox, 477 TRs)
[13:49:06]   sub-03 s05e15b: beta saved (223637 vox, 477 TRs)
[13:49:35]   sub-05 s05e15b: beta saved (223637 vox, 477 TRs)
[13:50:04]   sub-01 s05e16a: beta saved (223637 vox, 485 TRs)
[13:50:32]   sub-02 s05e16a: beta saved (223637 vox, 485 TRs)
[13:51:00]   sub-03 s05e16a: beta saved (223637 vox, 485 TRs)
[13:51:29]   sub-05 s05e16a: beta saved (223637 vox, 485 TRs)
[13:52:02]   sub-01 s05e16b: beta saved (223637 vox, 519 TRs)
[13:52:32]   sub-02 s05e16b: beta saved (223637 vox, 519 TRs)
[13:53:02]   sub-03 s05e16b: beta saved (223637 vox, 519 TRs)
[13:53:34]   sub-05 s05e16b: beta saved (223637 vox, 519 TRs)
[13:54:00]   sub-01 s05e17a: beta saved (223637 vox, 452 TRs)
[13:54:25]   sub-02 s05e17a: beta saved (223637 vox, 452 TRs)
[13:54:52]   sub-03 s05e17a: beta saved (223637 vox, 452 TRs)
[13:55:17]   sub-05 s05e17a: beta saved (223637 vox, 452 TRs)
[13:55:48]   sub-01 s05e17b: beta saved (223637 vox, 486 TRs)
[13:56:16]   sub-02 s05e17b: beta saved (223637 vox, 486 TRs)
[13:56:45]   sub-03 s05e17b: beta saved (223637 vox, 486 TRs)
[13:57:13]   sub-05 s05e17b: beta saved (223637 vox, 486 TRs)
[13:57:44]   sub-01 s05e18a: beta saved (223637 vox, 501 TRs)
[13:58:14]   sub-02 s05e18a: beta saved (223637 vox, 501 TRs)
[13:58:43]   sub-03 s05e18a: beta saved (223637 vox, 501 TRs)
[13:59:13]   sub-05 s05e18a: beta saved (223637 vox, 501 TRs)
[13:59:46]   sub-01 s05e18b: beta saved (223637 vox, 535 TRs)
[14:00:16]   sub-02 s05e18b: beta saved (223637 vox, 535 TRs)
[14:00:54]   sub-03 s05e18b: beta saved (223637 vox, 535 TRs)
[14:01:26]   sub-05 s05e18b: beta saved (223637 vox, 535 TRs)
[14:01:53]   sub-01 s05e19a: beta saved (223637 vox, 446 TRs)
[14:02:18]   sub-02 s05e19a: beta saved (223637 vox, 446 TRs)
[14:02:45]   sub-03 s05e19a: beta saved (223637 vox, 446 TRs)
[14:03:11]   sub-05 s05e19a: beta saved (223637 vox, 446 TRs)
[14:03:40]   sub-01 s05e19b: beta saved (223637 vox, 480 TRs)
[14:04:08]   sub-02 s05e19b: beta saved (223637 vox, 480 TRs)
[14:04:37]   sub-03 s05e19b: beta saved (223637 vox, 480 TRs)
[14:05:05]   sub-05 s05e19b: beta saved (223637 vox, 480 TRs)
[14:05:32]   sub-01 s05e21a: beta saved (223637 vox, 444 TRs)
[14:05:57]   sub-02 s05e21a: beta saved (223637 vox, 444 TRs)
[14:06:23]   sub-03 s05e21a: beta saved (223637 vox, 444 TRs)
[14:06:49]   sub-05 s05e21a: beta saved (223637 vox, 444 TRs)
[14:07:18]   sub-01 s05e21b: beta saved (223637 vox, 478 TRs)
[14:07:46]   sub-02 s05e21b: beta saved (223637 vox, 478 TRs)
[14:08:14]   sub-03 s05e21b: beta saved (223637 vox, 478 TRs)
[14:08:42]   sub-05 s05e21b: beta saved (223637 vox, 478 TRs)
[14:09:09]   sub-01 s05e22a: beta saved (223637 vox, 450 TRs)
[14:09:35]   sub-02 s05e22a: beta saved (223637 vox, 450 TRs)
[14:10:01]   sub-03 s05e22a: beta saved (223637 vox, 450 TRs)
[14:10:28]   sub-05 s05e22a: beta saved (223637 vox, 450 TRs)
[14:10:57]   sub-01 s05e22b: beta saved (223637 vox, 484 TRs)
[14:11:24]   sub-02 s05e22b: beta saved (223637 vox, 484 TRs)
[14:11:54]   sub-03 s05e22b: beta saved (223637 vox, 484 TRs)
[14:12:22]   sub-05 s05e22b: beta saved (223637 vox, 484 TRs)
[14:12:49]   sub-01 s05e23a: beta saved (223637 vox, 454 TRs)
[14:13:14]   sub-02 s05e23a: beta saved (223637 vox, 454 TRs)
[14:13:41]   sub-03 s05e23a: beta saved (223637 vox, 454 TRs)
[14:14:08]   sub-05 s05e23a: beta saved (223637 vox, 454 TRs)
[14:14:35]   sub-01 s05e23b: beta saved (223637 vox, 458 TRs)
[14:15:01]   sub-02 s05e23b: beta saved (223637 vox, 458 TRs)
[14:15:28]   sub-03 s05e23b: beta saved (223637 vox, 458 TRs)
[14:15:56]   sub-05 s05e23b: beta saved (223637 vox, 458 TRs)
[14:16:23]   sub-01 s05e23c: beta saved (223637 vox, 458 TRs)
[14:16:49]   sub-02 s05e23c: beta saved (223637 vox, 458 TRs)
[14:17:15]   sub-03 s05e23c: beta saved (223637 vox, 458 TRs)
[14:17:41]   sub-05 s05e23c: beta saved (223637 vox, 458 TRs)
[14:18:10]   sub-01 s05e23d: beta saved (223637 vox, 488 TRs)
[14:18:38]   sub-02 s05e23d: beta saved (223637 vox, 488 TRs)
[14:19:06]   sub-03 s05e23d: beta saved (223637 vox, 488 TRs)
[14:19:36]   sub-05 s05e23d: beta saved (223637 vox, 488 TRs)
[14:20:03]   sub-01 s06e01a: beta saved (223637 vox, 465 TRs)
[14:20:28]   sub-02 s06e01a: beta saved (223637 vox, 465 TRs)
[14:20:55]   sub-03 s06e01a: beta saved (223637 vox, 465 TRs)
[14:21:23]   sub-05 s06e01a: beta saved (223637 vox, 465 TRs)
[14:21:53]   sub-01 s06e01b: beta saved (223637 vox, 499 TRs)
[14:22:21]   sub-02 s06e01b: beta saved (223637 vox, 499 TRs)
[14:22:50]   sub-03 s06e01b: beta saved (223637 vox, 499 TRs)
[14:23:20]   sub-05 s06e01b: beta saved (223637 vox, 499 TRs)
[14:23:47]   sub-01 s06e02a: beta saved (223637 vox, 453 TRs)
[14:24:13]   sub-02 s06e02a: beta saved (223637 vox, 453 TRs)
[14:24:40]   sub-03 s06e02a: beta saved (223637 vox, 453 TRs)
[14:25:06]   sub-05 s06e02a: beta saved (223637 vox, 453 TRs)
[14:25:35]   sub-01 s06e02b: beta saved (223637 vox, 487 TRs)
[14:26:03]   sub-02 s06e02b: beta saved (223637 vox, 487 TRs)
[14:26:33]   sub-03 s06e02b: beta saved (223637 vox, 487 TRs)
[14:27:02]   sub-05 s06e02b: beta saved (223637 vox, 487 TRs)
[14:27:28]   sub-01 s06e04a: beta saved (223637 vox, 439 TRs)
[14:27:52]   sub-02 s06e04a: beta saved (223637 vox, 439 TRs)
[14:28:18]   sub-03 s06e04a: beta saved (223637 vox, 439 TRs)
[14:28:44]   sub-05 s06e04a: beta saved (223637 vox, 439 TRs)
[14:29:12]   sub-01 s06e04b: beta saved (223637 vox, 474 TRs)
[14:29:39]   sub-02 s06e04b: beta saved (223637 vox, 474 TRs)
[14:30:07]   sub-03 s06e04b: beta saved (223637 vox, 474 TRs)
[14:30:35]   sub-05 s06e04b: beta saved (223637 vox, 474 TRs)
[14:31:01]   sub-01 s06e05a: beta saved (223637 vox, 452 TRs)
[14:31:25]   sub-02 s06e05a: beta saved (223637 vox, 452 TRs)
[14:31:52]   sub-03 s06e05a: beta saved (223637 vox, 452 TRs)
[14:32:17]   sub-05 s06e05a: beta saved (223637 vox, 452 TRs)
[14:32:46]   sub-01 s06e05b: beta saved (223637 vox, 486 TRs)
[14:33:13]   sub-02 s06e05b: beta saved (223637 vox, 486 TRs)
[14:33:42]   sub-03 s06e05b: beta saved (223637 vox, 486 TRs)
[14:34:10]   sub-05 s06e05b: beta saved (223637 vox, 486 TRs)
[14:34:37]   sub-01 s06e06a: beta saved (223637 vox, 443 TRs)
[14:35:01]   sub-02 s06e06a: beta saved (223637 vox, 443 TRs)
[14:35:26]   sub-03 s06e06a: beta saved (223637 vox, 443 TRs)
[14:35:52]   sub-05 s06e06a: beta saved (223637 vox, 443 TRs)
[14:36:21]   sub-01 s06e06b: beta saved (223637 vox, 478 TRs)
[14:36:49]   sub-02 s06e06b: beta saved (223637 vox, 478 TRs)
[14:37:18]   sub-03 s06e06b: beta saved (223637 vox, 478 TRs)
[14:37:47]   sub-05 s06e06b: beta saved (223637 vox, 478 TRs)
[14:38:13]   sub-01 s06e07a: beta saved (223637 vox, 445 TRs)
[14:38:38]   sub-02 s06e07a: beta saved (223637 vox, 445 TRs)
[14:39:04]   sub-03 s06e07a: beta saved (223637 vox, 445 TRs)
[14:39:30]   sub-05 s06e07a: beta saved (223637 vox, 445 TRs)
[14:39:59]   sub-01 s06e07b: beta saved (223637 vox, 479 TRs)
[14:40:26]   sub-02 s06e07b: beta saved (223637 vox, 479 TRs)
[14:40:55]   sub-03 s06e07b: beta saved (223637 vox, 479 TRs)
[14:41:22]   sub-05 s06e07b: beta saved (223637 vox, 479 TRs)
[14:41:48]   sub-01 s06e08a: beta saved (223637 vox, 438 TRs)
[14:42:11]   sub-02 s06e08a: beta saved (223637 vox, 438 TRs)
[14:42:38]   sub-03 s06e08a: beta saved (223637 vox, 438 TRs)
[14:43:04]   sub-05 s06e08a: beta saved (223637 vox, 438 TRs)
[14:43:34]   sub-01 s06e08b: beta saved (223637 vox, 472 TRs)
[14:44:01]   sub-02 s06e08b: beta saved (223637 vox, 472 TRs)
[14:44:29]   sub-03 s06e08b: beta saved (223637 vox, 472 TRs)
[14:44:57]   sub-05 s06e08b: beta saved (223637 vox, 472 TRs)
[14:45:27]   sub-01 s06e09a: beta saved (223637 vox, 504 TRs)
[14:45:58]   sub-02 s06e09a: beta saved (223637 vox, 504 TRs)
[14:46:29]   sub-03 s06e09a: beta saved (223637 vox, 504 TRs)
[14:46:59]   sub-05 s06e09a: beta saved (223637 vox, 504 TRs)
[14:47:33]   sub-01 s06e09b: beta saved (223637 vox, 537 TRs)
[14:48:04]   sub-02 s06e09b: beta saved (223637 vox, 537 TRs)
[14:48:38]   sub-03 s06e09b: beta saved (223637 vox, 537 TRs)
[14:49:12]   sub-05 s06e09b: beta saved (223637 vox, 537 TRs)
[14:49:40]   sub-01 s06e10a: beta saved (223637 vox, 466 TRs)
[14:50:07]   sub-02 s06e10a: beta saved (223637 vox, 466 TRs)
[14:50:37]   sub-03 s06e10a: beta saved (223637 vox, 466 TRs)
[14:51:04]   sub-05 s06e10a: beta saved (223637 vox, 466 TRs)
[14:51:34]   sub-01 s06e10b: beta saved (223637 vox, 500 TRs)
[14:52:03]   sub-02 s06e10b: beta saved (223637 vox, 500 TRs)
[14:52:33]   sub-03 s06e10b: beta saved (223637 vox, 500 TRs)
[14:53:03]   sub-05 s06e10b: beta saved (223637 vox, 500 TRs)
[14:53:30]   sub-01 s06e11a: beta saved (223637 vox, 450 TRs)
[14:53:56]   sub-02 s06e11a: beta saved (223637 vox, 450 TRs)
[14:54:23]   sub-03 s06e11a: beta saved (223637 vox, 450 TRs)
[14:54:49]   sub-05 s06e11a: beta saved (223637 vox, 450 TRs)
[14:55:19]   sub-01 s06e11b: beta saved (223637 vox, 484 TRs)
[14:55:47]   sub-02 s06e11b: beta saved (223637 vox, 484 TRs)
[14:56:16]   sub-03 s06e11b: beta saved (223637 vox, 484 TRs)
[14:56:44]   sub-05 s06e11b: beta saved (223637 vox, 484 TRs)
[14:57:10]   sub-01 s06e12a: beta saved (223637 vox, 435 TRs)
[14:57:34]   sub-02 s06e12a: beta saved (223637 vox, 435 TRs)
[14:57:59]   sub-03 s06e12a: beta saved (223637 vox, 435 TRs)
[14:58:24]   sub-05 s06e12a: beta saved (223637 vox, 435 TRs)
[14:58:52]   sub-01 s06e12b: beta saved (223637 vox, 470 TRs)
[14:59:19]   sub-02 s06e12b: beta saved (223637 vox, 470 TRs)
[14:59:46]   sub-03 s06e12b: beta saved (223637 vox, 470 TRs)
[15:00:13]   sub-05 s06e12b: beta saved (223637 vox, 470 TRs)
[15:00:41]   sub-01 s06e13a: beta saved (223637 vox, 470 TRs)
[15:01:08]   sub-02 s06e13a: beta saved (223637 vox, 470 TRs)
[15:01:36]   sub-03 s06e13a: beta saved (223637 vox, 470 TRs)
[15:02:04]   sub-05 s06e13a: beta saved (223637 vox, 470 TRs)
[15:02:35]   sub-01 s06e13b: beta saved (223637 vox, 504 TRs)
[15:03:04]   sub-02 s06e13b: beta saved (223637 vox, 504 TRs)
[15:03:35]   sub-03 s06e13b: beta saved (223637 vox, 504 TRs)
[15:04:06]   sub-05 s06e13b: beta saved (223637 vox, 504 TRs)
[15:04:34]   sub-01 s06e14a: beta saved (223637 vox, 461 TRs)
[15:05:00]   sub-02 s06e14a: beta saved (223637 vox, 461 TRs)
[15:05:27]   sub-03 s06e14a: beta saved (223637 vox, 461 TRs)
[15:05:54]   sub-05 s06e14a: beta saved (223637 vox, 461 TRs)
[15:06:24]   sub-01 s06e14b: beta saved (223637 vox, 495 TRs)
[15:06:54]   sub-03 s06e14b: beta saved (223637 vox, 495 TRs)
[15:07:23]   sub-05 s06e14b: beta saved (223637 vox, 495 TRs)
[15:07:50]   sub-01 s06e15a: beta saved (223637 vox, 456 TRs)
[15:08:15]   sub-02 s06e15a: beta saved (223637 vox, 456 TRs)
[15:08:43]   sub-03 s06e15a: beta saved (223637 vox, 456 TRs)
[15:09:10]   sub-05 s06e15a: beta saved (223637 vox, 456 TRs)
[15:09:37]   sub-01 s06e15b: beta saved (223637 vox, 460 TRs)
[15:10:02]   sub-02 s06e15b: beta saved (223637 vox, 460 TRs)
[15:10:30]   sub-03 s06e15b: beta saved (223637 vox, 460 TRs)
[15:10:57]   sub-05 s06e15b: beta saved (223637 vox, 460 TRs)
[15:11:25]   sub-01 s06e15c: beta saved (223637 vox, 460 TRs)
[15:11:51]   sub-02 s06e15c: beta saved (223637 vox, 460 TRs)
[15:12:18]   sub-03 s06e15c: beta saved (223637 vox, 460 TRs)
[15:12:45]   sub-05 s06e15c: beta saved (223637 vox, 460 TRs)
[15:13:13]   sub-01 s06e15d: beta saved (223637 vox, 490 TRs)
[15:13:42]   sub-02 s06e15d: beta saved (223637 vox, 490 TRs)
[15:14:11]   sub-03 s06e15d: beta saved (223637 vox, 490 TRs)
[15:14:41]   sub-05 s06e15d: beta saved (223637 vox, 490 TRs)
[15:15:06]   sub-01 s06e17a: beta saved (223637 vox, 428 TRs)
[15:15:30]   sub-02 s06e17a: beta saved (223637 vox, 428 TRs)
[15:15:54]   sub-03 s06e17a: beta saved (223637 vox, 428 TRs)
[15:16:19]   sub-05 s06e17a: beta saved (223637 vox, 428 TRs)
[15:16:47]   sub-01 s06e17b: beta saved (223637 vox, 462 TRs)
[15:17:13]   sub-02 s06e17b: beta saved (223637 vox, 462 TRs)
[15:17:40]   sub-03 s06e17b: beta saved (223637 vox, 462 TRs)
[15:18:07]   sub-05 s06e17b: beta saved (223637 vox, 462 TRs)
[15:18:33]   sub-01 s06e18a: beta saved (223637 vox, 435 TRs)
[15:18:57]   sub-02 s06e18a: beta saved (223637 vox, 435 TRs)
[15:19:23]   sub-03 s06e18a: beta saved (223637 vox, 435 TRs)
[15:19:48]   sub-05 s06e18a: beta saved (223637 vox, 435 TRs)
[15:20:15]   sub-01 s06e18b: beta saved (223637 vox, 470 TRs)
[15:20:42]   sub-02 s06e18b: beta saved (223637 vox, 470 TRs)
[15:21:10]   sub-03 s06e18b: beta saved (223637 vox, 470 TRs)
[15:21:38]   sub-05 s06e18b: beta saved (223637 vox, 470 TRs)
[15:22:03]   sub-01 s06e19a: beta saved (223637 vox, 434 TRs)
[15:22:27]   sub-02 s06e19a: beta saved (223637 vox, 434 TRs)
[15:22:52]   sub-03 s06e19a: beta saved (223637 vox, 434 TRs)
[15:23:17]   sub-05 s06e19a: beta saved (223637 vox, 434 TRs)
[15:23:46]   sub-01 s06e19b: beta saved (223637 vox, 468 TRs)
[15:24:14]   sub-02 s06e19b: beta saved (223637 vox, 468 TRs)
[15:24:42]   sub-03 s06e19b: beta saved (223637 vox, 468 TRs)
[15:25:09]   sub-05 s06e19b: beta saved (223637 vox, 468 TRs)
[15:25:34]   sub-01 s06e20a: beta saved (223637 vox, 431 TRs)
[15:25:58]   sub-02 s06e20a: beta saved (223637 vox, 431 TRs)
[15:26:23]   sub-03 s06e20a: beta saved (223637 vox, 431 TRs)
[15:26:48]   sub-05 s06e20a: beta saved (223637 vox, 431 TRs)
[15:27:15]   sub-01 s06e20b: beta saved (223637 vox, 465 TRs)
[15:27:41]   sub-02 s06e20b: beta saved (223637 vox, 465 TRs)
[15:28:08]   sub-03 s06e20b: beta saved (223637 vox, 465 TRs)
[15:28:36]   sub-05 s06e20b: beta saved (223637 vox, 465 TRs)
[15:29:02]   sub-01 s06e21a: beta saved (223637 vox, 460 TRs)
[15:29:29]   sub-02 s06e21a: beta saved (223637 vox, 460 TRs)
[15:29:56]   sub-03 s06e21a: beta saved (223637 vox, 460 TRs)
[15:30:23]   sub-05 s06e21a: beta saved (223637 vox, 460 TRs)
[15:30:53]   sub-01 s06e21b: beta saved (223637 vox, 494 TRs)
[15:31:22]   sub-02 s06e21b: beta saved (223637 vox, 494 TRs)
[15:31:51]   sub-03 s06e21b: beta saved (223637 vox, 494 TRs)
[15:32:20]   sub-05 s06e21b: beta saved (223637 vox, 494 TRs)
[15:32:47]   sub-01 s06e22a: beta saved (223637 vox, 452 TRs)
[15:33:13]   sub-02 s06e22a: beta saved (223637 vox, 452 TRs)
[15:33:40]   sub-03 s06e22a: beta saved (223637 vox, 452 TRs)
[15:34:07]   sub-05 s06e22a: beta saved (223637 vox, 452 TRs)
[15:34:36]   sub-01 s06e22b: beta saved (223637 vox, 486 TRs)
[15:35:04]   sub-02 s06e22b: beta saved (223637 vox, 486 TRs)
[15:35:33]   sub-03 s06e22b: beta saved (223637 vox, 486 TRs)
[15:36:02]   sub-05 s06e22b: beta saved (223637 vox, 486 TRs)
[15:36:31]   sub-01 s06e23a: beta saved (223637 vox, 486 TRs)
[15:36:59]   sub-02 s06e23a: beta saved (223637 vox, 486 TRs)
[15:37:28]   sub-03 s06e23a: beta saved (223637 vox, 486 TRs)
[15:37:57]   sub-05 s06e23a: beta saved (223637 vox, 486 TRs)
[15:38:30]   sub-01 s06e23b: beta saved (223637 vox, 520 TRs)
[15:39:00]   sub-02 s06e23b: beta saved (223637 vox, 520 TRs)
[15:39:31]   sub-03 s06e23b: beta saved (223637 vox, 520 TRs)
[15:40:02]   sub-05 s06e23b: beta saved (223637 vox, 520 TRs)
[15:40:02] First-level complete. betas on disk: 1111
[15:40:04] Second-level: 278 episodes × 223637 voxels
[15:40:05] Saved group_tmap.nii.gz + fig_glm_contrast_voxelwise.png (|t|>3 voxels: 136555)
[15:40:05] === done ===
[03:34:52] === voxelwise GLM [motion] start ===
[03:34:53] First-level [motion]: 278 episodes × up to 4 subjects
[03:35:27]   sub-01 s01e02a: beta saved (223637 vox, 472 TRs)
[03:35:47]   sub-02 s01e02a: beta saved (223637 vox, 472 TRs)
[03:36:08]   sub-03 s01e02a: beta saved (223637 vox, 472 TRs)
[03:36:29]   sub-05 s01e02a: beta saved (223637 vox, 472 TRs)
[03:37:00]   sub-01 s01e02b: beta saved (223637 vox, 472 TRs)
[03:37:22]   sub-02 s01e02b: beta saved (223637 vox, 472 TRs)
[03:37:44]   sub-03 s01e02b: beta saved (223637 vox, 472 TRs)
[03:38:06]   sub-05 s01e02b: beta saved (223637 vox, 472 TRs)
[03:38:40]   sub-01 s01e03a: beta saved (223637 vox, 503 TRs)
[03:39:02]   sub-02 s01e03a: beta saved (223637 vox, 503 TRs)
[03:39:25]   sub-03 s01e03a: beta saved (223637 vox, 503 TRs)
[03:39:48]   sub-05 s01e03a: beta saved (223637 vox, 503 TRs)
[03:40:21]   sub-01 s01e03b: beta saved (223637 vox, 503 TRs)
[03:40:43]   sub-02 s01e03b: beta saved (223637 vox, 503 TRs)
[03:41:04]   sub-03 s01e03b: beta saved (223637 vox, 503 TRs)
[03:41:27]   sub-05 s01e03b: beta saved (223637 vox, 503 TRs)
[03:41:58]   sub-01 s01e04a: beta saved (223637 vox, 468 TRs)
[03:42:18]   sub-02 s01e04a: beta saved (223637 vox, 468 TRs)
[03:42:38]   sub-03 s01e04a: beta saved (223637 vox, 468 TRs)
[03:42:58]   sub-05 s01e04a: beta saved (223637 vox, 468 TRs)
[03:43:29]   sub-01 s01e04b: beta saved (223637 vox, 468 TRs)
[03:43:49]   sub-02 s01e04b: beta saved (223637 vox, 468 TRs)
[03:44:10]   sub-03 s01e04b: beta saved (223637 vox, 468 TRs)
[03:44:31]   sub-05 s01e04b: beta saved (223637 vox, 468 TRs)
[03:45:02]   sub-01 s01e05a: beta saved (223637 vox, 488 TRs)
[03:45:22]   sub-02 s01e05a: beta saved (223637 vox, 488 TRs)
[03:45:43]   sub-03 s01e05a: beta saved (223637 vox, 488 TRs)
[03:46:04]   sub-05 s01e05a: beta saved (223637 vox, 488 TRs)
[03:46:35]   sub-01 s01e05b: beta saved (223637 vox, 488 TRs)
[03:46:55]   sub-02 s01e05b: beta saved (223637 vox, 488 TRs)
[03:47:18]   sub-03 s01e05b: beta saved (223637 vox, 488 TRs)
[03:47:43]   sub-05 s01e05b: beta saved (223637 vox, 488 TRs)
[03:48:17]   sub-01 s01e06a: beta saved (223637 vox, 482 TRs)
[03:48:38]   sub-02 s01e06a: beta saved (223637 vox, 482 TRs)
[03:48:59]   sub-03 s01e06a: beta saved (223637 vox, 482 TRs)
[03:49:21]   sub-05 s01e06a: beta saved (223637 vox, 482 TRs)
[03:49:54]   sub-01 s01e06b: beta saved (223637 vox, 482 TRs)
[03:50:14]   sub-02 s01e06b: beta saved (223637 vox, 482 TRs)
[03:50:36]   sub-03 s01e06b: beta saved (223637 vox, 482 TRs)
[03:50:58]   sub-05 s01e06b: beta saved (223637 vox, 482 TRs)
[03:51:34]   sub-01 s01e07a: beta saved (223637 vox, 493 TRs)
[03:51:56]   sub-02 s01e07a: beta saved (223637 vox, 493 TRs)
[03:52:21]   sub-03 s01e07a: beta saved (223637 vox, 493 TRs)
[03:52:45]   sub-05 s01e07a: beta saved (223637 vox, 493 TRs)
[03:53:20]   sub-01 s01e07b: beta saved (223637 vox, 493 TRs)
[03:53:41]   sub-02 s01e07b: beta saved (223637 vox, 493 TRs)
[03:54:04]   sub-03 s01e07b: beta saved (223637 vox, 493 TRs)
[03:54:26]   sub-05 s01e07b: beta saved (223637 vox, 493 TRs)
[03:54:57]   sub-01 s01e08a: beta saved (223637 vox, 476 TRs)
[03:55:16]   sub-02 s01e08a: beta saved (223637 vox, 476 TRs)
[03:55:37]   sub-03 s01e08a: beta saved (223637 vox, 476 TRs)
[03:55:58]   sub-05 s01e08a: beta saved (223637 vox, 476 TRs)
[03:56:31]   sub-01 s01e08b: beta saved (223637 vox, 476 TRs)
[03:56:52]   sub-02 s01e08b: beta saved (223637 vox, 476 TRs)
[03:57:13]   sub-03 s01e08b: beta saved (223637 vox, 476 TRs)
[03:57:34]   sub-05 s01e08b: beta saved (223637 vox, 476 TRs)
[03:58:03]   sub-01 s01e09a: beta saved (223637 vox, 468 TRs)
[03:58:22]   sub-02 s01e09a: beta saved (223637 vox, 468 TRs)
[03:58:42]   sub-03 s01e09a: beta saved (223637 vox, 468 TRs)
[03:59:01]   sub-05 s01e09a: beta saved (223637 vox, 468 TRs)
[03:59:30]   sub-01 s01e09b: beta saved (223637 vox, 468 TRs)
[03:59:49]   sub-02 s01e09b: beta saved (223637 vox, 468 TRs)
[04:00:09]   sub-03 s01e09b: beta saved (223637 vox, 468 TRs)
[04:00:29]   sub-05 s01e09b: beta saved (223637 vox, 468 TRs)
[04:01:03]   sub-01 s01e10a: beta saved (223637 vox, 496 TRs)
[04:01:24]   sub-02 s01e10a: beta saved (223637 vox, 496 TRs)
[04:01:45]   sub-03 s01e10a: beta saved (223637 vox, 496 TRs)
[04:02:05]   sub-05 s01e10a: beta saved (223637 vox, 496 TRs)
[04:02:37]   sub-01 s01e10b: beta saved (223637 vox, 496 TRs)
[04:02:57]   sub-02 s01e10b: beta saved (223637 vox, 496 TRs)
[04:03:18]   sub-03 s01e10b: beta saved (223637 vox, 496 TRs)
[04:03:39]   sub-05 s01e10b: beta saved (223637 vox, 496 TRs)
[04:04:10]   sub-01 s01e11a: beta saved (223637 vox, 477 TRs)
[04:04:30]   sub-02 s01e11a: beta saved (223637 vox, 477 TRs)
[04:04:51]   sub-03 s01e11a: beta saved (223637 vox, 477 TRs)
[04:05:11]   sub-05 s01e11a: beta saved (223637 vox, 477 TRs)
[04:05:42]   sub-01 s01e11b: beta saved (223637 vox, 477 TRs)
[04:06:01]   sub-02 s01e11b: beta saved (223637 vox, 477 TRs)
[04:06:21]   sub-03 s01e11b: beta saved (223637 vox, 477 TRs)
[04:06:41]   sub-05 s01e11b: beta saved (223637 vox, 477 TRs)
[04:07:11]   sub-01 s01e12a: beta saved (223637 vox, 472 TRs)
[04:07:30]   sub-02 s01e12a: beta saved (223637 vox, 472 TRs)
[04:07:50]   sub-03 s01e12a: beta saved (223637 vox, 472 TRs)
[04:08:10]   sub-05 s01e12a: beta saved (223637 vox, 472 TRs)
[04:08:39]   sub-01 s01e12b: beta saved (223637 vox, 471 TRs)
[04:08:58]   sub-02 s01e12b: beta saved (223637 vox, 471 TRs)
[04:09:17]   sub-03 s01e12b: beta saved (223637 vox, 471 TRs)
[04:09:37]   sub-05 s01e12b: beta saved (223637 vox, 471 TRs)
[04:10:05]   sub-01 s01e13a: beta saved (223637 vox, 468 TRs)
[04:10:24]   sub-02 s01e13a: beta saved (223637 vox, 468 TRs)
[04:10:43]   sub-03 s01e13a: beta saved (223637 vox, 468 TRs)
[04:11:03]   sub-05 s01e13a: beta saved (223637 vox, 468 TRs)
[04:11:33]   sub-01 s01e13b: beta saved (223637 vox, 468 TRs)
[04:11:53]   sub-02 s01e13b: beta saved (223637 vox, 468 TRs)
[04:12:13]   sub-03 s01e13b: beta saved (223637 vox, 468 TRs)
[04:12:33]   sub-05 s01e13b: beta saved (223637 vox, 468 TRs)
[04:13:04]   sub-01 s01e14a: beta saved (223637 vox, 491 TRs)
[04:13:24]   sub-02 s01e14a: beta saved (223637 vox, 491 TRs)
[04:13:45]   sub-03 s01e14a: beta saved (223637 vox, 491 TRs)
[04:14:05]   sub-05 s01e14a: beta saved (223637 vox, 491 TRs)
[04:14:36]   sub-01 s01e14b: beta saved (223637 vox, 491 TRs)
[04:14:56]   sub-02 s01e14b: beta saved (223637 vox, 491 TRs)
[04:15:16]   sub-03 s01e14b: beta saved (223637 vox, 491 TRs)
[04:15:37]   sub-05 s01e14b: beta saved (223637 vox, 491 TRs)
[04:16:07]   sub-01 s01e15a: beta saved (223637 vox, 477 TRs)
[04:16:27]   sub-02 s01e15a: beta saved (223637 vox, 477 TRs)
[04:16:47]   sub-03 s01e15a: beta saved (223637 vox, 477 TRs)
[04:17:07]   sub-05 s01e15a: beta saved (223637 vox, 477 TRs)
[04:17:37]   sub-01 s01e15b: beta saved (223637 vox, 477 TRs)
[04:17:56]   sub-02 s01e15b: beta saved (223637 vox, 477 TRs)
[04:18:16]   sub-03 s01e15b: beta saved (223637 vox, 477 TRs)
[04:18:35]   sub-05 s01e15b: beta saved (223637 vox, 477 TRs)
[04:19:06]   sub-01 s01e16a: beta saved (223637 vox, 483 TRs)
[04:19:25]   sub-02 s01e16a: beta saved (223637 vox, 483 TRs)
[04:19:47]   sub-03 s01e16a: beta saved (223637 vox, 483 TRs)
[04:20:07]   sub-05 s01e16a: beta saved (223637 vox, 483 TRs)
[04:20:38]   sub-01 s01e16b: beta saved (223637 vox, 483 TRs)
[04:20:58]   sub-02 s01e16b: beta saved (223637 vox, 483 TRs)
[04:21:19]   sub-03 s01e16b: beta saved (223637 vox, 483 TRs)
[04:21:41]   sub-05 s01e16b: beta saved (223637 vox, 483 TRs)
[04:22:14]   sub-01 s01e17a: beta saved (223637 vox, 483 TRs)
[04:22:34]   sub-02 s01e17a: beta saved (223637 vox, 483 TRs)
[04:22:55]   sub-03 s01e17a: beta saved (223637 vox, 483 TRs)
[04:23:16]   sub-05 s01e17a: beta saved (223637 vox, 483 TRs)
[04:23:47]   sub-01 s01e17b: beta saved (223637 vox, 483 TRs)
[04:24:07]   sub-02 s01e17b: beta saved (223637 vox, 483 TRs)
[04:24:28]   sub-03 s01e17b: beta saved (223637 vox, 483 TRs)
[04:24:49]   sub-05 s01e17b: beta saved (223637 vox, 483 TRs)
[04:25:22]   sub-01 s01e18a: beta saved (223637 vox, 497 TRs)
[04:25:43]   sub-02 s01e18a: beta saved (223637 vox, 497 TRs)
[04:26:05]   sub-03 s01e18a: beta saved (223637 vox, 497 TRs)
[04:26:26]   sub-05 s01e18a: beta saved (223637 vox, 497 TRs)
[04:26:59]   sub-01 s01e18b: beta saved (223637 vox, 497 TRs)
[04:27:19]   sub-02 s01e18b: beta saved (223637 vox, 497 TRs)
[04:27:40]   sub-03 s01e18b: beta saved (223637 vox, 497 TRs)
[04:28:02]   sub-05 s01e18b: beta saved (223637 vox, 497 TRs)
[04:28:31]   sub-01 s01e19a: beta saved (223637 vox, 460 TRs)
[04:28:49]   sub-02 s01e19a: beta saved (223637 vox, 460 TRs)
[04:29:09]   sub-03 s01e19a: beta saved (223637 vox, 460 TRs)
[04:29:29]   sub-05 s01e19a: beta saved (223637 vox, 460 TRs)
[04:29:57]   sub-01 s01e19b: beta saved (223637 vox, 460 TRs)
[04:30:16]   sub-02 s01e19b: beta saved (223637 vox, 460 TRs)
[04:30:36]   sub-03 s01e19b: beta saved (223637 vox, 460 TRs)
[04:30:56]   sub-05 s01e19b: beta saved (223637 vox, 460 TRs)
[04:31:25]   sub-01 s01e20a: beta saved (223637 vox, 460 TRs)
[04:31:44]   sub-02 s01e20a: beta saved (223637 vox, 460 TRs)
[04:32:03]   sub-03 s01e20a: beta saved (223637 vox, 460 TRs)
[04:32:23]   sub-05 s01e20a: beta saved (223637 vox, 460 TRs)
[04:32:51]   sub-01 s01e20b: beta saved (223637 vox, 460 TRs)
[04:33:10]   sub-02 s01e20b: beta saved (223637 vox, 460 TRs)
[04:33:30]   sub-03 s01e20b: beta saved (223637 vox, 460 TRs)
[04:33:50]   sub-05 s01e20b: beta saved (223637 vox, 460 TRs)
[04:34:21]   sub-01 s01e21a: beta saved (223637 vox, 477 TRs)
[04:34:41]   sub-02 s01e21a: beta saved (223637 vox, 477 TRs)
[04:35:02]   sub-03 s01e21a: beta saved (223637 vox, 477 TRs)
[04:35:22]   sub-05 s01e21a: beta saved (223637 vox, 477 TRs)
[04:35:53]   sub-01 s01e21b: beta saved (223637 vox, 477 TRs)
[04:36:12]   sub-02 s01e21b: beta saved (223637 vox, 477 TRs)
[04:36:32]   sub-03 s01e21b: beta saved (223637 vox, 477 TRs)
[04:36:53]   sub-05 s01e21b: beta saved (223637 vox, 477 TRs)
[04:37:23]   sub-01 s01e22a: beta saved (223637 vox, 474 TRs)
[04:37:43]   sub-02 s01e22a: beta saved (223637 vox, 474 TRs)
[04:38:03]   sub-03 s01e22a: beta saved (223637 vox, 474 TRs)
[04:38:23]   sub-05 s01e22a: beta saved (223637 vox, 474 TRs)
[04:38:53]   sub-01 s01e22b: beta saved (223637 vox, 474 TRs)
[04:39:13]   sub-02 s01e22b: beta saved (223637 vox, 474 TRs)
[04:39:33]   sub-03 s01e22b: beta saved (223637 vox, 474 TRs)
[04:39:53]   sub-05 s01e22b: beta saved (223637 vox, 474 TRs)
[04:40:22]   sub-01 s01e23a: beta saved (223637 vox, 462 TRs)
[04:40:41]   sub-02 s01e23a: beta saved (223637 vox, 462 TRs)
[04:41:01]   sub-03 s01e23a: beta saved (223637 vox, 462 TRs)
[04:41:21]   sub-05 s01e23a: beta saved (223637 vox, 462 TRs)
[04:41:49]   sub-01 s01e23b: beta saved (223637 vox, 462 TRs)
[04:42:08]   sub-02 s01e23b: beta saved (223637 vox, 462 TRs)
[04:42:27]   sub-03 s01e23b: beta saved (223637 vox, 462 TRs)
[04:42:47]   sub-05 s01e23b: beta saved (223637 vox, 462 TRs)
[04:43:19]   sub-01 s01e24a: beta saved (223637 vox, 515 TRs)
[04:43:40]   sub-02 s01e24a: beta saved (223637 vox, 515 TRs)
[04:44:02]   sub-03 s01e24a: beta saved (223637 vox, 515 TRs)
[04:44:24]   sub-05 s01e24a: beta saved (223637 vox, 515 TRs)
[04:44:57]   sub-01 s01e24b: beta saved (223637 vox, 515 TRs)
[04:45:17]   sub-02 s01e24b: beta saved (223637 vox, 515 TRs)
[04:45:39]   sub-03 s01e24b: beta saved (223637 vox, 515 TRs)
[04:46:01]   sub-05 s01e24b: beta saved (223637 vox, 515 TRs)
[04:46:34]   sub-01 s02e01a: beta saved (223637 vox, 477 TRs)
[04:46:55]   sub-02 s02e01a: beta saved (223637 vox, 477 TRs)
[04:47:16]   sub-03 s02e01a: beta saved (223637 vox, 477 TRs)
[04:47:37]   sub-05 s02e01a: beta saved (223637 vox, 477 TRs)
[04:48:07]   sub-01 s02e01b: beta saved (223637 vox, 477 TRs)
[04:48:27]   sub-02 s02e01b: beta saved (223637 vox, 477 TRs)
[04:48:47]   sub-03 s02e01b: beta saved (223637 vox, 477 TRs)
[04:49:07]   sub-05 s02e01b: beta saved (223637 vox, 477 TRs)
[04:49:35]   sub-01 s02e02a: beta saved (223637 vox, 450 TRs)
[04:49:53]   sub-02 s02e02a: beta saved (223637 vox, 450 TRs)
[04:50:12]   sub-03 s02e02a: beta saved (223637 vox, 450 TRs)
[04:50:30]   sub-05 s02e02a: beta saved (223637 vox, 450 TRs)
[04:50:57]   sub-01 s02e02b: beta saved (223637 vox, 450 TRs)
[04:51:15]   sub-02 s02e02b: beta saved (223637 vox, 450 TRs)
[04:51:34]   sub-03 s02e02b: beta saved (223637 vox, 450 TRs)
[04:51:53]   sub-05 s02e02b: beta saved (223637 vox, 450 TRs)
[04:52:21]   sub-01 s02e03a: beta saved (223637 vox, 464 TRs)
[04:52:40]   sub-02 s02e03a: beta saved (223637 vox, 464 TRs)
[04:52:59]   sub-03 s02e03a: beta saved (223637 vox, 464 TRs)
[04:53:18]   sub-05 s02e03a: beta saved (223637 vox, 464 TRs)
[04:53:48]   sub-01 s02e03b: beta saved (223637 vox, 464 TRs)
[04:54:07]   sub-02 s02e03b: beta saved (223637 vox, 464 TRs)
[04:54:26]   sub-03 s02e03b: beta saved (223637 vox, 464 TRs)
[04:54:46]   sub-05 s02e03b: beta saved (223637 vox, 464 TRs)
[04:55:13]   sub-01 s02e04a: beta saved (223637 vox, 454 TRs)
[04:55:32]   sub-02 s02e04a: beta saved (223637 vox, 454 TRs)
[04:55:50]   sub-03 s02e04a: beta saved (223637 vox, 454 TRs)
[04:56:09]   sub-05 s02e04a: beta saved (223637 vox, 454 TRs)
[04:56:37]   sub-01 s02e04b: beta saved (223637 vox, 454 TRs)
[04:56:55]   sub-02 s02e04b: beta saved (223637 vox, 454 TRs)
[04:57:14]   sub-03 s02e04b: beta saved (223637 vox, 454 TRs)
[04:57:32]   sub-05 s02e04b: beta saved (223637 vox, 454 TRs)
[04:57:59]   sub-01 s02e05a: beta saved (223637 vox, 455 TRs)
[04:58:17]   sub-02 s02e05a: beta saved (223637 vox, 455 TRs)
[04:58:36]   sub-03 s02e05a: beta saved (223637 vox, 455 TRs)
[04:58:55]   sub-05 s02e05a: beta saved (223637 vox, 455 TRs)
[04:59:22]   sub-01 s02e05b: beta saved (223637 vox, 455 TRs)
[04:59:40]   sub-02 s02e05b: beta saved (223637 vox, 455 TRs)
[04:59:59]   sub-03 s02e05b: beta saved (223637 vox, 455 TRs)
[05:00:17]   sub-05 s02e05b: beta saved (223637 vox, 455 TRs)
[05:00:49]   sub-01 s02e06a: beta saved (223637 vox, 500 TRs)
[05:01:09]   sub-02 s02e06a: beta saved (223637 vox, 500 TRs)
[05:01:30]   sub-03 s02e06a: beta saved (223637 vox, 500 TRs)
[05:01:51]   sub-05 s02e06a: beta saved (223637 vox, 500 TRs)
[05:02:21]   sub-01 s02e06b: beta saved (223637 vox, 500 TRs)
[05:02:41]   sub-02 s02e06b: beta saved (223637 vox, 500 TRs)
[05:03:02]   sub-03 s02e06b: beta saved (223637 vox, 500 TRs)
[05:03:23]   sub-05 s02e06b: beta saved (223637 vox, 500 TRs)
[05:03:54]   sub-01 s02e07a: beta saved (223637 vox, 496 TRs)
[05:04:14]   sub-02 s02e07a: beta saved (223637 vox, 496 TRs)
[05:04:35]   sub-03 s02e07a: beta saved (223637 vox, 496 TRs)
[05:04:55]   sub-05 s02e07a: beta saved (223637 vox, 496 TRs)
[05:05:26]   sub-01 s02e07b: beta saved (223637 vox, 496 TRs)
[05:05:46]   sub-02 s02e07b: beta saved (223637 vox, 496 TRs)
[05:06:07]   sub-03 s02e07b: beta saved (223637 vox, 496 TRs)
[05:06:29]   sub-05 s02e07b: beta saved (223637 vox, 496 TRs)
[05:06:56]   sub-01 s02e08a: beta saved (223637 vox, 458 TRs)
[05:07:14]   sub-02 s02e08a: beta saved (223637 vox, 458 TRs)
[05:07:34]   sub-03 s02e08a: beta saved (223637 vox, 458 TRs)
[05:07:53]   sub-05 s02e08a: beta saved (223637 vox, 458 TRs)
[05:08:20]   sub-01 s02e08b: beta saved (223637 vox, 458 TRs)
[05:08:39]   sub-02 s02e08b: beta saved (223637 vox, 458 TRs)
[05:08:58]   sub-03 s02e08b: beta saved (223637 vox, 458 TRs)
[05:09:16]   sub-05 s02e08b: beta saved (223637 vox, 458 TRs)
[05:09:43]   sub-01 s02e09a: beta saved (223637 vox, 452 TRs)
[05:10:01]   sub-02 s02e09a: beta saved (223637 vox, 452 TRs)
[05:10:20]   sub-03 s02e09a: beta saved (223637 vox, 452 TRs)
[05:10:38]   sub-05 s02e09a: beta saved (223637 vox, 452 TRs)
[05:11:05]   sub-01 s02e09b: beta saved (223637 vox, 452 TRs)
[05:11:23]   sub-02 s02e09b: beta saved (223637 vox, 452 TRs)
[05:11:42]   sub-03 s02e09b: beta saved (223637 vox, 452 TRs)
[05:12:01]   sub-05 s02e09b: beta saved (223637 vox, 452 TRs)
[05:12:30]   sub-01 s02e10a: beta saved (223637 vox, 479 TRs)
[05:12:49]   sub-02 s02e10a: beta saved (223637 vox, 479 TRs)
[05:13:10]   sub-03 s02e10a: beta saved (223637 vox, 479 TRs)
[05:13:29]   sub-05 s02e10a: beta saved (223637 vox, 479 TRs)
[05:13:59]   sub-01 s02e10b: beta saved (223637 vox, 479 TRs)
[05:14:19]   sub-02 s02e10b: beta saved (223637 vox, 479 TRs)
[05:14:39]   sub-03 s02e10b: beta saved (223637 vox, 479 TRs)
[05:15:00]   sub-05 s02e10b: beta saved (223637 vox, 479 TRs)
[05:15:30]   sub-01 s02e11a: beta saved (223637 vox, 488 TRs)
[05:15:50]   sub-02 s02e11a: beta saved (223637 vox, 488 TRs)
[05:16:10]   sub-03 s02e11a: beta saved (223637 vox, 488 TRs)
[05:16:30]   sub-05 s02e11a: beta saved (223637 vox, 488 TRs)
[05:17:01]   sub-01 s02e11b: beta saved (223637 vox, 488 TRs)
[05:17:20]   sub-02 s02e11b: beta saved (223637 vox, 488 TRs)
[05:17:41]   sub-03 s02e11b: beta saved (223637 vox, 488 TRs)
[05:18:01]   sub-05 s02e11b: beta saved (223637 vox, 488 TRs)
[05:18:31]   sub-01 s02e12a: beta saved (223637 vox, 488 TRs)
[05:18:51]   sub-02 s02e12a: beta saved (223637 vox, 488 TRs)
[05:19:11]   sub-03 s02e12a: beta saved (223637 vox, 488 TRs)
[05:19:31]   sub-05 s02e12a: beta saved (223637 vox, 488 TRs)
[05:20:01]   sub-01 s02e12b: beta saved (223637 vox, 488 TRs)
[05:20:20]   sub-02 s02e12b: beta saved (223637 vox, 488 TRs)
[05:20:41]   sub-03 s02e12b: beta saved (223637 vox, 488 TRs)
[05:21:01]   sub-05 s02e12b: beta saved (223637 vox, 488 TRs)
[05:21:32]   sub-01 s02e13a: beta saved (223637 vox, 488 TRs)
[05:21:51]   sub-02 s02e13a: beta saved (223637 vox, 488 TRs)
[05:22:11]   sub-03 s02e13a: beta saved (223637 vox, 488 TRs)
[05:22:32]   sub-05 s02e13a: beta saved (223637 vox, 488 TRs)
[05:23:02]   sub-01 s02e13b: beta saved (223637 vox, 488 TRs)
[05:23:22]   sub-02 s02e13b: beta saved (223637 vox, 488 TRs)
[05:23:42]   sub-03 s02e13b: beta saved (223637 vox, 488 TRs)
[05:24:03]   sub-05 s02e13b: beta saved (223637 vox, 488 TRs)
[05:24:31]   sub-01 s02e14a: beta saved (223637 vox, 474 TRs)
[05:24:50]   sub-02 s02e14a: beta saved (223637 vox, 474 TRs)
[05:25:10]   sub-03 s02e14a: beta saved (223637 vox, 474 TRs)
[05:25:29]   sub-05 s02e14a: beta saved (223637 vox, 474 TRs)
[05:25:59]   sub-01 s02e14b: beta saved (223637 vox, 474 TRs)
[05:26:18]   sub-02 s02e14b: beta saved (223637 vox, 474 TRs)
[05:26:38]   sub-03 s02e14b: beta saved (223637 vox, 474 TRs)
[05:26:57]   sub-05 s02e14b: beta saved (223637 vox, 474 TRs)
[05:27:26]   sub-01 s02e15a: beta saved (223637 vox, 466 TRs)
[05:27:44]   sub-02 s02e15a: beta saved (223637 vox, 466 TRs)
[05:28:03]   sub-03 s02e15a: beta saved (223637 vox, 466 TRs)
[05:28:23]   sub-05 s02e15a: beta saved (223637 vox, 466 TRs)
[05:28:51]   sub-01 s02e15b: beta saved (223637 vox, 466 TRs)
[05:29:09]   sub-02 s02e15b: beta saved (223637 vox, 466 TRs)
[05:29:28]   sub-03 s02e15b: beta saved (223637 vox, 466 TRs)
[05:29:47]   sub-05 s02e15b: beta saved (223637 vox, 466 TRs)
[05:30:16]   sub-01 s02e16a: beta saved (223637 vox, 478 TRs)
[05:30:35]   sub-02 s02e16a: beta saved (223637 vox, 478 TRs)
[05:30:55]   sub-03 s02e16a: beta saved (223637 vox, 478 TRs)
[05:31:15]   sub-05 s02e16a: beta saved (223637 vox, 478 TRs)
[05:31:44]   sub-01 s02e16b: beta saved (223637 vox, 478 TRs)
[05:32:03]   sub-02 s02e16b: beta saved (223637 vox, 478 TRs)
[05:32:23]   sub-03 s02e16b: beta saved (223637 vox, 478 TRs)
[05:32:43]   sub-05 s02e16b: beta saved (223637 vox, 478 TRs)
[05:33:13]   sub-01 s02e17a: beta saved (223637 vox, 489 TRs)
[05:33:32]   sub-02 s02e17a: beta saved (223637 vox, 489 TRs)
[05:33:53]   sub-03 s02e17a: beta saved (223637 vox, 489 TRs)
[05:34:13]   sub-05 s02e17a: beta saved (223637 vox, 489 TRs)
[05:34:46]   sub-01 s02e17b: beta saved (223637 vox, 489 TRs)
[05:35:06]   sub-02 s02e17b: beta saved (223637 vox, 489 TRs)
[05:35:28]   sub-03 s02e17b: beta saved (223637 vox, 489 TRs)
[05:35:50]   sub-05 s02e17b: beta saved (223637 vox, 489 TRs)
[05:36:23]   sub-01 s02e18a: beta saved (223637 vox, 460 TRs)
[05:36:43]   sub-02 s02e18a: beta saved (223637 vox, 460 TRs)
[05:37:05]   sub-03 s02e18a: beta saved (223637 vox, 460 TRs)
[05:37:26]   sub-05 s02e18a: beta saved (223637 vox, 460 TRs)
[05:37:57]   sub-01 s02e18b: beta saved (223637 vox, 460 TRs)
[05:38:16]   sub-02 s02e18b: beta saved (223637 vox, 460 TRs)
[05:38:37]   sub-03 s02e18b: beta saved (223637 vox, 460 TRs)
[05:38:57]   sub-05 s02e18b: beta saved (223637 vox, 460 TRs)
[05:39:26]   sub-01 s02e19a: beta saved (223637 vox, 478 TRs)
[05:39:45]   sub-02 s02e19a: beta saved (223637 vox, 478 TRs)
[05:40:05]   sub-03 s02e19a: beta saved (223637 vox, 478 TRs)
[05:40:26]   sub-05 s02e19a: beta saved (223637 vox, 478 TRs)
[05:40:57]   sub-01 s02e19b: beta saved (223637 vox, 478 TRs)
[05:41:16]   sub-02 s02e19b: beta saved (223637 vox, 478 TRs)
[05:41:36]   sub-03 s02e19b: beta saved (223637 vox, 478 TRs)
[05:41:56]   sub-05 s02e19b: beta saved (223637 vox, 478 TRs)
[05:42:25]   sub-01 s02e20a: beta saved (223637 vox, 449 TRs)
[05:42:43]   sub-02 s02e20a: beta saved (223637 vox, 449 TRs)
[05:43:03]   sub-03 s02e20a: beta saved (223637 vox, 449 TRs)
[05:43:22]   sub-05 s02e20a: beta saved (223637 vox, 449 TRs)
[05:43:51]   sub-01 s02e20b: beta saved (223637 vox, 449 TRs)
[05:44:10]   sub-02 s02e20b: beta saved (223637 vox, 449 TRs)
[05:44:29]   sub-03 s02e20b: beta saved (223637 vox, 449 TRs)
[05:44:47]   sub-05 s02e20b: beta saved (223637 vox, 449 TRs)
[05:45:17]   sub-01 s02e21a: beta saved (223637 vox, 470 TRs)
[05:45:37]   sub-02 s02e21a: beta saved (223637 vox, 470 TRs)
[05:45:57]   sub-03 s02e21a: beta saved (223637 vox, 470 TRs)
[05:46:17]   sub-05 s02e21a: beta saved (223637 vox, 470 TRs)
[05:46:47]   sub-01 s02e21b: beta saved (223637 vox, 470 TRs)
[05:47:06]   sub-02 s02e21b: beta saved (223637 vox, 470 TRs)
[05:47:26]   sub-03 s02e21b: beta saved (223637 vox, 470 TRs)
[05:47:47]   sub-05 s02e21b: beta saved (223637 vox, 470 TRs)
[05:48:16]   sub-01 s02e22a: beta saved (223637 vox, 453 TRs)
[05:48:34]   sub-02 s02e22a: beta saved (223637 vox, 453 TRs)
[05:48:53]   sub-03 s02e22a: beta saved (223637 vox, 453 TRs)
[05:49:12]   sub-05 s02e22a: beta saved (223637 vox, 453 TRs)
[05:49:40]   sub-01 s02e22b: beta saved (223637 vox, 453 TRs)
[05:49:58]   sub-02 s02e22b: beta saved (223637 vox, 453 TRs)
[05:50:17]   sub-03 s02e22b: beta saved (223637 vox, 453 TRs)
[05:50:36]   sub-05 s02e22b: beta saved (223637 vox, 453 TRs)
[05:51:05]   sub-01 s02e23a: beta saved (223637 vox, 456 TRs)
[05:51:23]   sub-02 s02e23a: beta saved (223637 vox, 456 TRs)
[05:51:43]   sub-03 s02e23a: beta saved (223637 vox, 456 TRs)
[05:52:02]   sub-05 s02e23a: beta saved (223637 vox, 456 TRs)
[05:52:31]   sub-01 s02e23b: beta saved (223637 vox, 456 TRs)
[05:52:49]   sub-02 s02e23b: beta saved (223637 vox, 456 TRs)
[05:53:09]   sub-03 s02e23b: beta saved (223637 vox, 456 TRs)
[05:53:28]   sub-05 s02e23b: beta saved (223637 vox, 456 TRs)
[05:53:57]   sub-01 s02e24a: beta saved (223637 vox, 469 TRs)
[05:54:16]   sub-02 s02e24a: beta saved (223637 vox, 469 TRs)
[05:54:36]   sub-03 s02e24a: beta saved (223637 vox, 469 TRs)
[05:54:55]   sub-05 s02e24a: beta saved (223637 vox, 469 TRs)
[05:55:25]   sub-01 s02e24b: beta saved (223637 vox, 469 TRs)
[05:55:44]   sub-02 s02e24b: beta saved (223637 vox, 469 TRs)
[05:56:04]   sub-03 s02e24b: beta saved (223637 vox, 469 TRs)
[05:56:23]   sub-05 s02e24b: beta saved (223637 vox, 469 TRs)
[05:56:56]   sub-01 s03e01a: beta saved (223637 vox, 491 TRs)
[05:57:16]   sub-02 s03e01a: beta saved (223637 vox, 491 TRs)
[05:57:37]   sub-03 s03e01a: beta saved (223637 vox, 491 TRs)
[05:57:57]   sub-05 s03e01a: beta saved (223637 vox, 491 TRs)
[05:58:28]   sub-01 s03e01b: beta saved (223637 vox, 491 TRs)
[05:58:48]   sub-02 s03e01b: beta saved (223637 vox, 491 TRs)
[05:59:09]   sub-03 s03e01b: beta saved (223637 vox, 491 TRs)
[05:59:30]   sub-05 s03e01b: beta saved (223637 vox, 491 TRs)
[06:00:00]   sub-01 s03e02a: beta saved (223637 vox, 475 TRs)
[06:00:19]   sub-02 s03e02a: beta saved (223637 vox, 475 TRs)
[06:00:40]   sub-03 s03e02a: beta saved (223637 vox, 475 TRs)
[06:01:00]   sub-05 s03e02a: beta saved (223637 vox, 475 TRs)
[06:01:30]   sub-01 s03e02b: beta saved (223637 vox, 475 TRs)
[06:01:49]   sub-02 s03e02b: beta saved (223637 vox, 475 TRs)
[06:02:10]   sub-03 s03e02b: beta saved (223637 vox, 475 TRs)
[06:02:31]   sub-05 s03e02b: beta saved (223637 vox, 475 TRs)
[06:03:09]   sub-01 s03e03a: beta saved (223637 vox, 454 TRs)
[06:03:29]   sub-02 s03e03a: beta saved (223637 vox, 454 TRs)
[06:03:50]   sub-03 s03e03a: beta saved (223637 vox, 454 TRs)
[06:04:10]   sub-05 s03e03a: beta saved (223637 vox, 454 TRs)
[06:04:40]   sub-01 s03e03b: beta saved (223637 vox, 454 TRs)
[06:04:59]   sub-02 s03e03b: beta saved (223637 vox, 454 TRs)
[06:05:19]   sub-03 s03e03b: beta saved (223637 vox, 454 TRs)
[06:05:38]   sub-05 s03e03b: beta saved (223637 vox, 454 TRs)
[06:06:09]   sub-01 s03e04a: beta saved (223637 vox, 473 TRs)
[06:06:28]   sub-02 s03e04a: beta saved (223637 vox, 473 TRs)
[06:06:49]   sub-03 s03e04a: beta saved (223637 vox, 473 TRs)
[06:07:10]   sub-05 s03e04a: beta saved (223637 vox, 473 TRs)
[06:07:40]   sub-01 s03e04b: beta saved (223637 vox, 473 TRs)
[06:07:59]   sub-02 s03e04b: beta saved (223637 vox, 473 TRs)
[06:08:20]   sub-03 s03e04b: beta saved (223637 vox, 473 TRs)
[06:08:40]   sub-05 s03e04b: beta saved (223637 vox, 473 TRs)
[06:09:12]   sub-01 s03e05a: beta saved (223637 vox, 484 TRs)
[06:09:32]   sub-02 s03e05a: beta saved (223637 vox, 484 TRs)
[06:09:52]   sub-03 s03e05a: beta saved (223637 vox, 484 TRs)
[06:10:13]   sub-05 s03e05a: beta saved (223637 vox, 484 TRs)
[06:10:44]   sub-01 s03e05b: beta saved (223637 vox, 484 TRs)
[06:11:03]   sub-02 s03e05b: beta saved (223637 vox, 484 TRs)
[06:11:24]   sub-03 s03e05b: beta saved (223637 vox, 484 TRs)
[06:11:45]   sub-05 s03e05b: beta saved (223637 vox, 484 TRs)
[06:12:16]   sub-01 s03e06a: beta saved (223637 vox, 470 TRs)
[06:12:36]   sub-02 s03e06a: beta saved (223637 vox, 470 TRs)
[06:12:56]   sub-03 s03e06a: beta saved (223637 vox, 470 TRs)
[06:13:26]   sub-05 s03e06a: beta saved (223637 vox, 470 TRs)
[06:13:57]   sub-01 s03e06b: beta saved (223637 vox, 470 TRs)
[06:14:16]   sub-02 s03e06b: beta saved (223637 vox, 470 TRs)
[06:14:38]   sub-03 s03e06b: beta saved (223637 vox, 470 TRs)
[06:15:08]   sub-05 s03e06b: beta saved (223637 vox, 470 TRs)
[06:15:39]   sub-01 s03e07a: beta saved (223637 vox, 467 TRs)
[06:15:58]   sub-02 s03e07a: beta saved (223637 vox, 467 TRs)
[06:16:18]   sub-03 s03e07a: beta saved (223637 vox, 467 TRs)
[06:16:48]   sub-05 s03e07a: beta saved (223637 vox, 467 TRs)
[06:17:17]   sub-01 s03e07b: beta saved (223637 vox, 467 TRs)
[06:17:36]   sub-02 s03e07b: beta saved (223637 vox, 467 TRs)
[06:17:56]   sub-03 s03e07b: beta saved (223637 vox, 467 TRs)
[06:18:25]   sub-05 s03e07b: beta saved (223637 vox, 467 TRs)
[06:18:53]   sub-01 s03e08a: beta saved (223637 vox, 460 TRs)
[06:19:12]   sub-02 s03e08a: beta saved (223637 vox, 460 TRs)
[06:19:32]   sub-03 s03e08a: beta saved (223637 vox, 460 TRs)
[06:20:01]   sub-05 s03e08a: beta saved (223637 vox, 460 TRs)
[06:20:30]   sub-01 s03e08b: beta saved (223637 vox, 460 TRs)
[06:20:49]   sub-02 s03e08b: beta saved (223637 vox, 460 TRs)
[06:21:09]   sub-03 s03e08b: beta saved (223637 vox, 460 TRs)
[06:21:37]   sub-05 s03e08b: beta saved (223637 vox, 460 TRs)
[06:22:08]   sub-01 s03e09a: beta saved (223637 vox, 493 TRs)
[06:22:28]   sub-02 s03e09a: beta saved (223637 vox, 493 TRs)
[06:22:50]   sub-03 s03e09a: beta saved (223637 vox, 493 TRs)
[06:23:21]   sub-05 s03e09a: beta saved (223637 vox, 493 TRs)
[06:23:53]   sub-01 s03e09b: beta saved (223637 vox, 493 TRs)
[06:24:13]   sub-02 s03e09b: beta saved (223637 vox, 493 TRs)
[06:24:34]   sub-03 s03e09b: beta saved (223637 vox, 493 TRs)
[06:25:06]   sub-05 s03e09b: beta saved (223637 vox, 493 TRs)
[06:25:35]   sub-01 s03e10a: beta saved (223637 vox, 451 TRs)
[06:25:54]   sub-02 s03e10a: beta saved (223637 vox, 451 TRs)
[06:26:13]   sub-03 s03e10a: beta saved (223637 vox, 451 TRs)
[06:26:43]   sub-05 s03e10a: beta saved (223637 vox, 451 TRs)
[06:27:13]   sub-01 s03e10b: beta saved (223637 vox, 451 TRs)
[06:27:31]   sub-02 s03e10b: beta saved (223637 vox, 451 TRs)
[06:27:51]   sub-03 s03e10b: beta saved (223637 vox, 451 TRs)
[06:28:19]   sub-05 s03e10b: beta saved (223637 vox, 451 TRs)
[06:28:47]   sub-01 s03e11a: beta saved (223637 vox, 457 TRs)
[06:29:05]   sub-02 s03e11a: beta saved (223637 vox, 457 TRs)
[06:29:24]   sub-03 s03e11a: beta saved (223637 vox, 457 TRs)
[06:29:51]   sub-05 s03e11a: beta saved (223637 vox, 457 TRs)
[06:30:18]   sub-01 s03e11b: beta saved (223637 vox, 456 TRs)
[06:30:37]   sub-02 s03e11b: beta saved (223637 vox, 456 TRs)
[06:30:55]   sub-03 s03e11b: beta saved (223637 vox, 456 TRs)
[06:31:25]   sub-05 s03e11b: beta saved (223637 vox, 456 TRs)
[06:31:54]   sub-01 s03e12a: beta saved (223637 vox, 464 TRs)
[06:32:13]   sub-02 s03e12a: beta saved (223637 vox, 464 TRs)
[06:32:32]   sub-03 s03e12a: beta saved (223637 vox, 464 TRs)
[06:33:00]   sub-05 s03e12a: beta saved (223637 vox, 464 TRs)
[06:33:29]   sub-01 s03e12b: beta saved (223637 vox, 464 TRs)
[06:33:47]   sub-02 s03e12b: beta saved (223637 vox, 464 TRs)
[06:34:07]   sub-03 s03e12b: beta saved (223637 vox, 464 TRs)
[06:34:36]   sub-05 s03e12b: beta saved (223637 vox, 464 TRs)
[06:35:05]   sub-01 s03e13a: beta saved (223637 vox, 474 TRs)
[06:35:24]   sub-02 s03e13a: beta saved (223637 vox, 474 TRs)
[06:35:44]   sub-03 s03e13a: beta saved (223637 vox, 474 TRs)
[06:36:12]   sub-05 s03e13a: beta saved (223637 vox, 474 TRs)
[06:36:42]   sub-01 s03e13b: beta saved (223637 vox, 473 TRs)
[06:37:01]   sub-02 s03e13b: beta saved (223637 vox, 473 TRs)
[06:37:21]   sub-03 s03e13b: beta saved (223637 vox, 473 TRs)
[06:37:50]   sub-05 s03e13b: beta saved (223637 vox, 473 TRs)
[06:38:18]   sub-01 s03e14a: beta saved (223637 vox, 458 TRs)
[06:38:37]   sub-02 s03e14a: beta saved (223637 vox, 458 TRs)
[06:38:56]   sub-03 s03e14a: beta saved (223637 vox, 458 TRs)
[06:39:23]   sub-05 s03e14a: beta saved (223637 vox, 458 TRs)
[06:39:51]   sub-01 s03e14b: beta saved (223637 vox, 458 TRs)
[06:40:09]   sub-02 s03e14b: beta saved (223637 vox, 458 TRs)
[06:40:28]   sub-03 s03e14b: beta saved (223637 vox, 458 TRs)
[06:40:55]   sub-05 s03e14b: beta saved (223637 vox, 458 TRs)
[06:41:24]   sub-01 s03e15a: beta saved (223637 vox, 458 TRs)
[06:41:43]   sub-02 s03e15a: beta saved (223637 vox, 458 TRs)
[06:42:02]   sub-03 s03e15a: beta saved (223637 vox, 458 TRs)
[06:42:29]   sub-05 s03e15a: beta saved (223637 vox, 458 TRs)
[06:42:57]   sub-01 s03e15b: beta saved (223637 vox, 458 TRs)
[06:43:15]   sub-02 s03e15b: beta saved (223637 vox, 458 TRs)
[06:43:34]   sub-03 s03e15b: beta saved (223637 vox, 458 TRs)
[06:44:03]   sub-05 s03e15b: beta saved (223637 vox, 458 TRs)
[06:44:31]   sub-01 s03e16a: beta saved (223637 vox, 468 TRs)
[06:44:50]   sub-02 s03e16a: beta saved (223637 vox, 468 TRs)
[06:45:09]   sub-03 s03e16a: beta saved (223637 vox, 468 TRs)
[06:45:38]   sub-05 s03e16a: beta saved (223637 vox, 468 TRs)
[06:46:07]   sub-01 s03e16b: beta saved (223637 vox, 468 TRs)
[06:46:26]   sub-02 s03e16b: beta saved (223637 vox, 468 TRs)
[06:46:47]   sub-03 s03e16b: beta saved (223637 vox, 468 TRs)
[06:47:16]   sub-05 s03e16b: beta saved (223637 vox, 468 TRs)
[06:47:44]   sub-01 s03e17a: beta saved (223637 vox, 454 TRs)
[06:48:02]   sub-02 s03e17a: beta saved (223637 vox, 454 TRs)
[06:48:21]   sub-03 s03e17a: beta saved (223637 vox, 454 TRs)
[06:48:48]   sub-05 s03e17a: beta saved (223637 vox, 454 TRs)
[06:49:16]   sub-01 s03e17b: beta saved (223637 vox, 453 TRs)
[06:49:34]   sub-02 s03e17b: beta saved (223637 vox, 453 TRs)
[06:49:53]   sub-03 s03e17b: beta saved (223637 vox, 453 TRs)
[06:50:21]   sub-05 s03e17b: beta saved (223637 vox, 453 TRs)
[06:50:50]   sub-01 s03e18a: beta saved (223637 vox, 469 TRs)
[06:51:09]   sub-02 s03e18a: beta saved (223637 vox, 469 TRs)
[06:51:29]   sub-03 s03e18a: beta saved (223637 vox, 469 TRs)
[06:51:58]   sub-05 s03e18a: beta saved (223637 vox, 469 TRs)
[06:52:27]   sub-01 s03e18b: beta saved (223637 vox, 469 TRs)
[06:52:46]   sub-02 s03e18b: beta saved (223637 vox, 469 TRs)
[06:53:05]   sub-03 s03e18b: beta saved (223637 vox, 469 TRs)
[06:53:36]   sub-05 s03e18b: beta saved (223637 vox, 469 TRs)
[06:54:07]   sub-01 s03e19a: beta saved (223637 vox, 468 TRs)
[06:54:26]   sub-02 s03e19a: beta saved (223637 vox, 468 TRs)
[06:54:46]   sub-03 s03e19a: beta saved (223637 vox, 468 TRs)
[06:55:16]   sub-05 s03e19a: beta saved (223637 vox, 468 TRs)
[06:55:47]   sub-01 s03e19b: beta saved (223637 vox, 468 TRs)
[06:56:07]   sub-02 s03e19b: beta saved (223637 vox, 468 TRs)
[06:56:28]   sub-03 s03e19b: beta saved (223637 vox, 468 TRs)
[06:56:57]   sub-05 s03e19b: beta saved (223637 vox, 468 TRs)
[06:57:26]   sub-01 s03e20a: beta saved (223637 vox, 464 TRs)
[06:57:44]   sub-02 s03e20a: beta saved (223637 vox, 464 TRs)
[06:58:04]   sub-03 s03e20a: beta saved (223637 vox, 464 TRs)
[06:58:32]   sub-05 s03e20a: beta saved (223637 vox, 464 TRs)
[06:59:01]   sub-01 s03e20b: beta saved (223637 vox, 464 TRs)
[06:59:20]   sub-02 s03e20b: beta saved (223637 vox, 464 TRs)
[06:59:40]   sub-03 s03e20b: beta saved (223637 vox, 464 TRs)
[07:00:08]   sub-05 s03e20b: beta saved (223637 vox, 464 TRs)
[07:00:36]   sub-01 s03e21a: beta saved (223637 vox, 460 TRs)
[07:00:55]   sub-02 s03e21a: beta saved (223637 vox, 460 TRs)
[07:01:14]   sub-03 s03e21a: beta saved (223637 vox, 460 TRs)
[07:01:42]   sub-05 s03e21a: beta saved (223637 vox, 460 TRs)
[07:02:09]   sub-01 s03e21b: beta saved (223637 vox, 460 TRs)
[07:02:28]   sub-02 s03e21b: beta saved (223637 vox, 460 TRs)
[07:02:47]   sub-03 s03e21b: beta saved (223637 vox, 460 TRs)
[07:03:15]   sub-05 s03e21b: beta saved (223637 vox, 460 TRs)
[07:03:45]   sub-01 s03e22a: beta saved (223637 vox, 463 TRs)
[07:04:03]   sub-02 s03e22a: beta saved (223637 vox, 463 TRs)
[07:04:23]   sub-03 s03e22a: beta saved (223637 vox, 463 TRs)
[07:04:51]   sub-05 s03e22a: beta saved (223637 vox, 463 TRs)
[07:05:19]   sub-01 s03e22b: beta saved (223637 vox, 463 TRs)
[07:05:38]   sub-02 s03e22b: beta saved (223637 vox, 463 TRs)
[07:05:58]   sub-03 s03e22b: beta saved (223637 vox, 463 TRs)
[07:06:26]   sub-05 s03e22b: beta saved (223637 vox, 463 TRs)
[07:06:46]   sub-01 s03e23a: beta saved (223637 vox, 470 TRs)
[07:07:05]   sub-02 s03e23a: beta saved (223637 vox, 470 TRs)
[07:07:25]   sub-03 s03e23a: beta saved (223637 vox, 470 TRs)
[07:07:53]   sub-05 s03e23a: beta saved (223637 vox, 470 TRs)
[07:08:13]   sub-01 s03e23b: beta saved (223637 vox, 470 TRs)
[07:08:32]   sub-02 s03e23b: beta saved (223637 vox, 470 TRs)
[07:08:52]   sub-03 s03e23b: beta saved (223637 vox, 470 TRs)
[07:09:20]   sub-05 s03e23b: beta saved (223637 vox, 470 TRs)
[07:09:39]   sub-01 s03e24a: beta saved (223637 vox, 454 TRs)
[07:09:57]   sub-02 s03e24a: beta saved (223637 vox, 454 TRs)
[07:10:16]   sub-03 s03e24a: beta saved (223637 vox, 454 TRs)
[07:10:43]   sub-05 s03e24a: beta saved (223637 vox, 454 TRs)
[07:11:02]   sub-01 s03e24b: beta saved (223637 vox, 454 TRs)
[07:11:20]   sub-02 s03e24b: beta saved (223637 vox, 454 TRs)
[07:11:39]   sub-03 s03e24b: beta saved (223637 vox, 454 TRs)
[07:12:06]   sub-05 s03e24b: beta saved (223637 vox, 454 TRs)
[07:12:27]   sub-01 s03e25a: beta saved (223637 vox, 479 TRs)
[07:12:46]   sub-02 s03e25a: beta saved (223637 vox, 479 TRs)
[07:13:07]   sub-03 s03e25a: beta saved (223637 vox, 479 TRs)
[07:13:36]   sub-05 s03e25a: beta saved (223637 vox, 479 TRs)
[07:13:59]   sub-01 s03e25b: beta saved (223637 vox, 479 TRs)
[07:14:19]   sub-02 s03e25b: beta saved (223637 vox, 479 TRs)
[07:14:41]   sub-03 s03e25b: beta saved (223637 vox, 479 TRs)
[07:15:12]   sub-05 s03e25b: beta saved (223637 vox, 479 TRs)
[07:15:33]   sub-01 s04e02a: beta saved (223637 vox, 478 TRs)
[07:15:53]   sub-02 s04e02a: beta saved (223637 vox, 478 TRs)
[07:16:14]   sub-03 s04e02a: beta saved (223637 vox, 478 TRs)
[07:16:44]   sub-05 s04e02a: beta saved (223637 vox, 478 TRs)
[07:17:04]   sub-01 s04e02b: beta saved (223637 vox, 478 TRs)
[07:17:24]   sub-02 s04e02b: beta saved (223637 vox, 478 TRs)
[07:17:45]   sub-03 s04e02b: beta saved (223637 vox, 478 TRs)
[07:18:14]   sub-05 s04e02b: beta saved (223637 vox, 478 TRs)
[07:18:33]   sub-01 s04e03a: beta saved (223637 vox, 445 TRs)
[07:18:51]   sub-02 s04e03a: beta saved (223637 vox, 445 TRs)
[07:19:09]   sub-03 s04e03a: beta saved (223637 vox, 445 TRs)
[07:19:36]   sub-05 s04e03a: beta saved (223637 vox, 445 TRs)
[07:19:55]   sub-01 s04e03b: beta saved (223637 vox, 445 TRs)
[07:20:12]   sub-02 s04e03b: beta saved (223637 vox, 445 TRs)
[07:20:31]   sub-03 s04e03b: beta saved (223637 vox, 445 TRs)
[07:20:57]   sub-05 s04e03b: beta saved (223637 vox, 445 TRs)
[07:21:16]   sub-01 s04e04a: beta saved (223637 vox, 453 TRs)
[07:21:34]   sub-02 s04e04a: beta saved (223637 vox, 453 TRs)
[07:21:53]   sub-03 s04e04a: beta saved (223637 vox, 453 TRs)
[07:22:21]   sub-05 s04e04a: beta saved (223637 vox, 453 TRs)
[07:22:40]   sub-01 s04e04b: beta saved (223637 vox, 453 TRs)
[07:22:58]   sub-02 s04e04b: beta saved (223637 vox, 453 TRs)
[07:23:17]   sub-03 s04e04b: beta saved (223637 vox, 453 TRs)
[07:23:44]   sub-05 s04e04b: beta saved (223637 vox, 453 TRs)
[07:24:04]   sub-01 s04e05a: beta saved (223637 vox, 471 TRs)
[07:24:23]   sub-02 s04e05a: beta saved (223637 vox, 471 TRs)
[07:24:43]   sub-03 s04e05a: beta saved (223637 vox, 471 TRs)
[07:25:11]   sub-05 s04e05a: beta saved (223637 vox, 471 TRs)
[07:25:31]   sub-01 s04e05b: beta saved (223637 vox, 471 TRs)
[07:25:50]   sub-02 s04e05b: beta saved (223637 vox, 471 TRs)
[07:26:10]   sub-03 s04e05b: beta saved (223637 vox, 471 TRs)
[07:26:38]   sub-05 s04e05b: beta saved (223637 vox, 471 TRs)
[07:26:58]   sub-01 s04e06a: beta saved (223637 vox, 465 TRs)
[07:27:17]   sub-02 s04e06a: beta saved (223637 vox, 465 TRs)
[07:27:36]   sub-03 s04e06a: beta saved (223637 vox, 465 TRs)
[07:28:04]   sub-05 s04e06a: beta saved (223637 vox, 465 TRs)
[07:28:24]   sub-01 s04e06b: beta saved (223637 vox, 465 TRs)
[07:28:42]   sub-02 s04e06b: beta saved (223637 vox, 465 TRs)
[07:29:01]   sub-03 s04e06b: beta saved (223637 vox, 465 TRs)
[07:29:30]   sub-05 s04e06b: beta saved (223637 vox, 465 TRs)
[07:29:51]   sub-01 s04e07a: beta saved (223637 vox, 497 TRs)
[07:30:11]   sub-02 s04e07a: beta saved (223637 vox, 497 TRs)
[07:30:32]   sub-03 s04e07a: beta saved (223637 vox, 497 TRs)
[07:31:03]   sub-05 s04e07a: beta saved (223637 vox, 497 TRs)
[07:31:24]   sub-01 s04e07b: beta saved (223637 vox, 497 TRs)
[07:31:46]   sub-02 s04e07b: beta saved (223637 vox, 497 TRs)
[07:32:09]   sub-03 s04e07b: beta saved (223637 vox, 497 TRs)
[07:32:44]   sub-05 s04e07b: beta saved (223637 vox, 497 TRs)
[07:33:07]   sub-01 s04e08a: beta saved (223637 vox, 503 TRs)
[07:33:29]   sub-02 s04e08a: beta saved (223637 vox, 503 TRs)
[07:33:51]   sub-03 s04e08a: beta saved (223637 vox, 503 TRs)
[07:34:22]   sub-05 s04e08a: beta saved (223637 vox, 503 TRs)
[07:34:44]   sub-01 s04e08b: beta saved (223637 vox, 503 TRs)
[07:35:04]   sub-02 s04e08b: beta saved (223637 vox, 503 TRs)
[07:35:26]   sub-03 s04e08b: beta saved (223637 vox, 503 TRs)
[07:35:57]   sub-05 s04e08b: beta saved (223637 vox, 503 TRs)
[07:36:16]   sub-01 s04e09a: beta saved (223637 vox, 441 TRs)
[07:36:34]   sub-02 s04e09a: beta saved (223637 vox, 441 TRs)
[07:36:53]   sub-03 s04e09a: beta saved (223637 vox, 441 TRs)
[07:37:21]   sub-05 s04e09a: beta saved (223637 vox, 441 TRs)
[07:37:41]   sub-01 s04e09b: beta saved (223637 vox, 441 TRs)
[07:37:59]   sub-02 s04e09b: beta saved (223637 vox, 441 TRs)
[07:38:18]   sub-03 s04e09b: beta saved (223637 vox, 441 TRs)
[07:38:45]   sub-05 s04e09b: beta saved (223637 vox, 441 TRs)
[07:39:04]   sub-01 s04e10a: beta saved (223637 vox, 449 TRs)
[07:39:22]   sub-02 s04e10a: beta saved (223637 vox, 449 TRs)
[07:39:41]   sub-03 s04e10a: beta saved (223637 vox, 449 TRs)
[07:40:09]   sub-05 s04e10a: beta saved (223637 vox, 449 TRs)
[07:40:29]   sub-01 s04e10b: beta saved (223637 vox, 449 TRs)
[07:40:48]   sub-02 s04e10b: beta saved (223637 vox, 449 TRs)
[07:41:07]   sub-03 s04e10b: beta saved (223637 vox, 449 TRs)
[07:41:37]   sub-05 s04e10b: beta saved (223637 vox, 449 TRs)
[07:41:58]   sub-01 s04e11a: beta saved (223637 vox, 483 TRs)
[07:42:17]   sub-02 s04e11a: beta saved (223637 vox, 483 TRs)
[07:42:38]   sub-03 s04e11a: beta saved (223637 vox, 483 TRs)
[07:43:08]   sub-05 s04e11a: beta saved (223637 vox, 483 TRs)
[07:43:29]   sub-01 s04e11b: beta saved (223637 vox, 483 TRs)
[07:43:49]   sub-02 s04e11b: beta saved (223637 vox, 483 TRs)
[07:44:09]   sub-03 s04e11b: beta saved (223637 vox, 483 TRs)
[07:44:39]   sub-05 s04e11b: beta saved (223637 vox, 483 TRs)
[07:45:09]   sub-01 s04e12a: beta saved (223637 vox, 466 TRs)
[07:45:29]   sub-02 s04e12a: beta saved (223637 vox, 466 TRs)
[07:45:50]   sub-03 s04e12a: beta saved (223637 vox, 466 TRs)
[07:46:19]   sub-05 s04e12a: beta saved (223637 vox, 466 TRs)
[07:46:48]   sub-01 s04e12b: beta saved (223637 vox, 466 TRs)
[07:47:07]   sub-02 s04e12b: beta saved (223637 vox, 466 TRs)
[07:47:27]   sub-03 s04e12b: beta saved (223637 vox, 466 TRs)
[07:47:56]   sub-05 s04e12b: beta saved (223637 vox, 466 TRs)
[07:48:25]   sub-01 s04e14a: beta saved (223637 vox, 447 TRs)
[07:48:44]   sub-02 s04e14a: beta saved (223637 vox, 447 TRs)
[07:49:02]   sub-03 s04e14a: beta saved (223637 vox, 447 TRs)
[07:49:33]   sub-05 s04e14a: beta saved (223637 vox, 447 TRs)
[07:50:05]   sub-01 s04e14b: beta saved (223637 vox, 447 TRs)
[07:50:24]   sub-02 s04e14b: beta saved (223637 vox, 447 TRs)
[07:50:44]   sub-03 s04e14b: beta saved (223637 vox, 447 TRs)
[07:51:12]   sub-05 s04e14b: beta saved (223637 vox, 447 TRs)
[07:51:40]   sub-01 s04e15a: beta saved (223637 vox, 444 TRs)
[07:51:58]   sub-02 s04e15a: beta saved (223637 vox, 444 TRs)
[07:52:17]   sub-03 s04e15a: beta saved (223637 vox, 444 TRs)
[07:52:47]   sub-05 s04e15a: beta saved (223637 vox, 444 TRs)
[07:53:18]   sub-01 s04e15b: beta saved (223637 vox, 444 TRs)
[07:53:40]   sub-02 s04e15b: beta saved (223637 vox, 444 TRs)
[07:54:01]   sub-03 s04e15b: beta saved (223637 vox, 444 TRs)
[07:54:30]   sub-05 s04e15b: beta saved (223637 vox, 444 TRs)
[07:55:02]   sub-01 s04e16a: beta saved (223637 vox, 487 TRs)
[07:55:25]   sub-02 s04e16a: beta saved (223637 vox, 487 TRs)
[07:55:48]   sub-03 s04e16a: beta saved (223637 vox, 487 TRs)
[07:56:19]   sub-05 s04e16a: beta saved (223637 vox, 487 TRs)
[07:56:54]   sub-01 s04e16b: beta saved (223637 vox, 487 TRs)
[07:57:15]   sub-02 s04e16b: beta saved (223637 vox, 487 TRs)
[07:57:38]   sub-03 s04e16b: beta saved (223637 vox, 487 TRs)
[07:58:12]   sub-05 s04e16b: beta saved (223637 vox, 487 TRs)
[07:58:55]   sub-01 s04e17a: beta saved (223637 vox, 478 TRs)
[07:59:16]   sub-02 s04e17a: beta saved (223637 vox, 478 TRs)
[07:59:37]   sub-03 s04e17a: beta saved (223637 vox, 478 TRs)
[08:00:09]   sub-05 s04e17a: beta saved (223637 vox, 478 TRs)
[08:00:43]   sub-01 s04e17b: beta saved (223637 vox, 478 TRs)
[08:01:03]   sub-02 s04e17b: beta saved (223637 vox, 478 TRs)
[08:01:25]   sub-03 s04e17b: beta saved (223637 vox, 478 TRs)
[08:01:55]   sub-05 s04e17b: beta saved (223637 vox, 478 TRs)
[08:02:23]   sub-01 s04e18a: beta saved (223637 vox, 450 TRs)
[08:02:42]   sub-02 s04e18a: beta saved (223637 vox, 450 TRs)
[08:03:02]   sub-03 s04e18a: beta saved (223637 vox, 450 TRs)
[08:03:33]   sub-05 s04e18a: beta saved (223637 vox, 450 TRs)
[08:04:03]   sub-01 s04e18b: beta saved (223637 vox, 450 TRs)
[08:04:21]   sub-02 s04e18b: beta saved (223637 vox, 450 TRs)
[08:04:40]   sub-03 s04e18b: beta saved (223637 vox, 450 TRs)
[08:05:08]   sub-05 s04e18b: beta saved (223637 vox, 450 TRs)
[08:05:38]   sub-01 s04e19a: beta saved (223637 vox, 437 TRs)
[08:05:56]   sub-02 s04e19a: beta saved (223637 vox, 437 TRs)
[08:06:16]   sub-03 s04e19a: beta saved (223637 vox, 437 TRs)
[08:06:44]   sub-05 s04e19a: beta saved (223637 vox, 437 TRs)
[08:07:11]   sub-01 s04e19b: beta saved (223637 vox, 437 TRs)
[08:07:28]   sub-02 s04e19b: beta saved (223637 vox, 437 TRs)
[08:07:47]   sub-03 s04e19b: beta saved (223637 vox, 437 TRs)
[08:08:16]   sub-05 s04e19b: beta saved (223637 vox, 437 TRs)
[08:08:45]   sub-01 s04e20a: beta saved (223637 vox, 447 TRs)
[08:09:03]   sub-02 s04e20a: beta saved (223637 vox, 447 TRs)
[08:09:23]   sub-03 s04e20a: beta saved (223637 vox, 447 TRs)
[08:09:52]   sub-05 s04e20a: beta saved (223637 vox, 447 TRs)
[08:10:21]   sub-01 s04e20b: beta saved (223637 vox, 447 TRs)
[08:10:40]   sub-02 s04e20b: beta saved (223637 vox, 447 TRs)
[08:11:01]   sub-03 s04e20b: beta saved (223637 vox, 447 TRs)
[08:11:30]   sub-05 s04e20b: beta saved (223637 vox, 447 TRs)
[08:11:58]   sub-01 s04e21a: beta saved (223637 vox, 448 TRs)
[08:12:17]   sub-02 s04e21a: beta saved (223637 vox, 448 TRs)
[08:12:36]   sub-03 s04e21a: beta saved (223637 vox, 448 TRs)
[08:13:03]   sub-05 s04e21a: beta saved (223637 vox, 448 TRs)
[08:13:31]   sub-01 s04e21b: beta saved (223637 vox, 448 TRs)
[08:13:49]   sub-02 s04e21b: beta saved (223637 vox, 448 TRs)
[08:14:08]   sub-03 s04e21b: beta saved (223637 vox, 448 TRs)
[08:14:36]   sub-05 s04e21b: beta saved (223637 vox, 448 TRs)
[08:15:03]   sub-01 s04e22a: beta saved (223637 vox, 459 TRs)
[08:15:23]   sub-02 s04e22a: beta saved (223637 vox, 459 TRs)
[08:15:44]   sub-03 s04e22a: beta saved (223637 vox, 459 TRs)
[08:16:15]   sub-05 s04e22a: beta saved (223637 vox, 459 TRs)
[08:16:44]   sub-01 s04e22b: beta saved (223637 vox, 459 TRs)
[08:17:02]   sub-02 s04e22b: beta saved (223637 vox, 459 TRs)
[08:17:22]   sub-03 s04e22b: beta saved (223637 vox, 459 TRs)
[08:17:53]   sub-05 s04e22b: beta saved (223637 vox, 459 TRs)
[08:18:26]   sub-01 s04e23a: beta saved (223637 vox, 505 TRs)
[08:18:48]   sub-02 s04e23a: beta saved (223637 vox, 505 TRs)
[08:19:12]   sub-03 s04e23a: beta saved (223637 vox, 505 TRs)
[08:19:44]   sub-05 s04e23a: beta saved (223637 vox, 505 TRs)
[08:20:15]   sub-01 s04e23b: beta saved (223637 vox, 504 TRs)
[08:20:36]   sub-02 s04e23b: beta saved (223637 vox, 504 TRs)
[08:20:58]   sub-03 s04e23b: beta saved (223637 vox, 504 TRs)
[08:21:30]   sub-05 s04e23b: beta saved (223637 vox, 504 TRs)
[08:22:04]   sub-01 s04e23c: beta saved (223637 vox, 504 TRs)
[08:22:25]   sub-02 s04e23c: beta saved (223637 vox, 504 TRs)
[08:22:47]   sub-03 s04e23c: beta saved (223637 vox, 504 TRs)
[08:23:21]   sub-05 s04e23c: beta saved (223637 vox, 504 TRs)
[08:23:54]   sub-01 s04e23d: beta saved (223637 vox, 504 TRs)
[08:24:16]   sub-02 s04e23d: beta saved (223637 vox, 504 TRs)
[08:24:40]   sub-03 s04e23d: beta saved (223637 vox, 504 TRs)
[08:25:12]   sub-05 s04e23d: beta saved (223637 vox, 504 TRs)
[08:25:40]   sub-01 s05e01a: beta saved (223637 vox, 439 TRs)
[08:25:58]   sub-02 s05e01a: beta saved (223637 vox, 439 TRs)
[08:26:25]   sub-03 s05e01a: beta saved (223637 vox, 439 TRs)
[08:26:53]   sub-05 s05e01a: beta saved (223637 vox, 439 TRs)
[08:27:23]   sub-01 s05e01b: beta saved (223637 vox, 474 TRs)
[08:27:42]   sub-02 s05e01b: beta saved (223637 vox, 474 TRs)
[08:28:12]   sub-03 s05e01b: beta saved (223637 vox, 474 TRs)
[08:28:41]   sub-05 s05e01b: beta saved (223637 vox, 474 TRs)
[08:29:13]   sub-01 s05e02a: beta saved (223637 vox, 495 TRs)
[08:29:33]   sub-02 s05e02a: beta saved (223637 vox, 495 TRs)
[08:30:03]   sub-03 s05e02a: beta saved (223637 vox, 495 TRs)
[08:30:33]   sub-05 s05e02a: beta saved (223637 vox, 495 TRs)
[08:31:07]   sub-01 s05e02b: beta saved (223637 vox, 531 TRs)
[08:31:28]   sub-02 s05e02b: beta saved (223637 vox, 531 TRs)
[08:32:02]   sub-03 s05e02b: beta saved (223637 vox, 531 TRs)
[08:32:35]   sub-05 s05e02b: beta saved (223637 vox, 531 TRs)
[08:33:02]   sub-01 s05e03a: beta saved (223637 vox, 444 TRs)
[08:33:20]   sub-02 s05e03a: beta saved (223637 vox, 444 TRs)
[08:33:39]   sub-03 s05e03a: beta saved (223637 vox, 444 TRs)
[08:34:05]   sub-05 s05e03a: beta saved (223637 vox, 444 TRs)
[08:34:33]   sub-01 s05e03b: beta saved (223637 vox, 474 TRs)
[08:34:52]   sub-02 s05e03b: beta saved (223637 vox, 474 TRs)
[08:35:12]   sub-03 s05e03b: beta saved (223637 vox, 474 TRs)
[08:35:41]   sub-05 s05e03b: beta saved (223637 vox, 474 TRs)
[08:36:11]   sub-01 s05e04a: beta saved (223637 vox, 488 TRs)
[08:36:31]   sub-02 s05e04a: beta saved (223637 vox, 488 TRs)
[08:36:53]   sub-03 s05e04a: beta saved (223637 vox, 488 TRs)
[08:37:25]   sub-05 s05e04a: beta saved (223637 vox, 488 TRs)
[08:38:01]   sub-01 s05e04b: beta saved (223637 vox, 524 TRs)
[08:38:24]   sub-02 s05e04b: beta saved (223637 vox, 524 TRs)
[08:38:48]   sub-03 s05e04b: beta saved (223637 vox, 524 TRs)
[08:39:21]   sub-05 s05e04b: beta saved (223637 vox, 524 TRs)
[08:39:52]   sub-01 s05e05a: beta saved (223637 vox, 486 TRs)
[08:40:11]   sub-02 s05e05a: beta saved (223637 vox, 486 TRs)
[08:40:32]   sub-03 s05e05a: beta saved (223637 vox, 486 TRs)
[08:41:01]   sub-05 s05e05a: beta saved (223637 vox, 486 TRs)
[08:41:34]   sub-01 s05e05b: beta saved (223637 vox, 521 TRs)
[08:41:56]   sub-02 s05e05b: beta saved (223637 vox, 521 TRs)
[08:42:19]   sub-03 s05e05b: beta saved (223637 vox, 521 TRs)
[08:42:52]   sub-05 s05e05b: beta saved (223637 vox, 521 TRs)
[08:43:20]   sub-01 s05e06a: beta saved (223637 vox, 459 TRs)
[08:43:39]   sub-02 s05e06a: beta saved (223637 vox, 459 TRs)
[08:44:00]   sub-03 s05e06a: beta saved (223637 vox, 459 TRs)
[08:44:32]   sub-05 s05e06a: beta saved (223637 vox, 459 TRs)
[08:45:03]   sub-01 s05e06b: beta saved (223637 vox, 493 TRs)
[08:45:23]   sub-02 s05e06b: beta saved (223637 vox, 493 TRs)
[08:45:44]   sub-03 s05e06b: beta saved (223637 vox, 493 TRs)
[08:46:16]   sub-05 s05e06b: beta saved (223637 vox, 493 TRs)
[08:46:44]   sub-01 s05e07a: beta saved (223637 vox, 459 TRs)
[08:47:10]   sub-02 s05e07a: beta saved (223637 vox, 459 TRs)
[08:47:29]   sub-03 s05e07a: beta saved (223637 vox, 459 TRs)
[08:47:56]   sub-05 s05e07a: beta saved (223637 vox, 459 TRs)
[08:48:27]   sub-01 s05e07b: beta saved (223637 vox, 493 TRs)
[08:48:56]   sub-02 s05e07b: beta saved (223637 vox, 493 TRs)
[08:49:17]   sub-03 s05e07b: beta saved (223637 vox, 493 TRs)
[08:49:47]   sub-05 s05e07b: beta saved (223637 vox, 493 TRs)
[08:50:16]   sub-01 s05e08a: beta saved (223637 vox, 446 TRs)
[08:50:42]   sub-02 s05e08a: beta saved (223637 vox, 446 TRs)
[08:51:01]   sub-03 s05e08a: beta saved (223637 vox, 446 TRs)
[08:51:27]   sub-05 s05e08a: beta saved (223637 vox, 446 TRs)
[08:51:58]   sub-01 s05e08b: beta saved (223637 vox, 480 TRs)
[08:52:26]   sub-02 s05e08b: beta saved (223637 vox, 480 TRs)
[08:52:46]   sub-03 s05e08b: beta saved (223637 vox, 480 TRs)
[08:53:15]   sub-05 s05e08b: beta saved (223637 vox, 480 TRs)
[08:53:42]   sub-01 s05e09a: beta saved (223637 vox, 456 TRs)
[08:54:07]   sub-02 s05e09a: no confounds — skip
[08:54:26]   sub-03 s05e09a: beta saved (223637 vox, 456 TRs)
[08:54:54]   sub-05 s05e09a: beta saved (223637 vox, 456 TRs)
[08:55:25]   sub-01 s05e09b: beta saved (223637 vox, 490 TRs)
[08:55:54]   sub-02 s05e09b: beta saved (223637 vox, 490 TRs)
[08:56:15]   sub-03 s05e09b: beta saved (223637 vox, 490 TRs)
[08:56:45]   sub-05 s05e09b: beta saved (223637 vox, 490 TRs)
[08:57:12]   sub-01 s05e10a: beta saved (223637 vox, 450 TRs)
[08:57:37]   sub-02 s05e10a: beta saved (223637 vox, 450 TRs)
[08:57:56]   sub-03 s05e10a: beta saved (223637 vox, 450 TRs)
[08:58:23]   sub-05 s05e10a: beta saved (223637 vox, 450 TRs)
[08:58:53]   sub-01 s05e10b: beta saved (223637 vox, 484 TRs)
[08:59:23]   sub-02 s05e10b: beta saved (223637 vox, 484 TRs)
[08:59:44]   sub-03 s05e10b: beta saved (223637 vox, 484 TRs)
[09:00:14]   sub-05 s05e10b: beta saved (223637 vox, 484 TRs)
[09:00:43]   sub-01 s05e11a: beta saved (223637 vox, 476 TRs)
[09:01:11]   sub-02 s05e11a: beta saved (223637 vox, 476 TRs)
[09:01:42]   sub-03 s05e11a: beta saved (223637 vox, 476 TRs)
[09:02:12]   sub-05 s05e11a: beta saved (223637 vox, 476 TRs)
[09:02:45]   sub-01 s05e11b: beta saved (223637 vox, 511 TRs)
[09:03:16]   sub-02 s05e11b: beta saved (223637 vox, 511 TRs)
[09:03:50]   sub-03 s05e11b: beta saved (223637 vox, 511 TRs)
[09:04:23]   sub-05 s05e11b: beta saved (223637 vox, 511 TRs)
[09:04:55]   sub-01 s05e12a: beta saved (223637 vox, 445 TRs)
[09:05:22]   sub-02 s05e12a: beta saved (223637 vox, 445 TRs)
[09:05:49]   sub-03 s05e12a: beta saved (223637 vox, 445 TRs)
[09:06:16]   sub-05 s05e12a: beta saved (223637 vox, 445 TRs)
[09:06:46]   sub-01 s05e12b: beta saved (223637 vox, 480 TRs)
[09:07:14]   sub-02 s05e12b: beta saved (223637 vox, 480 TRs)
[09:07:43]   sub-03 s05e12b: beta saved (223637 vox, 480 TRs)
[09:08:13]   sub-05 s05e12b: beta saved (223637 vox, 480 TRs)
[09:08:41]   sub-01 s05e13a: beta saved (223637 vox, 460 TRs)
[09:09:07]   sub-02 s05e13a: beta saved (223637 vox, 460 TRs)
[09:09:35]   sub-03 s05e13a: beta saved (223637 vox, 460 TRs)
[09:10:03]   sub-05 s05e13a: beta saved (223637 vox, 460 TRs)
[09:10:33]   sub-01 s05e13b: beta saved (223637 vox, 494 TRs)
[09:11:02]   sub-02 s05e13b: beta saved (223637 vox, 494 TRs)
[09:11:33]   sub-03 s05e13b: beta saved (223637 vox, 494 TRs)
[09:12:02]   sub-05 s05e13b: beta saved (223637 vox, 494 TRs)
[09:12:32]   sub-01 s05e14a: beta saved (223637 vox, 486 TRs)
[09:13:00]   sub-02 s05e14a: beta saved (223637 vox, 486 TRs)
[09:13:30]   sub-03 s05e14a: beta saved (223637 vox, 486 TRs)
[09:13:59]   sub-05 s05e14a: beta saved (223637 vox, 486 TRs)
[09:14:32]   sub-01 s05e14b: beta saved (223637 vox, 520 TRs)
[09:15:02]   sub-02 s05e14b: beta saved (223637 vox, 520 TRs)
[09:15:35]   sub-03 s05e14b: beta saved (223637 vox, 520 TRs)
[09:16:07]   sub-05 s05e14b: beta saved (223637 vox, 520 TRs)
[09:16:34]   sub-01 s05e15a: beta saved (223637 vox, 443 TRs)
[09:16:59]   sub-02 s05e15a: beta saved (223637 vox, 443 TRs)
[09:17:26]   sub-03 s05e15a: beta saved (223637 vox, 443 TRs)
[09:17:52]   sub-05 s05e15a: beta saved (223637 vox, 443 TRs)
[09:18:21]   sub-01 s05e15b: beta saved (223637 vox, 477 TRs)
[09:18:49]   sub-02 s05e15b: beta saved (223637 vox, 477 TRs)
[09:19:18]   sub-03 s05e15b: beta saved (223637 vox, 477 TRs)
[09:19:48]   sub-05 s05e15b: beta saved (223637 vox, 477 TRs)
[09:20:18]   sub-01 s05e16a: beta saved (223637 vox, 485 TRs)
[09:20:47]   sub-02 s05e16a: beta saved (223637 vox, 485 TRs)
[09:21:16]   sub-03 s05e16a: beta saved (223637 vox, 485 TRs)
[09:21:46]   sub-05 s05e16a: beta saved (223637 vox, 485 TRs)
[09:22:19]   sub-01 s05e16b: beta saved (223637 vox, 519 TRs)
[09:22:49]   sub-02 s05e16b: beta saved (223637 vox, 519 TRs)
[09:23:22]   sub-03 s05e16b: beta saved (223637 vox, 519 TRs)
[09:23:54]   sub-05 s05e16b: beta saved (223637 vox, 519 TRs)
[09:24:21]   sub-01 s05e17a: beta saved (223637 vox, 452 TRs)
[09:24:46]   sub-02 s05e17a: beta saved (223637 vox, 452 TRs)
[09:25:14]   sub-03 s05e17a: beta saved (223637 vox, 452 TRs)
[09:25:41]   sub-05 s05e17a: beta saved (223637 vox, 452 TRs)
[09:26:10]   sub-01 s05e17b: beta saved (223637 vox, 486 TRs)
[09:26:40]   sub-02 s05e17b: beta saved (223637 vox, 486 TRs)
[09:27:09]   sub-03 s05e17b: beta saved (223637 vox, 486 TRs)
[09:27:39]   sub-05 s05e17b: beta saved (223637 vox, 486 TRs)
[09:28:11]   sub-01 s05e18a: beta saved (223637 vox, 501 TRs)
[09:28:40]   sub-02 s05e18a: beta saved (223637 vox, 501 TRs)
[09:29:11]   sub-03 s05e18a: beta saved (223637 vox, 501 TRs)
[09:29:42]   sub-05 s05e18a: beta saved (223637 vox, 501 TRs)
[09:30:15]   sub-01 s05e18b: beta saved (223637 vox, 535 TRs)
[09:30:47]   sub-02 s05e18b: beta saved (223637 vox, 535 TRs)
[09:31:20]   sub-03 s05e18b: beta saved (223637 vox, 535 TRs)
[09:31:53]   sub-05 s05e18b: beta saved (223637 vox, 535 TRs)
[09:32:20]   sub-01 s05e19a: beta saved (223637 vox, 446 TRs)
[09:32:45]   sub-02 s05e19a: beta saved (223637 vox, 446 TRs)
[09:33:13]   sub-03 s05e19a: beta saved (223637 vox, 446 TRs)
[09:33:40]   sub-05 s05e19a: beta saved (223637 vox, 446 TRs)
[09:34:10]   sub-01 s05e19b: beta saved (223637 vox, 480 TRs)
[09:34:38]   sub-02 s05e19b: beta saved (223637 vox, 480 TRs)
[09:35:06]   sub-03 s05e19b: beta saved (223637 vox, 480 TRs)
[09:35:35]   sub-05 s05e19b: beta saved (223637 vox, 480 TRs)
[09:36:02]   sub-01 s05e21a: beta saved (223637 vox, 444 TRs)
[09:36:27]   sub-02 s05e21a: beta saved (223637 vox, 444 TRs)
[09:36:56]   sub-03 s05e21a: beta saved (223637 vox, 444 TRs)
[09:37:23]   sub-05 s05e21a: beta saved (223637 vox, 444 TRs)
[09:37:53]   sub-01 s05e21b: beta saved (223637 vox, 478 TRs)
[09:38:21]   sub-02 s05e21b: beta saved (223637 vox, 478 TRs)
[09:38:51]   sub-03 s05e21b: beta saved (223637 vox, 478 TRs)
[09:39:19]   sub-05 s05e21b: beta saved (223637 vox, 478 TRs)
[09:39:46]   sub-01 s05e22a: beta saved (223637 vox, 450 TRs)
[09:40:11]   sub-02 s05e22a: beta saved (223637 vox, 450 TRs)
[09:40:38]   sub-03 s05e22a: beta saved (223637 vox, 450 TRs)
[09:41:05]   sub-05 s05e22a: beta saved (223637 vox, 450 TRs)
[09:41:35]   sub-01 s05e22b: beta saved (223637 vox, 484 TRs)
[09:42:03]   sub-02 s05e22b: beta saved (223637 vox, 484 TRs)
[09:42:33]   sub-03 s05e22b: beta saved (223637 vox, 484 TRs)
[09:43:02]   sub-05 s05e22b: beta saved (223637 vox, 484 TRs)
[09:43:29]   sub-01 s05e23a: beta saved (223637 vox, 454 TRs)
[09:43:56]   sub-02 s05e23a: beta saved (223637 vox, 454 TRs)
[09:44:23]   sub-03 s05e23a: beta saved (223637 vox, 454 TRs)
[09:44:50]   sub-05 s05e23a: beta saved (223637 vox, 454 TRs)
[09:45:18]   sub-01 s05e23b: beta saved (223637 vox, 458 TRs)
[09:45:45]   sub-02 s05e23b: beta saved (223637 vox, 458 TRs)
[09:46:13]   sub-03 s05e23b: beta saved (223637 vox, 458 TRs)
[09:46:41]   sub-05 s05e23b: beta saved (223637 vox, 458 TRs)
[09:47:09]   sub-01 s05e23c: beta saved (223637 vox, 458 TRs)
[09:47:36]   sub-02 s05e23c: beta saved (223637 vox, 458 TRs)
[09:48:04]   sub-03 s05e23c: beta saved (223637 vox, 458 TRs)
[09:48:31]   sub-05 s05e23c: beta saved (223637 vox, 458 TRs)
[09:49:02]   sub-01 s05e23d: beta saved (223637 vox, 488 TRs)
[09:49:30]   sub-02 s05e23d: beta saved (223637 vox, 488 TRs)
[09:50:00]   sub-03 s05e23d: beta saved (223637 vox, 488 TRs)
[09:50:30]   sub-05 s05e23d: beta saved (223637 vox, 488 TRs)
[09:50:58]   sub-01 s06e01a: beta saved (223637 vox, 465 TRs)
[09:51:25]   sub-02 s06e01a: beta saved (223637 vox, 465 TRs)
[09:51:53]   sub-03 s06e01a: no confounds — skip
[09:52:20]   sub-05 s06e01a: beta saved (223637 vox, 465 TRs)
[09:52:51]   sub-01 s06e01b: beta saved (223637 vox, 499 TRs)
[09:53:20]   sub-02 s06e01b: beta saved (223637 vox, 499 TRs)
[09:53:52]   sub-03 s06e01b: beta saved (223637 vox, 499 TRs)
[09:54:22]   sub-05 s06e01b: beta saved (223637 vox, 499 TRs)
[09:54:50]   sub-01 s06e02a: beta saved (223637 vox, 453 TRs)
[09:55:15]   sub-02 s06e02a: beta saved (223637 vox, 453 TRs)
[09:55:43]   sub-03 s06e02a: beta saved (223637 vox, 453 TRs)
[09:56:10]   sub-05 s06e02a: beta saved (223637 vox, 453 TRs)
[09:56:40]   sub-01 s06e02b: beta saved (223637 vox, 487 TRs)
[09:57:09]   sub-02 s06e02b: beta saved (223637 vox, 487 TRs)
[09:57:39]   sub-03 s06e02b: beta saved (223637 vox, 487 TRs)
[09:58:09]   sub-05 s06e02b: beta saved (223637 vox, 487 TRs)
[09:58:36]   sub-01 s06e04a: beta saved (223637 vox, 439 TRs)
[09:59:01]   sub-02 s06e04a: beta saved (223637 vox, 439 TRs)
[09:59:27]   sub-03 s06e04a: beta saved (223637 vox, 439 TRs)
[09:59:53]   sub-05 s06e04a: beta saved (223637 vox, 439 TRs)
[10:00:23]   sub-01 s06e04b: beta saved (223637 vox, 474 TRs)
[10:00:52]   sub-02 s06e04b: beta saved (223637 vox, 474 TRs)
[10:01:21]   sub-03 s06e04b: beta saved (223637 vox, 474 TRs)
[10:01:50]   sub-05 s06e04b: beta saved (223637 vox, 474 TRs)
[10:02:18]   sub-01 s06e05a: beta saved (223637 vox, 452 TRs)
[10:02:44]   sub-02 s06e05a: beta saved (223637 vox, 452 TRs)
[10:03:11]   sub-03 s06e05a: beta saved (223637 vox, 452 TRs)
[10:03:39]   sub-05 s06e05a: beta saved (223637 vox, 452 TRs)
[10:04:10]   sub-01 s06e05b: beta saved (223637 vox, 486 TRs)
[10:04:39]   sub-02 s06e05b: beta saved (223637 vox, 486 TRs)
[10:05:10]   sub-03 s06e05b: beta saved (223637 vox, 486 TRs)
[10:05:40]   sub-05 s06e05b: beta saved (223637 vox, 486 TRs)
[10:06:07]   sub-01 s06e06a: beta saved (223637 vox, 443 TRs)
[10:06:33]   sub-02 s06e06a: beta saved (223637 vox, 443 TRs)
[10:06:59]   sub-03 s06e06a: beta saved (223637 vox, 443 TRs)
[10:07:26]   sub-05 s06e06a: beta saved (223637 vox, 443 TRs)
[10:07:55]   sub-01 s06e06b: beta saved (223637 vox, 478 TRs)
[10:08:24]   sub-02 s06e06b: beta saved (223637 vox, 478 TRs)
[10:08:52]   sub-03 s06e06b: beta saved (223637 vox, 478 TRs)
[10:09:21]   sub-05 s06e06b: beta saved (223637 vox, 478 TRs)
[10:09:48]   sub-01 s06e07a: beta saved (223637 vox, 445 TRs)
[10:10:14]   sub-02 s06e07a: beta saved (223637 vox, 445 TRs)
[10:10:40]   sub-03 s06e07a: beta saved (223637 vox, 445 TRs)
[10:11:07]   sub-05 s06e07a: beta saved (223637 vox, 445 TRs)
[10:11:36]   sub-01 s06e07b: beta saved (223637 vox, 479 TRs)
[10:12:04]   sub-02 s06e07b: beta saved (223637 vox, 479 TRs)
[10:12:33]   sub-03 s06e07b: beta saved (223637 vox, 479 TRs)
[10:13:03]   sub-05 s06e07b: beta saved (223637 vox, 479 TRs)
[10:13:30]   sub-01 s06e08a: beta saved (223637 vox, 438 TRs)
[10:13:56]   sub-02 s06e08a: beta saved (223637 vox, 438 TRs)
[10:14:22]   sub-03 s06e08a: beta saved (223637 vox, 438 TRs)
[10:14:48]   sub-05 s06e08a: beta saved (223637 vox, 438 TRs)
[10:15:16]   sub-01 s06e08b: beta saved (223637 vox, 472 TRs)
[10:15:43]   sub-02 s06e08b: beta saved (223637 vox, 472 TRs)
[10:16:11]   sub-03 s06e08b: beta saved (223637 vox, 472 TRs)
[10:16:40]   sub-05 s06e08b: beta saved (223637 vox, 472 TRs)
[10:17:11]   sub-01 s06e09a: beta saved (223637 vox, 504 TRs)
[10:17:42]   sub-02 s06e09a: beta saved (223637 vox, 504 TRs)
[10:18:13]   sub-03 s06e09a: beta saved (223637 vox, 504 TRs)
[10:18:44]   sub-05 s06e09a: beta saved (223637 vox, 504 TRs)
[10:19:18]   sub-01 s06e09b: beta saved (223637 vox, 537 TRs)
[10:19:49]   sub-02 s06e09b: beta saved (223637 vox, 537 TRs)
[10:20:23]   sub-03 s06e09b: beta saved (223637 vox, 537 TRs)
[10:20:56]   sub-05 s06e09b: beta saved (223637 vox, 537 TRs)
[10:21:25]   sub-01 s06e10a: beta saved (223637 vox, 466 TRs)
[10:21:52]   sub-02 s06e10a: beta saved (223637 vox, 466 TRs)
[10:22:22]   sub-03 s06e10a: beta saved (223637 vox, 466 TRs)
[10:22:50]   sub-05 s06e10a: beta saved (223637 vox, 466 TRs)
[10:23:20]   sub-01 s06e10b: beta saved (223637 vox, 500 TRs)
[10:23:50]   sub-02 s06e10b: beta saved (223637 vox, 500 TRs)
[10:24:21]   sub-03 s06e10b: beta saved (223637 vox, 500 TRs)
[10:24:51]   sub-05 s06e10b: beta saved (223637 vox, 500 TRs)
[10:25:18]   sub-01 s06e11a: beta saved (223637 vox, 450 TRs)
[10:25:44]   sub-02 s06e11a: beta saved (223637 vox, 450 TRs)
[10:26:11]   sub-03 s06e11a: beta saved (223637 vox, 450 TRs)
[10:26:38]   sub-05 s06e11a: beta saved (223637 vox, 450 TRs)
[10:27:07]   sub-01 s06e11b: beta saved (223637 vox, 484 TRs)
[10:27:36]   sub-02 s06e11b: beta saved (223637 vox, 484 TRs)
[10:28:06]   sub-03 s06e11b: beta saved (223637 vox, 484 TRs)
[10:28:36]   sub-05 s06e11b: beta saved (223637 vox, 484 TRs)
[10:29:03]   sub-01 s06e12a: beta saved (223637 vox, 435 TRs)
[10:29:28]   sub-02 s06e12a: beta saved (223637 vox, 435 TRs)
[10:29:54]   sub-03 s06e12a: beta saved (223637 vox, 435 TRs)
[10:30:21]   sub-05 s06e12a: beta saved (223637 vox, 435 TRs)
[10:30:50]   sub-01 s06e12b: beta saved (223637 vox, 470 TRs)
[10:31:17]   sub-02 s06e12b: beta saved (223637 vox, 470 TRs)
[10:31:45]   sub-03 s06e12b: beta saved (223637 vox, 470 TRs)
[10:32:14]   sub-05 s06e12b: beta saved (223637 vox, 470 TRs)
[10:32:43]   sub-01 s06e13a: beta saved (223637 vox, 470 TRs)
[10:33:11]   sub-02 s06e13a: beta saved (223637 vox, 470 TRs)
[10:33:40]   sub-03 s06e13a: beta saved (223637 vox, 470 TRs)
[10:34:10]   sub-05 s06e13a: beta saved (223637 vox, 470 TRs)
[10:34:42]   sub-01 s06e13b: beta saved (223637 vox, 504 TRs)
[10:35:12]   sub-02 s06e13b: beta saved (223637 vox, 504 TRs)
[10:35:44]   sub-03 s06e13b: beta saved (223637 vox, 504 TRs)
[10:36:15]   sub-05 s06e13b: beta saved (223637 vox, 504 TRs)
[10:36:43]   sub-01 s06e14a: beta saved (223637 vox, 461 TRs)
[10:37:10]   sub-02 s06e14a: beta saved (223637 vox, 461 TRs)
[10:37:38]   sub-03 s06e14a: beta saved (223637 vox, 461 TRs)
[10:38:07]   sub-05 s06e14a: beta saved (223637 vox, 461 TRs)
[10:38:38]   sub-01 s06e14b: beta saved (223637 vox, 495 TRs)
[10:39:08]   sub-03 s06e14b: beta saved (223637 vox, 495 TRs)
[10:39:39]   sub-05 s06e14b: beta saved (223637 vox, 495 TRs)
[10:40:07]   sub-01 s06e15a: beta saved (223637 vox, 456 TRs)
[10:40:33]   sub-02 s06e15a: beta saved (223637 vox, 456 TRs)
[10:41:01]   sub-03 s06e15a: beta saved (223637 vox, 456 TRs)
[10:41:28]   sub-05 s06e15a: beta saved (223637 vox, 456 TRs)
[10:41:57]   sub-01 s06e15b: beta saved (223637 vox, 460 TRs)
[10:42:24]   sub-02 s06e15b: beta saved (223637 vox, 460 TRs)
[10:42:51]   sub-03 s06e15b: beta saved (223637 vox, 460 TRs)
[10:43:19]   sub-05 s06e15b: beta saved (223637 vox, 460 TRs)
[10:43:48]   sub-01 s06e15c: beta saved (223637 vox, 460 TRs)
[10:44:16]   sub-02 s06e15c: beta saved (223637 vox, 460 TRs)
[10:44:43]   sub-03 s06e15c: beta saved (223637 vox, 460 TRs)
[10:45:12]   sub-05 s06e15c: beta saved (223637 vox, 460 TRs)
[10:45:43]   sub-01 s06e15d: beta saved (223637 vox, 490 TRs)
[10:46:12]   sub-02 s06e15d: beta saved (223637 vox, 490 TRs)
[10:46:42]   sub-03 s06e15d: beta saved (223637 vox, 490 TRs)
[10:47:12]   sub-05 s06e15d: beta saved (223637 vox, 490 TRs)
[10:47:38]   sub-01 s06e17a: beta saved (223637 vox, 428 TRs)
[10:48:02]   sub-02 s06e17a: beta saved (223637 vox, 428 TRs)
[10:48:27]   sub-03 s06e17a: beta saved (223637 vox, 428 TRs)
[10:48:53]   sub-05 s06e17a: beta saved (223637 vox, 428 TRs)
[10:49:21]   sub-01 s06e17b: beta saved (223637 vox, 462 TRs)
[10:49:48]   sub-02 s06e17b: beta saved (223637 vox, 462 TRs)
[10:50:15]   sub-03 s06e17b: beta saved (223637 vox, 462 TRs)
[10:50:43]   sub-05 s06e17b: beta saved (223637 vox, 462 TRs)
[10:51:09]   sub-01 s06e18a: beta saved (223637 vox, 435 TRs)
[10:51:34]   sub-02 s06e18a: beta saved (223637 vox, 435 TRs)
[10:52:00]   sub-03 s06e18a: beta saved (223637 vox, 435 TRs)
[10:52:26]   sub-05 s06e18a: beta saved (223637 vox, 435 TRs)
[10:52:54]   sub-01 s06e18b: beta saved (223637 vox, 470 TRs)
[10:53:21]   sub-02 s06e18b: beta saved (223637 vox, 470 TRs)
[10:53:50]   sub-03 s06e18b: beta saved (223637 vox, 470 TRs)
[10:54:20]   sub-05 s06e18b: beta saved (223637 vox, 470 TRs)
[10:54:47]   sub-01 s06e19a: beta saved (223637 vox, 434 TRs)
[10:55:12]   sub-02 s06e19a: beta saved (223637 vox, 434 TRs)
[10:55:37]   sub-03 s06e19a: beta saved (223637 vox, 434 TRs)
[10:56:03]   sub-05 s06e19a: beta saved (223637 vox, 434 TRs)
[10:56:33]   sub-01 s06e19b: beta saved (223637 vox, 468 TRs)
[10:57:01]   sub-02 s06e19b: beta saved (223637 vox, 468 TRs)
[10:57:30]   sub-03 s06e19b: beta saved (223637 vox, 468 TRs)
[10:57:58]   sub-05 s06e19b: beta saved (223637 vox, 468 TRs)
[10:58:24]   sub-01 s06e20a: beta saved (223637 vox, 431 TRs)
[10:58:49]   sub-02 s06e20a: beta saved (223637 vox, 431 TRs)
[10:59:15]   sub-03 s06e20a: beta saved (223637 vox, 431 TRs)
[10:59:40]   sub-05 s06e20a: beta saved (223637 vox, 431 TRs)
[11:00:09]   sub-01 s06e20b: beta saved (223637 vox, 465 TRs)
[11:00:35]   sub-02 s06e20b: beta saved (223637 vox, 465 TRs)
[11:01:03]   sub-03 s06e20b: beta saved (223637 vox, 465 TRs)
[11:01:32]   sub-05 s06e20b: beta saved (223637 vox, 465 TRs)
[11:02:00]   sub-01 s06e21a: beta saved (223637 vox, 460 TRs)
[11:02:27]   sub-02 s06e21a: beta saved (223637 vox, 460 TRs)
[11:02:56]   sub-03 s06e21a: beta saved (223637 vox, 460 TRs)
[11:03:24]   sub-05 s06e21a: beta saved (223637 vox, 460 TRs)
[11:03:55]   sub-01 s06e21b: beta saved (223637 vox, 494 TRs)
[11:04:24]   sub-02 s06e21b: beta saved (223637 vox, 494 TRs)
[11:04:54]   sub-03 s06e21b: beta saved (223637 vox, 494 TRs)
[11:05:25]   sub-05 s06e21b: beta saved (223637 vox, 494 TRs)
[11:05:53]   sub-01 s06e22a: beta saved (223637 vox, 452 TRs)
[11:06:20]   sub-02 s06e22a: beta saved (223637 vox, 452 TRs)
[11:06:47]   sub-03 s06e22a: beta saved (223637 vox, 452 TRs)
[11:07:14]   sub-05 s06e22a: beta saved (223637 vox, 452 TRs)
[11:07:43]   sub-01 s06e22b: beta saved (223637 vox, 486 TRs)
[11:08:12]   sub-02 s06e22b: beta saved (223637 vox, 486 TRs)
[11:08:42]   sub-03 s06e22b: beta saved (223637 vox, 486 TRs)
[11:09:11]   sub-05 s06e22b: beta saved (223637 vox, 486 TRs)
[11:09:41]   sub-01 s06e23a: beta saved (223637 vox, 486 TRs)
[11:10:09]   sub-02 s06e23a: beta saved (223637 vox, 486 TRs)
[11:10:38]   sub-03 s06e23a: beta saved (223637 vox, 486 TRs)
[11:11:08]   sub-05 s06e23a: beta saved (223637 vox, 486 TRs)
[11:11:42]   sub-01 s06e23b: beta saved (223637 vox, 520 TRs)
[11:12:13]   sub-02 s06e23b: beta saved (223637 vox, 520 TRs)
[11:12:45]   sub-03 s06e23b: beta saved (223637 vox, 520 TRs)
[11:13:17]   sub-05 s06e23b: beta saved (223637 vox, 520 TRs)
[11:13:17] First-level [motion] complete. betas on disk: 1109
[14:00:40] === voxelwise GLM [motion] start ===
[14:08:57] === voxelwise GLM [motion] start ===
[14:09:00] Second-level [motion]: 278 episodes × 223637 voxels
[14:09:01] Saved group_tmap_motion.nii.gz + fig_glm_contrast_voxelwise_motion.png (|t|>3: 133245)
[14:09:01] === done [motion] ===
